"Date","AAPL","MSFT","NVDA","JPM","V","AMZN","HD","GOOGL","JNJ","CAT","PG","XOM","LIN","PLD","NEE"
2020-01-02,72.2715530395508,151.544281005859,5.9571385383606,117.899223327637,182.092742919922,94.9004974365234,185.952270507812,67.788932800293,121.338516235352,132.06787109375,103.959297180176,52.6064033508301,191.499786376953,73.7455749511719,50.3359909057617
2020-01-03,71.5689239501953,149.657287597656,5.86178684234619,116.343353271484,180.644607543945,93.7484970092773,185.334289550781,67.4343032836914,119.933700561523,130.234191894531,103.260124206543,52.1834754943848,186.520141601562,74.5714263916016,50.6945991516113
2020-01-06,72.1391830444336,150.044097900391,5.88637113571167,116.250854492188,180.253952026367,95.1439971923828,186.20622253418,69.2317123413086,119.784057617188,130.146469116211,103.403327941895,52.5841331481934,185.729522705078,74.2794723510742,50.9477310180664
2020-01-07,71.799919128418,148.676055908203,5.95763444900513,114.274543762207,179.777572631836,95.3430023193359,184.987182617188,69.0979919433594,120.515579223633,128.426879882812,102.763092041016,52.1537971496582,186.129348754883,73.8039474487305,50.9034309387207
2020-01-08,72.9549102783203,151.044235229492,5.96880960464478,115.165962219238,182.854995727539,94.598503112793,187.755432128906,69.5898132324219,120.498947143555,129.567367553711,103.201148986816,51.3672866821289,188.455657958984,74.2043762207031,50.8802375793457
2020-01-09,74.5045318603516,152.931213378906,6.03436040878296,115.586471557617,184.122161865234,95.0524978637695,190.633682250977,70.3203506469727,120.856384277344,129.242782592773,104.329940795898,51.7605476379395,189.782379150391,74.2126998901367,51.2789115905762
2020-01-10,74.6729507446289,152.223602294922,6.06664037704468,114.434310913086,184.617645263672,94.1579971313477,189.812591552734,70.774528503418,120.582099914551,128.207458496094,104.431037902832,51.3005142211914,189.991363525391,74.6131439208984,51.3759498596191
2020-01-13,76.2683181762695,154.053985595703,6.25684499740601,115.384605407715,186.103958129883,94.5650024414062,189.067581176758,71.3228149414062,121.114097595215,128.812927246094,105.197616577148,51.7902221679688,192.46305847168,76.5819320678711,51.9771461486816
2020-01-14,75.2384338378906,152.968933105469,6.14014101028442,116.73023223877,186.789916992188,93.4720001220703,188.618896484375,70.8552627563477,121.79573059082,128.690078735352,105.037567138672,51.3450317382812,190.791046142578,75.6058807373047,52.2577133178711
2020-01-15,74.9160003662109,153.959625244141,6.09767961502075,114.980911254883,190.362823486328,93.1009979248047,190.125747680664,71.2817001342773,122.203071594238,127.716186523438,106.107391357422,51.2634162902832,192.13591003418,76.923942565918,53.0698547363281
2020-01-16,75.8544311523438,156.780624389648,6.18111133575439,115.426681518555,191.45849609375,93.8970031738281,193.706634521484,71.8245544433594,123.192222595215,129.734130859375,106.200057983398,51.0630836486816,193.607986450195,77.8749618530273,53.215404510498
2020-01-17,76.694221496582,157.658126831055,6.18980169296265,116.225624084473,195.031356811523,93.2360000610352,196.322479248047,73.2787094116211,123.998558044434,130.564651489258,106.486473083496,50.8701705932617,194.553070068359,78.6424560546875,53.4537620544434
2020-01-21,76.1744689941406,157.092041015625,6.15652894973755,115.081871032715,197.4990234375,94.5999984741211,197.202819824219,73.4139175415039,124.081680297852,128.859420776367,106.216896057129,50.1430206298828,192.3994140625,79.726936340332,54.1899833679199
2020-01-22,76.4463806152344,156.33723449707,6.2104115486145,114.947319030762,198.080184936523,94.3730010986328,197.160537719727,73.4941482543945,123.23380279541,126.014579772949,106.402229309082,49.8536529541016,191.808792114258,78.3671722412109,54.8249130249023
2020-01-23,76.8145370483398,157.299560546875,6.27869558334351,114.829574584961,196.765380859375,94.2289962768555,197.795440673828,73.534782409668,123.466537475586,126.120567321777,105.915855407715,49.5420227050781,190.482131958008,79.8353881835938,54.8628883361816
2020-01-24,76.5931625366211,155.71452331543,6.21959924697876,111.978576660156,195.317169189453,93.0820007324219,196.398635864258,72.6174926757812,123.291984558105,124.026664733887,106.042938232422,49.208122253418,190.818298339844,80.2108001708984,55.6307411193848
2020-01-27,74.3409118652344,153.110488891602,5.96433877944946,111.036674499512,192.163528442383,91.4169998168945,195.712982177734,70.9117279052734,123.649421691895,119.918365478516,106.508987426758,48.0357971191406,186.174850463867,79.2431182861328,56.2677917480469
2020-01-28,76.4439849853516,156.110809326172,6.15727424621582,113.055046081543,193.268753051758,92.6624984741211,197.973236083984,71.8413696289062,124.272872924805,120.81071472168,106.79711151123,47.9690246582031,188.900939941406,79.7186126708984,56.0716094970703
2020-01-29,78.0441131591797,158.545043945312,6.0969352722168,112.88688659668,195.183776855469,92.9000015258789,198.108673095703,72.1484603881836,125.137405395508,119.962524414062,105.975128173828,47.5683479309082,189.218933105469,80.5027923583984,56.0610694885254
2020-01-30,77.9310073852539,163.017211914062,6.10363960266113,114.282913208008,198.375564575195,93.5339965820312,197.067398071289,72.0271148681641,124.987747192383,119.600296020508,106.729309082031,48.0729026794434,189.218933105469,80.2608489990234,56.9407196044922
2020-01-31,74.4756698608398,160.611267089844,5.87072706222534,111.314193725586,189.572021484375,100.435997009277,193.097152709961,70.9637298583984,123.749168395996,116.048622131348,105.60228729248,46.0918045043945,184.584594726562,77.4828720092773,56.5757827758789
2020-02-03,74.2711486816406,164.526748657227,5.96756792068481,112.163619995117,191.325103759766,100.209999084473,196.009231567383,73.4312515258789,124.829772949219,114.652648925781,106.017509460449,45.0604629516602,190.318496704102,76.6403198242188,56.2825698852539
2020-02-04,76.7230987548828,169.942428588867,6.13641548156738,113.778297424316,193.945205688477,102.483497619629,198.938293457031,71.5892868041992,126.018524169922,117.957000732422,106.483596801758,44.4965515136719,194.007827758789,77.9333724975586,55.8037109375
2020-02-05,77.3487167358398,169.734832763672,6.2265510559082,115.712593078613,193.230590820312,101.993499755859,201.571090698242,71.620979309082,128.005233764648,121.429168701172,107.458076477051,46.5444259643555,196.952072143555,77.366096496582,56.2614707946777
2020-02-06,78.2534637451172,173.254150390625,6.31321048736572,115.729423522949,193.449798583984,102.511497497559,202.189010620117,73.1028747558594,127.622802734375,121.261306762695,107.737716674805,45.9137420654297,196.961166381836,77.6747741699219,56.6031951904297
2020-02-07,77.1897811889648,173.499389648438,6.24715948104858,115.359405517578,193.163955688477,103.963996887207,200.885345458984,73.2583999633789,126.259574890137,117.833274841309,106.839477539062,45.6095275878906,194.607604980469,77.6997909545898,56.858455657959
2020-02-10,77.556396484375,178.037628173828,6.52973413467407,115.83878326416,196.26042175293,106.695503234863,203.687423706055,74.7219543457031,126.234664916992,118.67261505127,106.915756225586,45.1278381347656,195.770706176758,78.9677963256836,57.3225250244141
2020-02-11,77.088493347168,174.018325805664,6.65190076828003,116.057411193848,194.307266235352,107.540000915527,204.559356689453,74.7912979125977,126.342681884766,120.324722290039,105.212478637695,45.5568428039551,196.479476928711,80.2608489990234,57.4090042114258
2020-02-12,78.9191513061523,174.273040771484,6.76736450195312,116.057411193848,197.64192199707,108,204.517013549805,75.2157669067383,125.594551086426,123.328666687012,104.61083984375,46.1137962341309,197.370010375977,80.7446975708008,57.0103225708008
2020-02-13,78.3571701049805,173.329544067383,6.72366142272949,115.956512451172,197.890014648438,107.493499755859,205.168884277344,74.9562454223633,124.763305664062,123.443557739258,105.89038848877,45.8578948974609,201.059356689453,80.4777679443359,58.1093559265137
2020-02-14,78.3764953613281,174.876876831055,7.19569492340088,115.60327911377,200.647491455078,106.743499755859,207.429092407227,75.2207260131836,124.796577453613,121.915061950684,106.890312194824,45.647159576416,202.313339233398,81.3787231445312,58.7527503967285
2020-02-18,76.9413375854492,176.650680541992,7.36404657363892,114.072647094727,201.515777587891,107.783500671387,206.506408691406,75.2558975219727,123.973594665527,120.669326782227,105.814117431641,45.067626953125,203.140258789062,82.0461044311523,59.4952697753906
2020-02-19,78.0556869506836,177.180480957031,7.81422758102417,115.628532409668,203.529022216797,108.511001586914,206.252487182617,75.5248260498047,123.807357788086,120.91674041748,106.297134399414,45.4138298034668,202.16796875,81.5622406005859,57.9406089782715
2020-02-20,77.2549133300781,174.474746704102,7.66524076461792,115.628532409668,201.754302978516,107.654998779297,209.113784790039,75.1345367431641,123.333557128906,120.978569030762,107.26318359375,45.0525779724121,201.004852294922,82.5466232299805,58.4384384155273
2020-02-21,75.5062484741211,168.959121704102,7.3019700050354,114.21565246582,199.235366821289,104.798500061035,207.691589355469,73.4738388061523,124.63028717041,121.225944519043,107.364860534668,44.5031585693359,198.40592956543,82.7802124023438,58.5565567016602
2020-02-24,71.9196624755859,161.674346923828,6.78573799133301,111.145988464355,189.674789428711,100.464500427246,202.917037963867,70.3238220214844,122.062072753906,116.773078918457,104.483703613281,42.4183616638184,191.327133178711,80.068977355957,57.7866134643555
2020-02-25,69.4835891723633,159.006439208984,6.50689077377319,106.184143066406,179.761215209961,98.6370010375977,200.953048706055,68.6626281738281,121.007995605469,113.972351074219,102.899124145508,40.7926826477051,183.239700317383,76.4985046386719,57.0251045227051
2020-02-26,70.5858764648438,160.993209838867,6.64594125747681,106.503700256348,178.625762939453,98.9794998168945,199.175323486328,68.8681793212891,120.196533203125,113.309700012207,101.822891235352,39.897045135498,184.839050292969,76.1314392089844,56.843677520752
2020-02-27,65.9717788696289,149.649780273438,6.2759895324707,102.071670532227,171.755920410156,94.2149963378906,190.244277954102,65.1277618408203,116.381858825684,108.909843444824,96.1792449951172,37.4961433410645,177.151428222656,72.3357238769531,54.2524642944336
2020-02-28,65.9332046508789,153.273239135742,6.71004438400269,97.6480102539062,173.425689697266,94.1875,184.411514282227,66.3313140869141,112.500213623047,109.766860961914,95.9504623413086,38.7154121398926,173.57112121582,70.3085784912109,53.5972290039062
2020-03-02,72.0716018676758,163.471893310547,6.86806011199951,102.197799682617,183.511032104492,97.6975021362305,194.654769897461,68.6626281738281,117.134742736816,112.735458374023,101.314453125,40.5518341064453,180.059280395508,73.6371154785156,56.9030532836914
2020-03-03,69.7826766967773,155.638427734375,6.6061897277832,98.3628540039062,177.213653564453,95.4495010375977,192.961639404297,66.2555313110352,113.42879486084,109.890556335449,100.136596679688,38.6100425720215,177.551239013672,74.5714263916016,56.2244873046875
2020-03-04,73.0195007324219,161.352752685547,7.06881284713745,100.793342590332,185.381164550781,98.7914962768555,204.08528137207,68.4288482666016,120.029235839844,112.558753967285,105.500587463379,39.4529876708984,186.765487670898,78.7258987426758,59.8441543579102
2020-03-05,70.6509704589844,157.303497314453,6.79004573822021,95.8482894897461,178.387252807617,96.2014999389648,198.777450561523,65.1183547973633,118.79948425293,107.761291503906,103.068565368652,37.7144088745117,179.409561157227,74.8383941650391,58.5591468811035
2020-03-06,69.7127304077148,152.856964111328,6.60991525650024,90.8948364257812,175.906448364258,95.0544967651367,193.444198608398,64.1763153076172,118.816215515137,107.266548156738,103.094017028809,35.8930397033691,172.735702514648,71.6433029174805,57.638858795166
2020-03-09,64.1989974975586,142.497421264648,6.09809637069702,78.582649230957,163.283111572266,90.0305023193359,178.1640625,60.2164993286133,114.139877319336,91.9465408325195,98.3485870361328,31.5051975250244,158.064117431641,64.8777389526367,55.4038734436035
2020-03-10,68.8227157592773,152.24201965332,6.48668098449707,84.6882629394531,174.227157592773,94.5910034179688,191.0654296875,63.1575050354004,118.48998260498,94.0846405029297,102.153381347656,32.6717720031738,160.876098632812,67.4554977416992,54.2270050048828
2020-03-11,66.4324722290039,145.345169067383,6.12368774414062,80.7019653320312,165.019638061523,91.0429992675781,181.426910400391,59.9743003845215,110.258232116699,88.9602661132812,94.5607299804688,31.5955028533936,158.785400390625,61.4741096496582,51.1586761474609
2020-03-12,59.8719444274902,131.56086730957,5.37434673309326,74.049690246582,152.739791870117,83.8304977416992,162.422637939453,55.0536270141602,104.912643432617,81.5123138427734,86.2986297607422,27.9828758239746,144.269027709961,58.5459671020508,44.2946929931641
2020-03-13,67.0450973510742,150.264709472656,5.98380613327026,87.3878707885742,167.767623901367,89.25,175.273971557617,60.1412124633789,112.341239929199,88.0325927734375,96.6622772216797,28.6903381347656,161.140899658203,65.46044921875,46.981330871582
2020-03-16,58.4199562072754,128.117141723633,4.87967014312744,74.3103942871094,145.039779663086,84.4574966430664,140.580520629883,53.1443023681641,106.351516723633,82.5283508300781,91.9422912597656,25.9582939147949,144.5703125,54.1550140380859,42.7000770568848
2020-03-17,60.9886932373047,138.665908813477,5.39819765090942,78.8517532348633,150.650207519531,90.3919982910156,147.977661132812,55.3760566711426,114.265350341797,88.5273666381836,100.195899963379,27.7044010162354,149.619110107422,59.4628562927246,47.0237426757812
2020-03-18,59.4956932067871,132.828582763672,5.03917789459229,70.5511322021484,141.671676635742,91.5,132.629379272461,54.0452270507812,112.901748657227,88.4566955566406,99.5264663696289,24.9271850585938,143.803421020508,57.0318412780762,44.6657638549805
2020-03-19,59.0398292541504,135.014038085938,5.2913613319397,71.7369384765625,145.268798828125,94.046501159668,137.316558837891,55.0595703125,106.284599304199,91.0100326538086,93.9167175292969,25.9131336212158,140.607955932617,53.7596588134766,43.9151229858398
2020-03-20,55.2916526794434,129.943054199219,5.111976146698,70.2231597900391,140.097351074219,92.3044967651367,129.663711547852,52.9070510864258,100.294860839844,84.374885559082,86.7986373901367,24.6411838531494,138.1337890625,52.8427696228027,40.6601905822754
2020-03-23,54.1170272827148,128.64697265625,5.28440523147583,66.4638977050781,129.515853881836,95.1415023803711,138.390380859375,52.2096862792969,92.974983215332,81.1500854492188,82.7904281616211,23.6702938079834,136.946929931641,53.3054313659668,38.5206108093262
2020-03-24,59.5463447570801,140.340454101562,6.19101905822754,74.3692474365234,147.444229125977,97.004997253418,157.420166015625,55.9679298400879,99.7008895874023,89.5345306396484,87.5104293823242,26.6732883453369,150.468170166016,59.345085144043,43.7942543029785
2020-03-25,59.2183151245117,138.997024536133,6.10256814956665,77.1445465087891,154.361846923828,94.2919998168945,154.897598266602,54.5618019104004,99.8849487304688,92.4766311645508,85.51904296875,28.0656681060791,150.91552734375,60.7246017456055,44.5873146057129
2020-03-26,62.3345603942871,147.691421508789,6.39127445220947,82.5185089111328,161.136276245117,97.7744979858398,166.359848022461,57.5979194641113,105.88304901123,97.6274795532227,90.9931945800781,29.2171878814697,159.031936645508,65.3510894775391,49.0042686462402
2020-03-27,59.753776550293,141.627075195312,6.27922296524048,76.6399536132812,154.151885986328,95.004997253418,162.388610839844,54.9897346496582,103.030410766602,93.1569290161133,93.3574295043945,27.8097629547119,152.777984619141,66.5960388183594,49.1845054626465
2020-03-30,61.4590225219727,151.589202880859,6.5987343788147,78.6331100463867,157.978103637695,98.1975021362305,167.11833190918,56.7752456665039,111.270484924316,98.696533203125,97.4503555297852,28.2237205505371,161.414749145508,69.716796875,52.1659126281738
2020-03-31,61.3336029052734,149.205093383789,6.54929351806641,75.7148590087891,153.732070922852,97.4860000610352,159.116088867188,57.5498695373535,109.69775390625,102.522102355957,93.2133865356445,28.5774574279785,157.945465087891,67.6054534912109,51.0229644775391
2020-04-01,58.1064071655273,143.907135009766,6.03921365737915,70.946403503418,146.089401245117,95.3850021362305,152.230224609375,54.5855827331543,107.756935119629,98.3784713745117,92.6456451416016,28.2462921142578,146.870986938477,61.6246795654297,46.275218963623
2020-04-02,59.0760040283203,146.88720703125,6.34729909896851,73.5955352783203,150.17317199707,95.9414978027344,154.514175415039,55.3250465393066,111.38761138916,103.140571594238,96.9419097900391,30.406343460083,149.810775756836,63.5173416137695,48.0182418823242
2020-04-03,58.2270088195801,145.534408569336,6.06008338928223,71.4202270507812,144.88720703125,95.3294982910156,152.28987121582,54.1200103759766,112.240875244141,101.311721801758,97.5181503295898,29.5107173919678,148.021377563477,61.9022636413574,46.9982986450195
2020-04-06,63.3065872192383,156.357406616211,6.66855239868164,76.0172958374023,161.670593261719,99.8795013427734,163.053298950195,58.601863861084,116.917221069336,106.400703430176,99.8315200805664,30.4590320587158,160.611358642578,67.4876937866211,49.7273559570312
2020-04-07,62.5733489990234,154.673416137695,6.43574810028076,77.0199508666992,160.859573364258,100.580001831055,163.87141418457,58.5706634521484,115.009910583496,107.717132568359,95.5606842041016,31.0385665893555,164.281524658203,68.0933380126953,48.4508247375488
2020-04-08,64.1748886108398,156.224990844727,6.63252592086792,80.1300048828125,166.918441772461,102.150001525879,166.02751159668,59.7811393737793,119.845176696777,112.558753967285,97.5350723266602,33.0029296875,170.672378540039,72.4926986694336,49.51318359375
2020-04-09,64.6379776000977,156.234436035156,6.53314208984375,87.3187789916992,165.72575378418,102.138000488281,171.745834350586,59.759838104248,118.146995544434,110.464828491211,97.1622467041016,32.4610328674316,172.991348266602,77.1612319946289,52.0111083984375
2020-04-13,65.9066925048828,156.58447265625,6.70457696914673,83.4354858398438,161.241226196289,108.443496704102,169.410766601562,59.9500312805176,116.925621032715,100.843467712402,98.25537109375,32.182559967041,169.914611816406,72.686164855957,50.0878295898438
2020-04-14,69.2351379394531,164.332824707031,7.05489921569824,81.1496887207031,166.613052368164,114.166000366211,176.552276611328,62.6651992797852,122.162406921387,102.910850524902,102.500831604004,31.9341926574707,173.320037841797,74.9909820556641,51.3961791992188
2020-04-15,68.6032333374023,162.610961914062,6.97762966156006,77.1474456787109,158.350173950195,115.384002685547,169.146575927734,62.2724418640137,123.526084899902,98.5374984741211,102.721160888672,30.4665603637695,165.386215209961,72.7955017089844,50.302001953125
2020-04-16,69.1483383178711,167.492691040039,7.32199048995972,74.2073593139648,154.972473144531,120.40950012207,170.314163208008,62.2788734436035,125.20751953125,100.030632019043,102.95841217041,29.4655609130859,167.193923950195,74.1918563842773,50.3571243286133
2020-04-17,68.210075378418,168.96858215332,7.26285791397095,80.8777694702148,161.766036987305,118.75,178.469787597656,63.3472061157227,127.173400878906,103.695175170898,105.661613464355,32.5287895202637,172.142318725586,75.8910522460938,52.2189178466797
2020-04-20,66.7942504882812,165.619476318359,7.13192129135132,77.9291763305664,156.689987182617,119.68049621582,175.597808837891,62.4631195068359,126.88062286377,102.179428100586,102.195770263672,30.9934043884277,168.901214599609,74.4442138671875,50.3846969604492
2020-04-21,64.7296295166016,158.769927978516,6.69612979888916,75.6688995361328,153.169158935547,116.40599822998,170.961822509766,60.0367126464844,125.21590423584,97.9442367553711,101.416160583496,30.8278293609619,163.313766479492,74.8647918701172,49.9203224182129
2020-04-22,66.5940628051758,164.162506103516,7.10956144332886,75.9153366088867,158.951248168945,118.174499511719,173.995651245117,62.3274116516113,127.984909057617,98.6486206054688,101.178909301758,31.708402633667,165.797073364258,73.9142990112305,52.4118881225586
2020-04-23,66.3360061645508,162.175750732422,7.0563907623291,75.9577941894531,158.750885009766,119.972503662109,172.419052124023,62.9593963623047,130.093002319336,100.672584533691,101.853645324707,32.7018814086914,165.523208618164,72.9721450805664,51.133228302002
2020-04-24,68.251091003418,165.136962890625,7.19502878189087,77.0794525146484,159.647827148438,120.511001586914,180.821884155273,63.228343963623,129.549224853516,101.680137634277,101.324760437012,32.9126205444336,165.678436279297,74.8984527587891,50.8278770446777
2020-04-27,68.2993316650391,164.663955688477,7.38112211227417,80.4019165039062,163.884231567383,118.800003051758,185.577194213867,62.9440460205078,129.072418212891,102.714393615723,100.190216064453,33.070671081543,168.517776489258,77.2537536621094,51.6548728942871
2020-04-28,67.1922302246094,160.652572631836,7.23900556564331,80.9712677001953,163.397613525391,115.704002380371,185.466384887695,61.048583984375,126.64640045166,102.946243286133,99.7125091552734,33.8458862304688,170.617614746094,75.3611068725586,50.7430763244629
2020-04-29,69.3991775512695,167.861679077148,7.41540861129761,83.1550598144531,173.454299926758,118.635498046875,189.028625488281,66.476432800293,125.684379577637,107.047660827637,99.8745880126953,35.7199363708496,172.270095825195,75.840576171875,49.8588218688965
2020-04-30,70.8632354736328,169.545639038086,7.26186370849609,81.3706207275391,170.52507019043,123.699996948242,187.341262817383,66.700309753418,125.517036437988,103.766487121582,100.548500061035,34.9748306274414,167.979110717773,75.0582885742188,49.0085144042969
2020-05-01,69.7223815917969,165.155883789062,7.02583074569702,79.2377777099609,167.519500732422,114.302001953125,186.267471313477,65.2451477050781,124.053070068359,98.8626022338867,99.6527862548828,32.4685554504395,164.637588500977,73.0562744140625,48.1454734802246
2020-05-04,70.7088775634766,169.195602416992,7.23726654052734,78.2945709228516,168.072952270508,115.799499511719,189.054183959961,65.5215148925781,124.036354064941,96.0450973510742,98.7570724487305,33.7781372070312,166.764846801758,73.2917938232422,48.790096282959
2020-05-05,71.7701187133789,171.012115478516,7.29813718795776,78.1756057739258,170.257919311523,115.889999389648,192.267028808594,66.8152084350586,125.065307617188,97.1061019897461,98.9618453979492,33.7405166625977,166.171371459961,73.8049240112305,48.7922248840332
2020-05-06,72.5105972290039,172.696105957031,7.39876317977905,76.7055740356445,170.582366943359,117.563003540039,190.826766967773,66.6373901367188,123.877403259277,96.0005035400391,96.4794692993164,33.1083030700684,163.377700805664,73.1319885253906,47.2145919799805
2020-05-07,73.2607116699219,173.698913574219,7.57466888427734,77.5043182373047,174.341659545898,118.380500793457,195.539520263672,67.8186645507812,123.467514038086,95.6616821289062,95.6861190795898,33.2964630126953,168.709503173828,74.08251953125,47.6005096435547
2020-05-08,75.0044479370117,174.720687866211,7.76424169540405,78.7704391479492,176.602981567383,118.980499267578,199.783477783203,68.5645751953125,124.396049499512,99.9592742919922,98.9106521606445,34.7565727233887,172.014465332031,75.6807632446289,48.7137680053711
2020-05-11,76.1846694946289,176.669616699219,8.01567840576172,76.4506454467773,175.143173217773,120.449996948242,201.598739624023,69.5179748535156,124.739028930664,96.838623046875,98.3646850585938,34.4254188537598,170.599349975586,74.7638702392578,48.2154579162598
2020-05-12,75.3140182495117,172.667663574219,7.75430297851562,73.9524383544922,171.240661621094,117.847503662109,198.479644775391,68.1108779907227,123.091026306152,93.6198883056641,97.7163848876953,33.8499870300293,167.157409667969,70.8439788818359,48.3320655822754
2020-05-13,74.404655456543,170.056549072266,7.73194265365601,71.4032211303711,169.252746582031,118.396003723145,196.093460083008,66.7810287475586,123.082679748535,93.1562347412109,97.178955078125,32.1697769165039,163.22248840332,69.6831436157227,48.7964668273926
2020-05-14,74.8617706298828,170.794525146484,7.98089742660522,74.3688125610352,172.894149780273,119.442497253418,199.826156616211,67.2035140991211,123.509292602539,94.6809234619141,97.0851287841797,32.4536361694336,163.651565551758,70.7262420654297,49.2438774108887
2020-05-15,74.4191741943359,173.282684326172,8.43830299377441,72.9922485351562,175.369537353516,120.488998413086,203.95930480957,68.0058822631836,125.851676940918,96.2234191894531,97.7675704956055,32.2234764099121,166.700927734375,70.0532836914062,48.3151206970215
2020-05-18,76.1725692749023,174.938323974609,8.69619941711426,76.8585205078125,182.910354614258,121.313003540039,209.08967590332,68.6061553955078,125.91862487793,102.553901672363,99.132438659668,34.7860069274902,175.520278930664,73.0394592285156,49.9266815185547
2020-05-19,75.7323989868164,173.727325439453,8.75110530853271,75.3459930419922,180.979705810547,122.466499328613,202.911102294922,68.0722427368164,124.663780212402,99.9325637817383,95.9164505004883,33.7118911743164,173.694351196289,71.2309188842773,48.8770484924316
2020-05-20,77.2052688598633,176.13703918457,8.91459178924561,77.6063003540039,185.280563354492,124.897003173828,202.987808227539,69.7938613891602,123.54280090332,103.15128326416,96.6330032348633,34.8090171813965,178.934860229492,73.2833938598633,49.362621307373
2020-05-21,76.6296615600586,174.021423339844,8.72104549407959,76.6205978393555,182.183975219727,122.33699798584,205.280303955078,69.6744995117188,122.731369018555,101.697937011719,95.2169647216797,34.1875648498535,176.81672668457,72.6777572631836,48.5377578735352
2020-05-22,77.1230239868164,174.097305297852,8.97049331665039,76.0257873535156,182.413314819336,121.84400177002,206.13249206543,69.9959411621094,121.610984802246,100.2802734375,96.0529327392578,34.2182579040527,174.26042175293,73.6450958251953,49.5874099731445
2020-05-26,76.6006622314453,172.256851196289,8.66389656066895,81.4216156005859,184.668930053711,121.093002319336,206.643798828125,70.3986053466797,121.771018981934,104.684867858887,95.5666961669922,35.2233200073242,176.205032348633,75.7228164672852,49.6849517822266
2020-05-27,76.9343795776367,172.484512329102,8.47259044647217,86.1376342773438,184.286605834961,120.519500732422,210.802581787109,70.3446273803711,122.049018859863,109.151870727539,97.1533584594727,35.4765014648438,176.323745727539,77.1864700317383,51.1311111450195
2020-05-28,76.96826171875,172.095504760742,8.4345760345459,84.8545379638672,185.662902832031,120.055000305176,208.910659790039,70.2435760498047,123.801109313965,107.653953552246,99.0044784545898,34.5558395385742,182.632431030273,78.2715835571289,53.3003540039062
2020-05-29,76.8932800292969,173.850677490234,8.82067489624023,82.6876907348633,186.599533081055,122.118499755859,211.757049560547,71.0004043579102,125.30054473877,107.110054016113,98.8850555419922,34.8857536315918,184.732315063477,76.9677581787109,54.1909637451172
2020-06-01,77.8389129638672,173.452194213867,8.75185203552246,83.7838592529297,185.748931884766,123.552001953125,210.742919921875,71.0672454833984,123.98641204834,107.439964294434,100.019599914551,35.5071983337402,187.361633300781,78.8183670043945,54.5086555480957
2020-06-02,78.1992874145508,175.425537109375,8.77073383331299,84.0642776489258,187.669952392578,123.620498657227,215.361923217773,71.4357376098633,124.879318237305,109.954322814941,100.710578918457,36.2974433898926,189.198974609375,80.2988052368164,54.7112083435059
2020-06-03,78.6297454833984,175.852416992188,8.71532821655273,88.6018371582031,188.15739440918,123.919998168945,215.181838989258,71.2841720581055,125.216339111328,113.315742492676,101.111488342285,37.7781753540039,195.28059387207,81.863395690918,55.3465919494629
2020-06-04,77.9525527954102,173.53759765625,8.71632385253906,90.4457931518555,185.070343017578,123.029998779297,213.424407958984,70.0484390258789,123.598937988281,114.983047485352,98.9959411621094,37.6707725524902,194.977920532227,78.5239334106445,53.7069625854492
2020-06-05,80.172737121582,177.598037719727,8.86894607543945,94.5160293579102,190.776123046875,124.150001525879,218.525360107422,71.3223190307617,124.079109191895,120.475463867188,100.940879821777,40.7243232727051,202.976577758789,80.5091094970703,54.2378692626953
2020-06-08,80.6467742919922,178.698547363281,8.75460529327393,96.4024200439453,190.766586303711,126.203002929688,220.128509521484,71.7195358276367,123.632652282715,122.793647766113,101.555084228516,41.9979286193848,198.527770996094,82.2419204711914,55.5384826660156
2020-06-09,83.1934204101562,180.064743041992,8.99422454833984,93.9296875,190.269607543945,130.042999267578,220.11994934082,71.9196243286133,122.950332641602,119.646224975586,100.949409484863,41.0619010925293,196.509735107422,81.8718414306641,55.1525688171387
2020-06-10,85.3337860107422,186.743637084961,9.31313896179199,90.1228790283203,191.607604980469,132.372497558594,218.139556884766,72.5446853637695,124.500282287598,118.085861206055,101.708633422852,38.859977722168,195.711685180664,81.0979385375977,54.7517318725586
2020-06-11,81.2368698120117,176.715744018555,8.74590301513672,82.6027297973633,180.520919799805,127.898002624512,205.297225952148,69.4342803955078,118.662704467773,108.376159667969,99.1751022338867,35.4304809570312,182.640441894531,76.4714584350586,52.9479026794434
2020-06-12,81.9382553100586,178.110366821289,8.88137435913086,84.8630294799805,183.751358032227,127.250999450684,207.851989746094,69.980094909668,119.740966796875,109.802772521973,98.629150390625,36.1900253295898,185.236312866211,79.4576187133789,52.645149230957
2020-06-15,82.9515914916992,179.248779296875,9.12124252319336,86.0356674194336,183.273483276367,128.634002685547,206.91748046875,70.3674087524414,118.98282623291,110.212905883789,99.5419006347656,36.1670074462891,186.428787231445,79.8892974853516,52.999080657959
2020-06-16,85.1499938964844,183.641342163086,9.01659488677979,86.7239532470703,184.343963623047,130.76350402832,214.281723022461,71.6417770385742,121.686782836914,116.008407592773,100.770286560059,36.9802742004395,191.051910400391,82.0137023925781,52.9138031005859
2020-06-17,85.0314865112305,184.276947021484,9.18313694000244,84.5316314697266,184.993835449219,132.04899597168,215.053253173828,71.9424057006836,121.316177368164,114.332168579102,100.599678039551,35.7757301330566,190.318069458008,81.8444290161133,53.0907592773438
2020-06-18,85.0653381347656,186.250274658203,9.16524028778076,84.0727844238281,185.328384399414,132.699005126953,213.647308349609,71.0301055908203,120.80233001709,113.761528015137,101.751289367676,35.9982147216797,190.941818237305,80.4817504882812,53.0758399963379
2020-06-19,84.5792236328125,185.140258789062,9.20824337005615,83.1125717163086,183.694030761719,133.750503540039,211.452621459961,70.5605697631836,121.156105041504,113.645614624023,101.444190979004,35.277027130127,190.840911865234,77.7564392089844,51.6430320739746
2020-06-22,86.792121887207,190.282257080078,9.47222232818604,82.2118530273438,186.33186340332,135.690994262695,213.604461669922,71.8493041992188,120.785461425781,112.156616210938,100.446128845215,35.6146125793457,192.602096557617,78.3404312133789,52.6728706359863
2020-06-23,88.6446838378906,191.553527832031,9.39591312408447,83.2145462036133,189.20866394043,138.220504760742,214.590362548828,72.5090255737305,120.339050292969,112.566764831543,100.429054260254,35.8294372558594,194.803604125977,77.4009323120117,51.8562431335449
2020-06-24,87.0799331665039,187.692291259766,9.18264198303223,80.435905456543,182.939025878906,136.720001220703,211.006866455078,70.9597702026367,117.778274536133,108.83088684082,99.3115692138672,34.1415328979492,189.024719238281,76.0044174194336,51.5278930664062
2020-06-25,88.235969543457,190.064041137695,9.43568420410156,83.2400283813477,185.395233154297,137.72900390625,210.363845825195,71.3758087158203,117.651885986328,111.193695068359,100.565567016602,34.6555709838867,191.840759277344,77.4178848266602,50.9927177429199
2020-06-26,85.5248565673828,186.259765625,9.10260009765625,78.6769638061523,180.893737792969,134.643493652344,206.617462158203,67.4848403930664,116.085151672363,109.125122070312,98.2964401245117,33.4663734436035,189.712661743164,76.0298156738281,50.3658676147461
2020-06-29,87.4959106445312,188.261505126953,9.14734172821045,79.0253448486328,182.910354614258,134.018997192383,210.998275756836,69.2000274658203,117.121215820312,111.675170898438,100.369354248047,34.0034294128418,193.803771972656,77.1639556884766,50.7965621948242
2020-06-30,88.2263259887695,193.07145690918,9.44338703155518,79.9260635375977,184.621109008789,137.940994262695,214.761825561523,70.2341613769531,118.460571289062,112.789665222168,101.998664855957,34.3103256225586,194.565093994141,78.9921340942383,51.208065032959
2020-07-01,88.059440612793,194.200424194336,9.47545337677002,79.2462615966797,185.204147338867,143.934997558594,212.738586425781,71.4203796386719,118.250007629395,112.397354125977,102.348426818848,33.5354270935059,197.00505065918,80.5325393676758,52.5065574645996
2020-07-02,88.059440612793,195.680404663086,9.55723190307617,79.5036926269531,187.010467529297,144.514999389648,213.038681030273,72.8037185668945,118.746955871582,113.877449035645,103.116172790527,33.8193016052246,202.958206176758,80.87109375,52.5364036560059
2020-07-06,90.4150238037109,199.892669677734,9.78293418884277,81.5114440917969,189.007949829102,152.852005004883,213.93879699707,74.2757263183594,120.440132141113,115.40209197998,103.755920410156,34.0571327209473,206.067840576172,80.8795547485352,52.6558113098145
2020-07-07,90.1344909667969,197.568344116211,9.81524753570557,79.2119598388672,185.605545043945,150.005996704102,212.052749633789,73.7938079833984,120.330574035645,113.41381072998,104.259246826172,33.1748313903809,205.957778930664,80.2617111206055,52.6046371459961
2020-07-08,92.2337188720703,201.91340637207,10.1575269699097,80.0528335571289,186.437042236328,154.05549621582,213.613021850586,74.4713592529297,120.684371948242,114.243003845215,104.830780029297,33.0980987548828,203.196746826172,81.0488357543945,54.0012016296387
2020-07-09,92.6303482055664,203.327041625977,10.4488496780396,78.3196334838867,183.70361328125,159.131500244141,212.575698852539,75.2172470092773,120.027336120605,112.103118896484,104.48104095459,31.7324409484863,203.591186523438,81.734375,53.7282905578613
2020-07-10,92.7923889160156,202.710357666016,10.4192705154419,82.6011123657227,184.028564453125,160,214.418869018555,76.2251663208008,119.92626953125,114.136009216309,105.683815002441,32.72216796875,207.260299682617,80.2532196044922,55.3508605957031
2020-07-13,92.3643264770508,196.448852539062,9.99471378326416,83.7851791381836,180.654769897461,155.199996948242,213.998794555664,74.8988037109375,122.318557739258,116.418594360352,105.8203125,32.7298393249512,207.141052246094,79.1952667236328,54.6344451904297
2020-07-14,93.8928146362305,197.663192749023,10.3176069259644,84.2656784057617,184.774017333984,154.199996948242,221.0029296875,75.3262176513672,124.601356506348,122.044677734375,106.707466125488,33.8116264343262,213.846420288086,79.0344543457031,55.9798393249512
2020-07-15,94.5385284423828,197.369110107422,10.1687135696411,85.5698623657227,187.851501464844,150.443496704102,221.011535644531,75.1290969848633,124.887725830078,123.3642578125,106.204170227051,34.2412719726562,217.974166870117,79.3391418457031,55.2229309082031
2020-07-16,93.375244140625,193.460418701172,10.0767421722412,85.8101043701172,184.936462402344,149.994995117188,221.251525878906,75.0320281982422,125.721672058105,123.542572021484,106.425956726074,33.9727478027344,219.129959106445,77.9511032104492,57.2228927612305
2020-07-17,93.1866226196289,192.473831176758,10.1431074142456,84.222770690918,186.456161499023,148.098495483398,223.223342895508,75.1276168823242,125.80591583252,122.976654052734,107.16813659668,33.3896446228027,222.533065795898,80.6933441162109,58.7154006958008
2020-07-20,95.1504058837891,200.746505737305,10.450590133667,83.4848937988281,189.686569213867,159.841995239258,223.043304443359,77.454963684082,126.016532897949,120.937530517578,106.835441589355,32.6070785522461,220.44172668457,80.1770553588867,58.4915313720703
2020-07-21,93.8371658325195,198.042709350586,10.2693853378296,85.295280456543,187.784622192383,156.914505004883,224.972259521484,77.0626983642578,126.134422302246,122.051414489746,106.690406799316,34.2566261291504,223.817276000977,82.8854675292969,58.9179649353027
2020-07-22,94.1007995605469,200.88883972168,10.379002571106,84.6775283813477,190.059326171875,154.995498657227,227.329818725586,77.5049819946289,126.361869812012,123.048538208008,107.603179931641,33.4586982727051,225.046432495117,83.2663421630859,59.7900085449219
2020-07-23,89.8176574707031,192.151214599609,10.0717725753784,84.9263381958008,188.692581176758,149.327499389648,226.163864135742,75.1226425170898,126.024917602539,122.707229614258,108.299369812012,33.5277557373047,225.63346862793,83.7064514160156,59.9072799682617
2020-07-24,89.5951538085938,190.974822998047,10.1361484527588,84.3257293701172,186.513473510742,150.445495605469,227.449859619141,74.6996841430664,124.76978302002,123.587493896484,108.127670288086,33.3206062316895,223.881500244141,84.561279296875,59.7537612915039
2020-07-27,91.7185821533203,193.394058227539,10.3618535995483,83.1416854858398,188.195602416992,152.760498046875,229.258682250977,75.7506866455078,123.977966308594,125.662574768066,108.436714172363,33.8116264343262,226.440719604492,86.127067565918,59.1951370239258
2020-07-28,90.2118682861328,191.657913208008,10.1570301055908,83.5020141601562,188.033172607422,150.016494750977,227.424118041992,74.4738311767578,123.683143615723,123.991737365723,109.775871276855,33.4126663208008,223.542129516602,86.7872543334961,59.7090072631836
2020-07-29,91.9410858154297,193.59326171875,10.4055986404419,85.5269470214844,189.791702270508,151.676498413086,226.892517089844,75.4574737548828,123.438865661621,126.237495422363,110.144989013672,33.7809295654297,224.468566894531,89.8595886230469,60.0074844360352
2020-07-30,93.0535888671875,193.441452026367,10.5532474517822,83.24462890625,185.471725463867,152.593994140625,228.30712890625,76.193473815918,123.691612243652,122.82396697998,112.814712524414,32.1237297058105,222.001068115234,89.0301513671875,60.1993827819824
2020-07-31,102.795234680176,194.494567871094,10.553994178772,82.9185791015625,181.973724365234,158.233993530273,227.604125976562,73.6962356567383,122.781875610352,119.365493774414,112.557151794434,32.2848472595215,224.835479736328,89.2248001098633,59.8497047424316
2020-08-03,105.385437011719,205.433135986328,10.9472332000732,82.4552536010742,182.250854492188,155.594497680664,228.195663452148,73.4391784667969,124.121215820312,118.377395629883,112.703086853027,32.4152717590332,224.101654052734,88.852409362793,59.1865997314453
2020-08-04,106.089218139648,202.349868774414,11.1634874343872,81.9833602905273,183.780029296875,156.941497802734,229.644561767578,72.9706268310547,124.011688232422,118.143814086914,114.849182128906,33.3512916564941,223.679702758789,89.3686828613281,60.7772064208984
2020-08-05,106.473754882812,202.017730712891,11.2221479415894,83.4076538085938,187.421463012695,160.251495361328,229.310165405273,73.2574081420898,125.005645751953,121.242942810059,114.548721313477,33.6428337097168,227.734069824219,88.7846908569336,60.506420135498
2020-08-06,110.188537597656,205.252853393555,11.2706203460693,83.4333877563477,189.973281860352,161.25,230.930419921875,74.5382080078125,124.289680480957,120.721939086914,113.922088623047,33.4817276000977,226.257263183594,88.7677536010742,60.2996025085449
2020-08-07,107.683334350586,201.581390380859,11.1354007720947,85.2695541381836,187.669952392578,158.373001098633,232.876495361328,74.2123184204102,125.174163818359,121.198028564453,114.643157958984,33.3282737731934,225.018920898438,88.9285583496094,61.3592910766602
2020-08-10,109.248458862305,197.568344116211,11.1010990142822,86.3506393432617,188.080917358398,157.408004760742,235.525573730469,74.1355590820312,124.694030761719,127.575942993164,115.115287780762,34.1492042541504,223.211868286133,87.7944412231445,60.4765701293945
2020-08-11,105.999443054199,192.948135375977,10.787899017334,89.0791397094727,189.017562866211,154.033493041992,235.688430786133,73.3292236328125,123.801109313965,128.034057617188,114.368453979492,34.5021362304688,224.596984863281,85.0691070556641,59.2292442321777
2020-08-12,109.522254943848,198.460098266602,11.3747692108154,88.3240737915039,189.944595336914,158.111999511719,241.398056030273,74.6516494750977,126.067031860352,128.06999206543,116.282752990723,34.4943084716797,228.064315795898,87.0750045776367,60.6791152954102
2020-08-13,111.46053314209,197.995239257812,11.3775062561035,87.8350296020508,189.121459960938,158.050994873047,241.466674804688,75.1176986694336,124.668731689453,126.363212585449,116.557456970215,33.6493492126465,228.62385559082,86.8718719482422,60.6386070251465
2020-08-14,111.361198425293,198.184951782227,11.4978103637695,87.8693313598633,188.221710205078,157.401000976562,240.515029907227,74.5223617553711,124.870872497559,125.725463867188,115.973731994629,33.7980117797852,227.945083618164,86.6010437011719,59.8070602416992
2020-08-17,111.070457458496,199.494216918945,12.2663879394531,85.5526962280273,190.89225769043,159.120498657227,247.107727050781,75.0973815917969,125.502670288086,124.61157989502,116.317092895508,33.3598785400391,227.880828857422,88.20068359375,60.3379783630371
2020-08-18,111.995986938477,200.642166137695,12.1905746459961,84.3600769042969,190.490188598633,165.624496459961,244.330017089844,77.0557632446289,126.429267883301,124.297119140625,117.184104919434,33.1955871582031,226.459091186523,87.7267150878906,60.3507423400879
2020-08-19,112.136497497559,199.424911499023,12.0690231323242,84.5574111938477,192.385482788086,163.024002075195,242.495422363281,76.5025329589844,126.681968688965,123.982749938965,116.548873901367,32.8278732299805,226.789321899414,86.1101379394531,60.1993827819824
2020-08-20,114.62476348877,204.065780639648,12.0715093612671,83.5449447631836,195.410171508789,164.868499755859,240.62646484375,78.0696029663086,127.549591064453,123.49764251709,117.475944519043,32.3271598815918,225.018920898438,86.914192199707,60.1503410339355
2020-08-21,120.531669616699,202.582214355469,12.6109075546265,83.5020141601562,195.391052246094,164.235992431641,242.812683105469,78.0359420776367,128.67839050293,124.351043701172,117.982452392578,32.0846405029297,224.09245300293,87.21044921875,60.214298248291
2020-08-24,121.973251342773,203.219375610352,12.6474466323853,85.8530044555664,197.573425292969,165.373001098633,245.830307006836,78.5104064941406,129.017532348633,127.2705078125,118.900978088379,33.0312919616699,228.321151733398,86.3301849365234,60.2611999511719
2020-08-25,120.972640991211,205.863159179688,12.6770257949829,86.2305297851562,199.191024780273,167.324493408203,245.298812866211,79.5356674194336,128.941207885742,126.794410705566,119.373100280762,31.9829196929932,229.394393920898,86.3133010864258,59.9797821044922
2020-08-26,122.617736816406,210.313873291016,12.6998929977417,85.0207214355469,201.258590698242,172.092498779297,250.271087646484,81.4316253662109,129.144760131836,127.405258178711,118.797912597656,31.3022727966309,231.96272277832,85.5092239379883,59.4872398376465
2020-08-27,121.151916503906,215.477798461914,12.5559711456299,87.8178558349609,201.995620727539,170,247.442016601562,80.6584777832031,129.721298217773,128.788635253906,118.643447875977,31.0910358428955,230.174026489258,86.2455673217773,59.7615242004395
2020-08-28,120.955665588379,217.693649291992,13.0724983215332,88.17822265625,206.475311279297,170.089996337891,245.435974121094,81.1988296508789,130.281021118164,129.022186279297,119.124145507812,31.8342838287354,232.595718383789,86.7449264526367,59.9050979614258
2020-08-31,125.057525634766,214.479202270508,13.2979488372803,85.9645385742188,202.914535522461,172.548004150391,244.364318847656,80.7085113525391,130.085952758789,127.836418151855,118.746475219727,31.247501373291,229.082473754883,86.2117004394531,59.8236846923828
2020-09-01,130.038909912109,216.133987426758,13.7460069656372,85.9216384887695,204.216278076172,174.955993652344,245.135864257812,81.9739685058594,128.483352661133,131.196090698242,118.617637634277,30.8485050201416,235.686920166016,85.9070129394531,59.3865127563477
2020-09-02,127.344673156738,220.299377441406,14.2686567306519,87.2172393798828,207.212295532227,176.572494506836,247.514450073242,85.0600891113281,130.442123413086,134.08854675293,120.617805480957,30.6607341766357,239.602844238281,88.5138473510742,61.771598815918
2020-09-03,117.149353027344,206.652526855469,12.9448757171631,86.9426879882812,200.014205932617,168.399993896484,236.681518554688,80.70751953125,126.812850952148,131.833847045898,118.686340332031,30.5981502532959,230.597991943359,86.0001068115234,60.1279716491699
2020-09-04,117.226905822754,203.751937866211,12.554009437561,88.8217163085938,195.898300170898,164.731002807617,232.398239135742,78.3152770996094,125.99878692627,133.109420776367,118.428840637207,30.5746746063232,228.066009521484,85.2807006835938,59.4272308349609
2020-09-08,109.338111877441,192.729873657227,11.8483562469482,85.7328796386719,191.552703857422,157.492004394531,232.053512573242,75.4619293212891,124.870979309082,133.414825439453,116.694816589355,29.8705444335938,223.784591674805,83.6217956542969,59.5536727905273
2020-09-09,113.699241638184,200.936950683594,12.6460056304932,86.5480041503906,195.323989868164,163.43049621582,238.758438110352,76.6322937011719,126.94002532959,137.160736083984,118.591903686523,29.6906089782715,231.242523193359,85.466911315918,60.5094108581543
2020-09-10,109.987442016602,195.307052612305,12.2449436187744,85.6556625366211,192.911895751953,158.755493164062,235.018142700195,75.5832672119141,124.57421875,134.618591308594,117.347206115723,28.9473609924316,227.688522338867,84.6459350585938,59.3393745422363
2020-09-11,108.543434143066,194.03271484375,12.0984954833984,86.7195816040039,192.08869934082,155.811004638672,238.146469116211,75.0736236572266,125.311958312988,138.184829711914,118.58332824707,28.8691329956055,230.340209960938,84.815185546875,59.605094909668
2020-09-14,111.799743652344,195.345077514648,12.8024044036865,87.9207992553711,196.204635620117,155.148498535156,241.869583129883,74.7303771972656,125.795265197754,137.897369384766,119.003974914551,28.6813621520996,231.334655761719,86.2878875732422,60.4129905700684
2020-09-15,111.974182128906,198.549957275391,12.9205112457275,85.1837387084961,196.597045898438,157.806503295898,246.118316650391,76.0325012207031,126.25318145752,133.486694335938,119.003974914551,28.3762435913086,230.855819702148,86.9480590820312,63.3659324645996
2020-09-16,108.669410705566,195.002700805664,12.4465942382812,85.5441131591797,196.348220825195,153.904998779297,242.714157104492,74.8918609619141,125.837677001953,135.741409301758,118.205635070801,29.5810813903809,229.115661621094,86.8544235229492,60.0765495300293
2020-09-17,106.934638977051,192.967575073242,12.3958711624146,84.5659866333008,196.482192993164,150.436492919922,241.274948120117,73.6511535644531,124.794662475586,138.220748901367,118.051109313965,29.5732555389404,230.542785644531,86.054328918457,59.8986663818359
2020-09-18,103.542663574219,190.571029663086,12.1231088638306,84.3857879638672,193.936126708984,147.745498657227,237.164031982422,71.8706207275391,126.499084472656,136.891265869141,117.922348022461,29.0960121154785,226.592819213867,84.7094345092773,59.3415336608887
2020-09-21,106.68270111084,192.61572265625,12.4493284225464,81.7774353027344,188.996963500977,148.023498535156,234.716506958008,70.8329696655273,123.039405822754,130.54931640625,117.355796813965,28.5014190673828,219.539962768555,82.1814422607422,59.1872482299805
2020-09-22,108.359306335449,197.256607055664,12.5691766738892,80.8850784301758,191.973831176758,156.449493408203,235.543853759766,72.302978515625,122.284721374512,132.184188842773,118.428840637207,27.797290802002,219.346649169922,84.4285736083984,59.585807800293
2020-09-23,103.814033508301,190.761306762695,12.0579643249512,79.5723342895508,187.006042480469,149.99299621582,229.717987060547,69.8052520751953,122.47974395752,129.695907592773,117.012405395508,26.9054050445557,214.669342041016,81.1174774169922,58.5679359436035
2020-09-24,104.880088806152,193.233856201172,12.2810001373291,79.5036926269531,187.149627685547,150.989501953125,228.985366821289,70.4724044799805,122.674774169922,130.378601074219,117.536056518555,26.8506374359131,215.912307739258,81.1685485839844,59.4743766784668
2020-09-25,108.814804077148,197.63703918457,12.8038940429688,80.1986846923828,188.805557250977,154.756500244141,231.441558837891,71.274772644043,123.51424407959,131.0703125,118.136947631836,27.1009902954102,214.301040649414,83.1347579956055,60.3915557861328
2020-09-28,111.412101745605,199.177627563477,12.9642715454102,82.5067443847656,191.744110107422,158.702499389648,234.699279785156,72.2455291748047,124.743782043457,132.660263061523,118.471748352051,27.625171661377,218.260177612305,85.1435623168945,60.8887062072754
2020-09-29,110.568916320801,197.104446411133,13.1539850234985,81.8117370605469,190.901809692383,157.244003295898,234.509628295898,72.6100769042969,124.701431274414,132.417755126953,117.827911376953,26.8193397521973,217.689300537109,84.7860488891602,60.6701431274414
2020-09-30,112.235862731934,200.024032592773,13.4570808410645,82.6011123657227,191.409088134766,157.436492919922,239.335891723633,72.5892562866211,126.244735717773,133.980758666992,119.313018798828,26.8584594726562,219.254547119141,85.6457672119141,59.4786682128906
2020-10-01,113.185600280762,202.049667358398,13.5406255722046,83.2017288208008,194.644470214844,161.063003540039,239.258270263672,73.6937561035156,124.921897888184,131.788940429688,119.527610778809,25.9196281433105,214.254943847656,86.9565734863281,60.5929870605469
2020-10-02,109.531951904297,196.086868286133,12.9913711547852,83.991081237793,192.835342407227,156.25,240.714752197266,72.0939712524414,124.006057739258,134.690444946289,118.56615447998,25.8022727966309,213.748580932617,88.7099914550781,60.252254486084
2020-10-05,112.90454864502,200.071548461914,13.5684747695923,85.7663726806641,194.826248168945,159.960006713867,243.119201660156,73.4426498413086,125.693519592285,137.879364013672,119.656372070312,26.3968677520752,216.455551147461,89.53564453125,61.6965942382812
2020-10-06,109.667617797852,195.820602416992,13.6619625091553,84.8830490112305,191.868515014648,154.998001098633,238.267227172852,71.8671417236328,124.023040771484,136.118713378906,119.845230102539,26.1230411529541,213.684127807617,88.9313049316406,62.2044563293457
2020-10-07,111.528388977051,199.548477172852,13.8882312774658,86.3638916015625,193.802108764648,159.78450012207,243.713958740234,72.2693099975586,125.396743774414,139.029174804688,120.78092956543,26.2091007232666,220.00959777832,90.0208206176758,63.6702041625977
2020-10-08,111.421775817871,200.261764526367,13.7636585235596,88.1391220092773,194.290267944336,159.527496337891,245.204818725586,73.4723663330078,126.25318145752,140.726989746094,121.596397399902,27.5860557556152,218.904678344727,90.9400939941406,64.5102386474609
2020-10-09,113.360054016113,205.23551940918,13.6880702972412,87.6368560791016,197.793563842773,164.332504272461,246.411376953125,74.8106155395508,128.01692199707,142.775039672852,122.686622619629,27.1792278289795,220.921096801758,90.9996719360352,64.9109725952148
2020-10-12,120.560745239258,210.55158996582,14.1488075256348,88.7107086181641,197.563812255859,172.146499633789,247.264556884766,77.4921035766602,128.754623413086,146.071823120117,124.034324645996,27.0931720733643,221.215774536133,92.1743011474609,65.5023956298828
2020-10-13,117.362602233887,211.940063476562,14.170937538147,87.2731704711914,195.572891235352,172.181503295898,250.237869262695,77.6149444580078,125.803756713867,145.631652832031,123.793975830078,26.7723979949951,217.274978637695,90.761344909668,64.6023712158203
2020-10-14,117.449836730957,210.038055419922,14.0187683105469,86.7882308959961,193.543640136719,168.185501098633,247.419708251953,77.4351425170898,125.583320617676,146.970153808594,123.648040771484,26.7176361083984,216.24382019043,88.5482788085938,64.4245071411133
2020-10-15,116.984634399414,208.896865844727,13.8941974639893,88.0871810913086,191.007095336914,166.932495117188,247.807632446289,77.0404052734375,124.811653137207,148.254684448242,123.467796325684,26.9523468017578,211.40071105957,89.3569183349609,63.9573669433594
2020-10-16,115.34676361084,208.896865844727,13.7365570068359,87.9053344726562,191.686721801758,163.635498046875,247.910903930664,77.6461334228516,125.583320617676,151.587341308594,123.948516845703,26.6785202026367,214.604827880859,88.744026184082,65.4874114990234
2020-10-19,112.400611877441,203.723403930664,13.4245100021362,86.4244995117188,188.537567138672,160.360504150391,244.524002075195,75.7764358520508,122.377990722656,150.491424560547,121.819633483887,26.1465148925781,211.649276733398,87.6885757446289,64.1909408569336
2020-10-20,113.883377075195,204.13232421875,13.571457862854,86.9181289672852,189.236282348633,160.850494384766,246.514831542969,76.8229751586914,122.573028564453,151.802963256836,122.308921813965,26.3655738830566,214.752197265625,88.122688293457,64.4995040893555
2020-10-21,113.263145446777,204.274978637695,13.4513607025146,86.0521469116211,189.935043334961,159.246994018555,245.196197509766,78.5520248413086,122.047294616699,150.374664306641,122.969886779785,25.9430961608887,212.606842041016,87.373649597168,63.7901954650879
2020-10-22,112.177719116211,204.360595703125,13.2885007858276,89.0917205810547,189.513900756836,158.820007324219,242.30908203125,79.5757751464844,123.022430419922,152.404830932617,122.098968505859,27.2731132507324,214.715347290039,87.5013198852539,64.773811340332
2020-10-23,111.489624023438,205.63493347168,13.5165061950684,89.897087097168,189.533004760742,160.220001220703,243.894897460938,80.8793792724609,123.158081054688,152.368621826172,122.901725769043,26.7254600524902,215.700561523438,87.875846862793,64.9452209472656
2020-10-26,111.499313354492,199.786270141602,13.0699405670166,87.6715087890625,184.804504394531,160.352005004883,237.896697998047,78.4678268432617,122.081214904785,147.497283935547,121.969459533691,26.0917453765869,209.918334960938,85.5180740356445,64.8552398681641
2020-10-27,113.001480102539,202.80094909668,13.3240575790405,86.0174865722656,181.923370361328,164.316497802734,238.586059570312,79.1904449462891,121.385879516602,142.716262817383,122.884452819824,25.6770973205566,207.598083496094,84.3860015869141,64.9559707641602
2020-10-28,107.768127441406,192.74885559082,12.5584859848022,83.6014175415039,173.12678527832,158.139007568359,232.449813842773,74.8279647827148,117.324127197266,136.615753173828,118.82740020752,24.6991386413574,199.716598510742,82.9985809326172,63.8245010375977
2020-10-29,111.76097869873,194.688873291016,12.9533309936523,84.1469955444336,176.955505371094,160.550506591797,232.372329711914,77.1102447509766,116.332023620605,139.787994384766,118.749740600586,25.7944507598877,202.414352416992,85.2712326049805,63.4387855529785
2020-10-30,105.500343322754,192.54914855957,12.4659881591797,84.9003753662109,173.93083190918,151.807495117188,229.855819702148,80.043815612793,116.264183044434,141.939025878906,118.344055175781,25.5206203460693,202.874710083008,84.4370803833008,62.753059387207
2020-11-02,105.413116455078,192.415985107422,12.5124855041504,86.8141937255859,176.831192016602,150.223999023438,233.328964233398,80.4504699707031,117.603950500488,147.560546875,119.552543640137,26.5924587249756,210.461578369141,86.709716796875,64.398796081543
2020-11-03,107.031562805176,196.31510925293,12.9488544464111,89.5506744384766,180.276962280273,152.420501708984,239.042861938477,81.5073928833008,117.442848205566,151.555267333984,121.900428771973,26.1386871337891,215.534805297852,88.8546981811523,65.1616592407227
2020-11-04,111.402381896973,205.787078857422,13.7194013595581,86.8141937255859,185.665969848633,162.057998657227,243.653579711914,86.4696884155273,118.206024169922,140.294158935547,121.399772644043,25.9978618621826,216.639633178711,90.0633773803711,62.8473358154297
2020-11-05,115.356483459473,212.34895324707,14.0831661224365,90.3647003173828,189.178848266602,166.100006103516,246.351043701172,87.2943420410156,118.511291503906,147.397918701172,122.901725769043,25.9509258270264,229.962738037109,90.1229476928711,64.0730819702148
2020-11-06,115.22541809082,212.757904052734,14.482982635498,89.161003112793,189.973342895508,165.568496704102,244.963562011719,87.1571502685547,120.622703552246,145.771072387695,123.635406494141,25.6457977294922,230.478363037109,89.2802734375,64.9045333862305
2020-11-09,112.924591064453,207.689102172852,13.5567874908447,101.232711791992,203.574966430664,157.186996459961,232.665313720703,87.240837097168,123.870391845703,154.384124755859,119.112281799316,28.8926010131836,237.227310180664,84.7860488891602,64.7245101928711
2020-11-10,112.584808349609,200.670684814453,12.7007074356079,100.90364074707,204.178039550781,151.751007080078,237.491577148438,86.0670166015625,125.735885620117,155.721694946289,121.071754455566,29.5335960388184,241.269332885742,85.0669403076172,65.1359405517578
2020-11-11,116.002044677734,205.939254760742,13.3451919555664,99.3968200683594,203.594085693359,156.869506835938,239.370315551758,86.5380401611328,125.328918457031,153.154937744141,122.634147644043,29.2291145324707,239.041152954102,86.8374099731445,66.4645767211914
2020-11-12,115.730239868164,204.883697509766,13.383731842041,98.1758117675781,199.644561767578,155.514007568359,238.068939208984,86.3196105957031,125.752899169922,152.856689453125,122.703201293945,28.227575302124,234.851791381836,87.3481063842773,65.7188186645508
2020-11-13,115.778762817383,205.901168823242,13.2248487472534,98.7906494140625,201.772720336914,156.440505981445,238.870498657227,87.7777404785156,127.109580993652,155.188446044922,124.54182434082,28.9086284637451,236.684066772461,88.122688293457,66.1645584106445
2020-11-16,116.788444519043,206.5859375,13.4419145584106,101.579093933105,203.900848388672,156.552993774414,240.938842773438,87.8654022216797,127.915199279785,156.52604675293,122.944862365723,30.5751953125,235.210891723633,87.8928680419922,66.6445693969727
2020-11-17,115.904975891113,203.951644897461,13.3494176864624,100.548606872559,201.993225097656,156.783004760742,234.819900512695,87.2527236938477,126.643257141113,155.369216918945,122.470085144043,30.9838237762451,232.154037475586,88.6929702758789,65.6674118041992
2020-11-18,114.584663391113,201.262817382812,13.3558826446533,99.803840637207,199.232360839844,155.272994995117,232.544708251953,86.2116317749023,124.964309692383,156.119369506836,120.588302612305,29.8140258789062,230.4599609375,86.3096923828125,64.9645156860352
2020-11-19,115.176887512207,202.540481567383,13.3673229217529,100.072288513184,198.983108520508,155.850997924805,233.492660522461,87.0996780395508,124.769271850586,156.263946533203,120.441635131836,29.9662609100342,233.010330200195,85.109504699707,64.398796081543
2020-11-20,113.914833068848,200.604888916016,13.0167369842529,99.2149887084961,195.445770263672,154.970001220703,232.527481079102,86.0006256103516,124.107841491699,155.658447265625,120.243087768555,29.5976867675781,232.089630126953,85.3478240966797,64.7588119506836
2020-11-23,110.526702880859,200.337905883789,13.0687036514282,102.072700500488,199.548706054688,154.919494628906,233.897766113281,85.5637893676758,122.844131469727,157.963073730469,119.776977539062,31.5366725921631,232.154037475586,84.7434921264648,63.918773651123
2020-11-24,111.808143615723,203.913497924805,12.8874397277832,106.792289733887,201.005798339844,155.90299987793,235.543853759766,87.3636627197266,122.844131469727,159.879104614258,119.388526916504,33.6359252929688,235.855407714844,84.105110168457,64.2702331542969
2020-11-25,112.643043518066,203.923049926758,13.162935256958,105.675170898438,202.165771484375,159.253494262695,236.103988647461,87.3750686645508,122.68189239502,157.827529907227,119.707878112793,32.6984748840332,233.25895690918,84.2753295898438,65.4242095947266
2020-11-27,113.186714172363,205.219818115234,13.1892910003662,104.973739624023,202.271209716797,159.766998291016,237.853469848633,88.5087661743164,122.955123901367,158.234222412109,119.647491455078,32.2017135620117,237.024749755859,85.6287078857422,64.7008285522461
2020-11-30,115.574913024902,204.113754272461,13.3287811279297,102.081359863281,201.648071289062,158.401992797852,239.07731628418,86.8931503295898,123.535758972168,156.887573242188,119.871871948242,30.5511608123779,236.094787597656,85.1605758666992,63.3745880126953
2020-12-01,119.137794494629,206.154190063477,13.317343711853,103.692077636719,202.462936401367,161.003997802734,238.379272460938,88.9218597412109,125.900939941406,156.589340209961,120.303512573242,30.8476161956787,238.378204345703,85.2882461547852,63.8568687438965
2020-12-02,119.487274169922,205.353240966797,13.4710073471069,105.683837890625,201.485092163086,160.176498413086,234.913146972656,90.3883895874023,126.490127563477,157.140640258789,119.431671142578,32.0013961791992,231.967254638672,83.0071029663086,63.9946594238281
2020-12-03,119.351371765137,204.275848388672,13.3272476196289,104.99104309082,199.443267822266,159.336502075195,232.348281860352,90.2333755493164,127.224411010742,157.827529907227,118.55118560791,32.2177352905273,227.531219482422,82.6495742797852,63.167896270752
2020-12-04,118.681495666504,204.390243530273,13.4886646270752,105.943618774414,203.881698608398,158.128997802734,228.752182006836,90.3284606933594,128.308837890625,164.67822265625,118.663444519043,33.3955459594727,231.61604309082,83.9774475097656,62.4531059265137
2020-12-07,120.137710571289,204.323486328125,13.5369138717651,105.545288085938,203.852996826172,157.899993896484,227.582412719727,89.9951477050781,127.198776245117,161.514984130859,118.844657897949,32.770580291748,230.839736938477,83.0156021118164,63.0990142822266
2020-12-08,120.749313354492,205.96354675293,13.2814846038818,105.649192810059,203.968002319336,158.864501953125,226.785232543945,89.7128143310547,129.401733398438,161.632446289062,119.164070129395,33.8442420959473,230.340728759766,82.4878845214844,63.4520950317383
2020-12-09,118.225212097168,201.94938659668,12.8643856048584,104.826515197754,200.909973144531,155.210006713867,230.129989624023,88.0550842285156,130.725189208984,162.744064331055,117.748458862305,34.2929344177246,232.096603393555,82.0793151855469,63.4434776306152
2020-12-10,119.642593383789,200.72883605957,12.9056739807129,104.151054382324,199.021438598633,155.074493408203,229.462768554688,87.5494003295898,129.999435424805,161.641525268555,116.971557617188,35.2624244689941,231.92106628418,82.7176742553711,63.1076126098633
2020-12-11,118.836837768555,203.341384887695,12.9464597702026,103.536193847656,197.708129882812,155.820999145508,229.237426757812,87.9035339355469,130.597152709961,162.039123535156,117.834747314453,35.0941772460938,230.488555908203,82.8794097900391,63.5554504394531
2020-12-14,118.225212097168,204.237686157227,13.2404470443726,102.445098876953,198.676345825195,157.848495483398,230.129989624023,86.7871475219727,127.284156799316,160.918502807617,117.265068054199,33.8282203674316,228.825073242188,82.4538269042969,63.340145111084
2020-12-15,124.147163391113,204.170944213867,13.2919321060181,104.194358825684,199.740447998047,158.255996704102,232.209609985352,87.2239990234375,128.56494140625,164.253372192383,117.955589294434,34.4852333068848,232.577239990234,84.734992980957,64.5113525390625
2020-12-16,124.079193115234,209.081451416016,13.1745367050171,104.497459411621,199.654144287109,162.048004150391,233.604705810547,87.0313262939453,127.796493530273,162.228942871094,118.490791320801,35.0140533447266,231.163192749023,84.9903411865234,64.1065902709961
2020-12-17,124.943222045898,209.214920043945,13.2727794647217,103.631454467773,202.443771362305,161.804000854492,237.400054931641,86.205192565918,131.169204711914,161.930694580078,119.336708068848,34.8377799987793,237.170349121094,86.1119079589844,64.6405334472656
2020-12-18,122.962768554688,208.423522949219,13.2038831710815,103.120544433594,202.568374633789,160.082504272461,234.349945068359,85.4974212646484,131.929107666016,163.548461914062,120.018661499023,34.2368469238281,238.131484985352,83.9629669189453,64.1668853759766
2020-12-21,124.486938476562,212.237518310547,13.2638263702393,106.991455078125,200.363525390625,160.309005737305,234.817855834961,85.9104995727539,130.656921386719,162.825439453125,118.706611633301,33.6118850708008,234.896881103516,83.2609176635742,64.072151184082
2020-12-22,128.030395507812,213.524703979492,13.2101020812988,105.363418579102,197.324691772461,160.32600402832,233.994689941406,85.2002563476562,130.400787353516,159.589859008789,117.869285583496,33.0430107116699,234.240753173828,83.6033706665039,64.3391189575195
2020-12-23,127.137260437012,210.740524291992,12.9424839019775,108.307754516602,196.807006835938,159.26350402832,233.795379638672,85.5969772338867,129.734725952148,161.252853393555,117.688049316406,33.4676742553711,235.756362915039,82.353401184082,64.0118713378906
2020-12-24,128.117782592773,212.390029907227,12.9270601272583,107.831436157227,200.066375732422,158.634506225586,234.757217407227,85.8906936645508,130.187286376953,162.283142089844,118.879234313965,33.3314399719238,237.161087036133,83.2523498535156,64.5716323852539
2020-12-28,132.699996948242,214.497268676758,12.833794593811,108.541557312012,203.83381652832,164.197998046875,233.31005859375,87.8619232177734,130.802032470703,161.207641601562,119.707878112793,33.4436264038086,240.30322265625,84.0913848876953,65.0108413696289
2020-12-29,130.933135986328,213.724914550781,12.8768215179443,108.25577545166,205.501754760742,166.100006103516,230.658508300781,87.0595703125,131.613204956055,159.653121948242,119.483497619629,33.0670356750488,239.748748779297,83.6633148193359,64.8730545043945
2020-12-30,129.816635131836,211.369750976562,13.0782804489136,108.558868408203,209.326751708984,164.292495727539,229.852645874023,85.9942092895508,133.244079589844,162.717010498047,118.922393798828,33.3314399719238,241.920562744141,84.6050567626953,65.37255859375
2020-12-31,128.81672668457,212.075378417969,12.987998008728,110.039703369141,209.681427001953,162.846496582031,230.164642333984,86.8059844970703,134.37971496582,164.506484985352,120.104965209961,33.0269775390625,243.528610229492,85.3242340087891,66.4404067993164
2021-01-04,125.632507324219,207.565399169922,13.046196937561,109.000526428223,208.751556396484,159.331497192383,228.691497802734,85.4929656982422,133.628326416016,164.623931884766,118.965538024902,33.2513236999512,239.185028076172,82.224967956543,63.9171485900879
2021-01-05,127.185768127441,207.765594482422,13.3359537124634,109.593635559082,205.636001586914,160.925506591797,230.537216186523,86.1824188232422,135.199417114258,165.970611572266,119.725166320801,34.8538131713867,242.937149047852,82.353401184082,64.3908004760742
2021-01-06,122.904518127441,202.378402709961,12.5497598648071,114.739692687988,203.824203491211,156.919006347656,231.854354858398,85.3319931030273,136.471664428711,175.207260131836,120.98543548584,35.7431678771973,250.912780761719,80.4013595581055,67.542724609375
2021-01-07,127.098442077637,208.137451171875,13.2755174636841,118.507637023926,204.964981079102,158.108001708984,230.71923828125,87.8807525634766,136.932739257812,175.54167175293,119.854667663574,36.0236053466797,250.191940307617,81.6085357666016,68.2833480834961
2021-01-08,128.195449829102,209.405609130859,13.2086133956909,118.638473510742,206.537109375,159.134994506836,233.171401977539,89.0441665649414,136.650924682617,175.568740844727,119.802864074707,36.4242248535156,249.896194458008,82.7044143676758,69.867919921875
2021-01-11,125.215042114258,207.37467956543,13.551589012146,120.40909576416,204.0830078125,155.710494995117,235.025863647461,86.9867630004883,136.078872680664,175.207260131836,118.991432189941,37.5299339294434,247.243789672852,81.0434722900391,68.6278305053711
2021-01-12,125.040306091309,204.933731079102,13.4155426025391,122.301780700684,200.219741821289,156.04150390625,239.444961547852,86.0526351928711,135.020111083984,178.533172607422,118.300880432129,38.3632164001465,246.402862548828,81.086296081543,68.6794891357422
2021-01-13,127.069267272949,206.278167724609,13.4623012542725,122.415161132812,200.689529418945,158.294494628906,237.469360351562,86.5390319824219,134.815200805664,177.041915893555,118.482139587402,38.7958869934082,247.428634643555,81.6855926513672,70.479362487793
2021-01-14,125.147087097168,203.112594604492,13.1325006484985,123.130378723145,193.509353637695,156.373504638672,232.521560668945,85.7302169799805,137.171813964844,178.406616210938,117.221878051758,40.3102226257324,243.695007324219,81.7626419067383,71.0735778808594
2021-01-15,123.428764343262,202.759780883789,12.7935018539429,120.923675537109,193.250473022461,155.212493896484,238.803817749023,85.566780090332,136.873001098633,175.894119262695,116.341445922852,38.3712272644043,238.519622802734,83.6290512084961,70.6516036987305
2021-01-19,124.0986328125,206.373519897461,12.9583988189697,120.400352478027,193.317596435547,156.037994384766,236.724212646484,88.3824768066406,138.990509033203,176.321136474609,115.322875976562,39.1324081420898,239.397598266602,83.9115982055664,71.3147277832031
2021-01-20,128.176025390625,213.90608215332,13.2971525192261,118.594871520996,197.48762512207,163.169006347656,237.685989379883,93.1174240112305,138.648986816406,174.758361816406,113.881332397461,39.6852607727051,237.881942749023,85.9064331054688,72.3825836181641
2021-01-21,132.874740600586,214.506790161133,13.7963266372681,117.600524902344,196.65364074707,165.349502563477,241.801986694336,93.3194808959961,138.093978881836,174.622085571289,113.769302368164,38.5474967956543,234.000381469727,85.9834823608398,72.0897979736328
2021-01-22,135.010528564453,215.441207885742,13.6421222686768,116.693466186523,193.662689208984,164.61149597168,246.091232299805,93.7360229492188,139.647964477539,174.394973754883,112.892219543457,38.0026626586914,232.410842895508,86.6598358154297,72.5203704833984
2021-01-25,138.748138427734,218.854705810547,13.5831785202026,115.23681640625,192.665740966797,164.699996948242,247.027084350586,93.8212280273438,141.722900390625,170.215423583984,114.837455749512,37.5780067443848,233.926483154297,87.9269409179688,74.8111267089844
2021-01-26,138.981170654297,221.524490356445,13.3662958145142,114.76587677002,193.653106689453,166.306503295898,244.878158569336,94.4982833862305,145.565231323242,170.097305297852,115.575584411621,36.7527275085449,236.449478149414,90.7950668334961,73.398796081543
2021-01-27,137.913284301758,222.067977905273,12.8514547348022,111.521217346191,186.904357910156,161.628997802734,237.469360351562,90.089729309082,143.345184326172,164.118789672852,111.485412597656,36.3360900878906,224.490707397461,88.4235229492188,69.0584182739258
2021-01-28,133.088317871094,227.817474365234,12.9840202331543,113.483711242676,190.019912719727,161.880996704102,240.935409545898,91.7865982055664,144.438125610352,167.489669799805,113.204864501953,36.9049682617188,230.617935180664,88.5262451171875,71.0133056640625
2021-01-29,128.108032226562,221.171691894531,12.9230833053589,112.227722167969,185.255523681641,160.309997558594,234.670547485352,90.5067596435547,139.289367675781,166.126754760742,111.337768554688,35.9274597167969,226.791900634766,88.3550262451172,69.6440200805664
2021-02-01,130.22444152832,228.504013061523,13.1690654754639,113.056312561035,190.15412902832,167.143997192383,234.020645141602,93.7612915039062,138.930770874023,167.8349609375,111.997772216797,35.9915618896484,231.440475463867,90.6751861572266,70.3587875366211
2021-02-02,131.049606323242,228.370574951172,13.4871730804443,116.536468505859,194.228332519531,169,235.831665039062,95.051513671875,137.684158325195,174.903762817383,111.841468811035,36.5604362487793,233.122451782227,91.5056533813477,71.4180526733398
2021-02-03,130.030288696289,231.698226928711,13.4610595703125,117.870956420898,193.029983520508,165.626495361328,237.573364257812,101.973648071289,137.043731689453,173.949768066406,111.980392456055,37.9946517944336,231.163192749023,90.7864837646484,71.5213928222656
2021-02-04,133.379547119141,230.754287719727,13.5941219329834,120.583503723145,200.593643188477,166.550003051758,241.602691650391,101.713623046875,138.315979003906,174.131423950195,112.049896240234,38.7237739562988,230.285247802734,91.103271484375,71.4783248901367
2021-02-05,132.966354370117,230.935394287109,13.5212469100952,120.348030090332,200.133453369141,167.607498168945,241.637329101562,103.457023620605,140.41650390625,175.358016967773,112.518829345703,40.0217819213867,237.854187011719,91.3515701293945,71.9950561523438
2021-02-08,133.112197875977,231.192855834961,14.3646469116211,122.232009887695,198.331253051758,166.147003173828,242.651184082031,103.243560791016,140.817764282227,179.401290893555,112.171463012695,41.744441986084,237.826507568359,91.6769180297852,71.8228149414062
2021-02-09,132.237121582031,232.432418823242,14.1900482177734,121.743606567383,197.976577758789,165.25,239.826354980469,102.791366577148,141.970489501953,179.246810913086,111.737251281738,41.2555351257324,236.236923217773,91.9679946899414,72.1931076049805
2021-02-10,131.634368896484,231.526565551758,14.6884765625,121.813346862793,197.899856567383,164.328994750977,241.490081787109,103.340644836426,142.431533813477,179.646621704102,111.346473693848,41.6548042297363,233.556823730469,92.0536041259766,72.2620315551758
2021-02-11,131.381546020508,233.118927001953,15.1724786758423,121.473175048828,202.258773803711,163.106506347656,240.077590942383,103.453079223633,141.791168212891,180.219024658203,111.442008972168,40.6118011474609,233.917251586914,92.2590866088867,72.2964782714844
2021-02-12,131.614898681641,233.595657348633,14.884464263916,123.200172424316,201.586700439453,163.885498046875,240.467529296875,103.764114379883,142.235168457031,179.891906738281,110.825439453125,41.1658973693848,233.519836425781,92.1820373535156,71.5902938842773
2021-02-16,129.495376586914,232.365661621094,15.2515707015991,126.16569519043,199.608856201172,163.447494506836,238.630569458008,104.540245056152,140.945831298828,183.880630493164,111.085960388184,42.404468536377,231.172439575195,91.2488250732422,69.9195938110352
2021-02-17,127.210601806641,233.378692626953,14.8294992446899,126.55818939209,199.234390258789,165.432006835938,243.422378540039,104.932495117188,141.449584960938,183.807952880859,111.554908752441,43.0644874572754,230.377700805664,90.6067199707031,69.4804000854492
2021-02-18,126.111892700195,232.986877441406,14.7528924942017,126.985557556152,201.001022338867,166.411499023438,245.268005371094,104.298027038574,141.517990112305,181.645553588867,112.484085083008,42.3881607055664,230.978363037109,90.5638961791992,69.5234756469727
2021-02-19,126.267448425293,230.291839599609,14.8498954772949,129.105041503906,196.565292358398,162.494995117188,242.313232421875,103.456047058105,139.161285400391,190.722305297852,110.391250610352,42.6733627319336,231.856307983398,90.1529541015625,67.2585525512695
2021-02-22,122.504829406738,224.118118286133,14.2820730209351,130.317428588867,200.012115478516,159.037002563477,239.029190063477,101.744812011719,139.075424194336,198.127365112305,109.922286987305,44.2460060119629,232.031967163086,89.6563873291016,64.6749877929688
2021-02-23,122.368713378906,222.933074951172,14.0694198608398,131.36408996582,203.650985717773,159.725006103516,231.568389892578,102.035064697266,137.846725463867,200.053558349609,110.738571166992,44.8571472167969,239.027923583984,89.5108413696289,64.3391189575195
2021-02-24,121.872863769531,224.156295776367,14.4245882034302,133.67546081543,210.679061889648,157.976501464844,225.268798828125,103.208396911621,139.693984985352,202.134246826172,110.860160827637,46.2016296386719,235.303512573242,88.3892593383789,63.5210037231445
2021-02-25,117.633796691895,218.842727661133,13.239200592041,131.861251831055,205.225555419922,152.858001708984,221.178833007812,99.8473739624023,139.840087890625,201.543670654297,109.922286987305,45.4356880187988,228.270568847656,86.8053970336914,64.1139831542969
2021-02-26,117.896308898926,222.082458496094,13.6441135406494,128.363662719727,203.919799804688,154.646499633789,223.856369018555,100.142562866211,136.145568847656,196.146606445312,107.273651123047,44.3030433654785,225.747543334961,84.8191146850586,63.6118927001953
2021-03-01,124.245170593262,226.440399169922,13.7707090377808,131.268127441406,207.990753173828,157.307006835938,226.69856262207,102.50757598877,136.884490966797,199.671936035156,107.933662414551,45.9571762084961,232.420104980469,85.127326965332,65.7155609130859
2021-03-02,121.64924621582,223.506439208984,13.3374490737915,130.840759277344,207.165023803711,154.726501464844,225.546096801758,102.251014709473,136.626739501953,196.092102050781,107.59497833252,45.6882781982422,234.748977661133,84.8362350463867,65.3952407836914
2021-03-03,118.674118041992,217.476104736328,12.7390308380127,133.370132446289,206.281692504883,150.25,223.00715637207,99.6225204467773,134.22102355957,195.26530456543,106.952362060547,46.0549621582031,228.778854370117,82.2848968505859,62.7808227539062
2021-03-04,116.797645568848,216.682830810547,12.3067636489868,131.320495605469,203.065292358398,148.878494262695,217.435470581055,100.737915039062,131.514633178711,193.320861816406,106.075256347656,47.8394660949707,227.785720825195,81.8825302124023,61.7160110473633
2021-03-05,118.051879882812,221.337020874023,12.3975448608398,131.625747680664,206.819381713867,150.022994995117,219.679748535156,103.86515045166,134.117965698242,200.035415649414,109.401252746582,49.6484184265137,229.84619140625,83.3636322021484,61.2052421569824
2021-03-08,113.13224029541,217.313598632812,11.5337505340576,133.370132446289,211.485565185547,147.597503662109,224.454284667969,99.4288558959961,135.234832763672,201.325607299805,110.556228637695,49.5995292663574,235.452209472656,82.1479034423828,61.3437538146973
2021-03-09,117.730995178223,223.42041015625,12.4602918624878,132.428192138672,211.571960449219,153.142501831055,229.592758178711,101.056373596191,135.492614746094,196.982513427734,109.574935913086,48.8335876464844,243.489974975586,84.1769866943359,64.0793533325195
2021-03-10,116.651802062988,222.120712280273,12.4085397720337,135.306457519531,214.269912719727,152.88200378418,232.147552490234,100.849838256836,136.738418579102,200.853088378906,110.582275390625,50.3328857421875,246.552841186523,83.6633148193359,64.4602813720703
2021-03-11,118.576881408691,226.621994018555,12.9312753677368,134.600006103516,217.131042480469,155.679504394531,234.423385620117,104.037017822266,136.729843139648,199.671936035156,110.208862304688,49.9580535888672,248.158554077148,85.2386245727539,64.8065643310547
2021-03-12,117.672706604004,225.303146362305,12.79443359375,136.196105957031,215.412445068359,154.474502563477,238.129089355469,101.533821105957,137.125045776367,208.067321777344,111.277008056641,50.4958534240723,249.207321166992,86.7197723388672,65.5077819824219
2021-03-15,120.550575256348,224.404769897461,13.1280794143677,135.51579284668,214.365905761719,154.083999633789,242.872589111328,101.753746032715,137.829574584961,209.648239135742,111.641738891602,49.2084045410156,249.671478271484,87.9954376220703,65.3779144287109
2021-03-16,122.086769104004,227.176284790039,13.2276020050049,133.893508911133,215.738861083984,154.593002319336,245.959182739258,103.212364196777,138.645767211914,205.759506225586,111.971733093262,48.1654167175293,251.33283996582,89.2368698120117,65.2567291259766
2021-03-17,121.299217224121,226.535980224609,13.2773609161377,135.271591186523,214.125854492188,156.786499023438,244.171737670898,103.12964630127,138.130294799805,212.274078369141,111.520141601562,48.3772621154785,250.181854248047,87.4132537841797,63.1617431640625
2021-03-18,117.186561584473,220.496032714844,12.6615743637085,137.504455566406,211.860000610352,151.399505615234,246.900863647461,100.114356994629,137.872512817383,209.593719482422,111.763298034668,46.291259765625,248.650436401367,87.9645843505859,61.5774879455566
2021-03-19,116.661529541016,220.142425537109,12.7842311859131,135.315200805664,198.64875793457,153.748001098633,252.080337524414,100.392700195312,137.503051757812,204.696472167969,111.164115905762,46.0305099487305,249.782836914062,86.4742431640625,61.3264274597168
2021-03-22,119.967231750488,225.532485961914,13.123101234436,131.67805480957,199.704895019531,155.543502807617,251.940811157227,100.577430725098,137.898300170898,205.359741210938,113.048522949219,45.5579032897949,250.933731079102,89.291259765625,62.0622901916504
2021-03-23,119.140800476074,227.052062988281,13.0081548690796,130.361022949219,199.848892211914,156.875,252.847595214844,101.104423522949,137.769393920898,198.299987792969,115.150054931641,44.9956665039062,248.631881713867,90.6265258789062,64.0793533325195
2021-03-24,116.758758544922,225.026000976562,12.5824527740479,131.372787475586,199.772094726562,154.353500366211,255.262893676758,100.668579101562,139.109771728516,201.007583618164,115.115356445312,45.9082946777344,250.386108398438,89.4377136230469,63.049186706543
2021-03-25,117.244888305664,222.044235229492,12.4752206802368,133.056182861328,199.676040649414,152.313003540039,259.125640869141,100.665107727051,139.16130065918,203.751541137695,115.914268493652,45.7779197692871,253.736724853516,89.9632034301758,63.5859260559082
2021-03-26,117.847686767578,226.000778198242,12.7777624130249,135.271591186523,205.014343261719,152.601501464844,264.906616210938,100.282249450684,141.704483032227,208.521591186523,117.625015258789,47.0246238708496,261.180450439453,91.9876327514648,64.1139831542969
2021-03-29,118.022705078125,224.815719604492,12.8862409591675,133.169555664062,205.955261230469,153.786499023438,263.502807617188,101.325332641602,142.658187866211,209.175811767578,119.466018676758,46.7720184326172,260.809234619141,91.9790344238281,64.754638671875
2021-03-30,116.574043273926,221.575958251953,12.8101091384888,134.739501953125,203.449310302734,152.764495849609,265.787353515625,101.359016418457,141.773178100586,211.774353027344,117.625015258789,46.193489074707,259.194213867188,91.9704284667969,64.2525177001953
2021-03-31,118.761611938477,225.322265625,13.2843265533447,132.777038574219,203.286117553711,154.703994750977,266.162200927734,102.153938293457,141.206130981445,210.67497253418,117.607650756836,45.4927215576172,260.010955810547,91.3157043457031,65.4558334350586
2021-04-01,119.588050842285,231.610687255859,13.7456083297729,134.067932128906,208.211532592773,158.050003051758,268.342102050781,105.485229492188,139.900207519531,211.465469360352,116.609001159668,46.7638778686523,260.66064453125,93.4693832397461,65.5943450927734
2021-04-05,122.407600402832,238.032867431641,13.9205150604248,134.778625488281,210.304595947266,161.336502075195,275.012542724609,109.902206420898,140.415710449219,212.346801757812,118.49341583252,46.0386695861816,264.893035888672,93.3573837280273,66.4687194824219
2021-04-06,122.708984375,236.876510620117,13.7951202392578,133.8310546875,209.930160522461,161.190994262695,273.599945068359,109.421783447266,140.381317138672,209.557388305664,118.536811828613,45.9082946777344,263.695709228516,94.1757965087891,67.1439590454102
2021-04-07,124.35213470459,238.826126098633,14.0757675170898,135.92790222168,210.525390625,163.969497680664,272.457763671875,110.89624786377,140.570327758789,209.348434448242,118.745277404785,46.1119956970215,261.134063720703,94.4428405761719,67.0141143798828
2021-04-08,126.743873596191,242.027694702148,14.2484359741211,136.094619750977,211.898391723633,164.964996337891,274.166717529297,111.460861206055,140.020462036133,209.412033081055,119.196792602539,45.6312522888184,261.922973632812,93.4177093505859,67.3171081542969
2021-04-09,129.310668945312,244.512435913086,14.3310384750366,137.112365722656,213.645797729492,168.610000610352,278.352081298828,112.463333129883,138.542724609375,209.657379150391,118.423950195312,45.5253219604492,264.336090087891,94.339469909668,67.4729309082031
2021-04-12,127.599487304688,244.569793701172,15.1361646652222,136.822845458984,212.637664794922,168.969497680664,279.712310791016,111.173118591309,138.87776184082,209.820922851562,118.901565551758,45.2238273620605,264.920867919922,94.6237487792969,67.2132263183594
2021-04-13,130.700958251953,247.035461425781,15.6044149398804,135.190933227539,212.205612182617,170,279.372314453125,111.658973693848,137.021957397461,208.385330200195,117.329780578613,45.3949356079102,265.719085693359,95.4335403442383,68.4252090454102
2021-04-14,128.367553710938,244.263946533203,15.203839302063,132.664199829102,213.127334594727,166.649993896484,279.040954589844,111.038887023926,137.399993896484,211.320114135742,117.75528717041,46.7068405151367,264.568206787109,94.4686813354492,68.5030975341797
2021-04-15,130.76904296875,248.000686645508,16.0599746704102,133.506423950195,217.255874633789,168.954498291016,281.412628173828,113.18546295166,137.803771972656,211.265548706055,119.179443359375,46.4297904968262,267.278350830078,96.7946548461914,69.4121017456055
2021-04-16,130.438461303711,249.185729980469,15.8362979888916,134.497848510742,217.38069152832,169.97200012207,286.068817138672,113.061645507812,139.393264770508,212.028747558594,119.188140869141,46.1690330505371,269.125427246094,96.9669342041016,70.0700531005859
2021-04-19,131.099609375,247.274337768555,15.2881841659546,133.927551269531,216.785400390625,168.600494384766,284.996337890625,113.408836364746,139.779891967773,211.1474609375,118.632385253906,46.0223655700684,267.723815917969,96.6998825073242,69.0744934082031
2021-04-20,129.417602539062,246.815673828125,15.0985984802246,130.962127685547,214.375473022461,166.734497070312,282.476287841797,112.876403808594,143.036209106445,206.82258605957,119.622337341309,45.0527038574219,265.301361083984,98.8535537719727,69.7151031494141
2021-04-21,129.796768188477,249.032852172852,15.2869424819946,132.076354980469,218.379196166992,168.100997924805,284.211639404297,112.843711853027,143.13069152832,211.211059570312,118.840782165527,45.6312522888184,270.990997314453,98.8191070556641,67.4989013671875
2021-04-22,128.280075073242,245.773986816406,14.7791347503662,129.295166015625,218.494415283203,165.451995849609,280.296508789062,111.564376831055,141.919281005859,207.967361450195,117.660972595215,45.0363998413086,267.955963134766,98.7932510375977,67.8019104003906
2021-04-23,130.59407043457,249.577545166016,15.1921463012695,131.769287109375,220.827499389648,167.044006347656,282.415374755859,113.912536621094,142.211395263672,210.020965576172,117.057891845703,45.2808609008789,270.647583007812,98.9569473266602,67.7326354980469
2021-04-26,130.982925415039,249.959854125977,15.4038753509521,132.093887329102,221.15397644043,170.449996948242,279.014801025391,114.407829284668,141.008544921875,210.431640625,114.715705871582,45.3704872131348,268.716949462891,99.2584533691406,67.4642639160156
2021-04-27,130.662109375,250.361251831055,15.308087348938,132.699279785156,220.741073608398,170.871505737305,279.537902832031,113.469268798828,140.200927734375,210.230865478516,114.645767211914,45.9653282165527,269.357330322266,98.9397125244141,66.9015884399414
2021-04-28,129.874542236328,243.279647827148,15.2035913467407,133.55908203125,224.139892578125,172.925003051758,278.770629882812,116.840194702148,139.169891357422,212.019744873047,114.838043212891,47.3505706787109,266.508026123047,99.1550750732422,66.7370910644531
2021-04-29,129.777359008789,241.320449829102,15.2513608932495,136.156036376953,227.413925170898,173.565505981445,283.679718017578,118.510284423828,141.077239990234,207.611465454102,115.808143615723,48.0268821716309,268.549926757812,100.162979125977,66.8496475219727
2021-04-30,127.813362121582,241.005035400391,14.9376192092896,134.945297241211,224.245559692383,173.371002197266,282.223541259766,116.565803527832,139.814270019531,208.195571899414,116.603446960449,46.6416511535645,265.301361083984,100.386962890625,67.1006851196289
2021-05-03,128.863388061523,240.699279785156,14.7656955718994,134.550476074219,223.333419799805,169.324493408203,287.978393554688,116.049697875977,141.945053100586,208.25032043457,117.984313964844,47.9291000366211,267.955963134766,99.9390106201172,66.3994674682617
2021-05-04,124.303512573242,236.809600830078,14.2825231552124,136.410446166992,222.77653503418,165.593505859375,290.158264160156,114.254295349121,144.144515991211,213.032836914062,117.582275390625,48.2305908203125,262.66552734375,99.585807800293,65.5251007080078
2021-05-05,124.546577453613,235.548110961914,14.3892593383789,138.200256347656,220.069030761719,163.526992797852,289.530456542969,114.647560119629,143.543121337891,217.112655639648,116.63842010498,49.6810150146484,270.656829833984,97.354606628418,63.8715934753418
2021-05-06,126.141067504883,238.663604736328,14.4534502029419,140.981460571289,222.094879150391,165.318496704102,294.352264404297,115.765892028809,144.118774414062,216.373321533203,118.106643676758,50.1536254882812,275.102630615234,98.8277282714844,64.0707321166992
2021-05-07,126.813102722168,241.272644042969,14.7413148880005,141.464004516602,222.862991333008,164.580505371094,295.808441162109,116.488014221191,144.771728515625,219.951110839844,118.115417480469,50.8706855773926,277.450866699219,99.9476165771484,64.5208740234375
2021-05-10,123.540733337402,236.226638793945,14.197434425354,141.446441650391,216.958236694336,159.524505615234,297.439025878906,113.50740814209,146.292495727539,221.429656982422,120.317771911621,50.9929161071777,279.381408691406,100.102684020996,64.754638671875
2021-05-11,122.62525177002,235.318756103516,14.237738609314,139.095184326172,216.487777709961,161.195495605469,288.318420410156,112.433113098145,145.098251342773,218.408676147461,119.723480224609,49.3713798522949,277.15380859375,98.9483184814453,64.1226577758789
2021-05-12,119.567161560059,228.409118652344,13.6926126480103,138.138824462891,211.831207275391,157.59700012207,276.407592773438,108.975524902344,144.514007568359,216.601531982422,118.45622253418,49.6359252929688,272.856475830078,96.8032684326172,61.9324493408203
2021-05-13,121.709770202637,232.260543823242,13.5998077392578,141.692123413086,215.129241943359,158.073501586914,283.749359130859,110.401458740234,146.026153564453,219.111434936523,120.361442565918,49.0241584777832,276.541259765625,97.7767181396484,62.8760681152344
2021-05-14,124.125076293945,237.153625488281,14.1747951507568,143.894241333008,218.2060546875,161.145004272461,282.188720703125,112.845199584961,146.249526977539,221.08283996582,120.614898681641,50.2394256591797,279.529907226562,98.7674026489258,63.3002395629883
2021-05-17,122.975860595703,234.31526184082,14.0976610183716,144.473327636719,217.725296020508,163.519500732422,279.032196044922,113.367240905762,146.395599365234,223.419372558594,120.370216369629,51.4133605957031,279.260681152344,98.3711471557617,62.2440795898438
2021-05-18,121.592895507812,232.308288574219,13.9486293792725,142.437881469727,216.888778686523,161.613998413086,276.189697265625,112.057197570801,146.447143554688,218.563781738281,119.137954711914,49.9583396911621,276.587738037109,99.0517044067383,62.581714630127
2021-05-19,121.437103271484,232.883010864258,13.9983911514282,141.349975585938,215.946472167969,161.589996337891,274.184173583984,112.504440307617,146.129287719727,216.190795898438,119.38264465332,48.7596168518066,274.796325683594,99.3704681396484,62.9020080566406
2021-05-20,123.988739013672,236.101577758789,14.5425224304199,141.10432434082,217.725296020508,162.384002685547,275.448455810547,114.260238647461,146.979843139648,214.474914550781,120.606185913086,48.643856048584,276.708374023438,101.101974487305,64.313102722168
2021-05-21,122.157768249512,234.846755981445,14.9199552536011,142.709854125977,218.042556762695,160.154006958008,275.335083007812,113.625267028809,146.885314941406,216.528518676758,120.606185913086,48.7100028991699,277.116760253906,101.248443603516,64.4429702758789
2021-05-24,123.784225463867,240.220504760742,15.5372371673584,143.481918334961,220.494445800781,162.249496459961,274.524261474609,116.939239501953,147.447250366211,218.180465698242,120.571243286133,49.2804374694824,279.622650146484,101.782562255859,64.0880279541016
2021-05-25,123.589408874512,241.120956420898,15.5728149414062,141.99919128418,220.206008911133,162.952499389648,276.189697265625,117.029884338379,147.040985107422,216.464599609375,120.981971740723,48.164363861084,279.604125976562,101.808395385742,63.5166625976562
2021-05-26,123.540733337402,240.900604248047,15.6248159408569,141.981628417969,218.331069946289,163.257995605469,276.695343017578,117.893669128418,146.167785644531,216.957443237305,120.711044311523,48.7265319824219,278.23046875,101.23120880127,63.6032295227051
2021-05-27,122.011672973633,238.812408447266,15.4138288497925,144.19255065918,218.129135131836,161.505493164062,277.951019287109,117.020462036133,145.942962646484,220.215789794922,117.966812133789,48.4123878479004,279.167938232422,100.671257019043,63.196361541748
2021-05-28,121.359161376953,239.16682434082,16.1667060852051,144.096069335938,218.552200317383,161.153503417969,278.073089599609,116.731719970703,146.323364257812,220.033264160156,117.85319519043,48.2553100585938,279.000793457031,101.515487670898,63.3867988586426
2021-06-01,121.037788391113,236.982864379883,16.1866111755371,145.684097290039,217.907989501953,160.932495117188,275.806060791016,117.936737060547,143.107269287109,221.566558837891,116.131500244141,49.9831352233887,280.541625976562,103.22981262207,62.7645530700684
2021-06-02,121.797431945801,236.88703918457,16.6979007720947,145.692855834961,220.821350097656,161.699493408203,274.552581787109,117.412246704102,143.686508178711,222.205474853516,116.63842010498,50.3799705505371,279.312164306641,104.87523651123,63.2780227661133
2021-06-03,120.317092895508,235.363998413086,16.8884792327881,145.789337158203,219.330993652344,159.350494384766,272.974792480469,116.272575378418,143.548217773438,222.552276611328,118.727172851562,50.5783767700195,277.859100341797,104.987228393555,62.9821281433105
2021-06-04,122.605796813965,240.230087280273,17.4940643310547,146.026214599609,221.28288269043,160.311004638672,272.606719970703,118.550399780273,143.487670898438,222.716583251953,118.814559936523,50.801586151123,279.293426513672,105.435173034668,62.9560241699219
2021-06-07,122.615524291992,243.122924804688,17.5346202850342,145.341903686523,222.41748046875,159.900497436523,271.686309814453,118.982803344727,142.510757446289,218.828506469727,119.22533416748,50.4709053039551,271.581359863281,105.685020446777,63.069164276123
2021-06-08,123.433586120605,241.935180664062,17.3733959197998,144.762832641602,223.119384765625,163.205505371094,272.51025390625,118.791610717773,141.257141113281,219.193572998047,117.844459533691,51.3637542724609,272.438323974609,106.529243469238,62.7819786071777
2021-06-09,123.813407897949,242.912200927734,17.2790813446045,142.955535888672,223.369354248047,164.057495117188,269.389801025391,119.262138366699,143.159133911133,214.164611816406,117.80078125,51.793643951416,270.556854248047,106.486167907715,63.0517501831055
2021-06-10,122.820037841797,246.40852355957,17.3455295562744,140.72705078125,224.946273803711,167.482498168945,270.240051269531,120.608818054199,144.447326660156,206.023330688477,118.674690246582,51.8763122558594,270.417053222656,108.78630065918,63.9742431640625
2021-06-11,124.027671813965,247.031143188477,17.7439479827881,140.630523681641,225.917404174805,167.341506958008,272.396301269531,120.36466217041,142.614501953125,201.432464599609,117.861953735352,51.3968162536621,271.246124267578,107.433799743652,63.9568634033203
2021-06-14,127.076057434082,248.946960449219,17.9365673065186,138.244110107422,225.071228027344,169.193496704102,271.125366210938,121.29133605957,142.968963623047,199.890014648438,117.905632019043,51.314151763916,270.957397460938,108.682914733887,63.8001937866211
2021-06-15,126.257957458496,247.481338500977,17.7073669433594,136.14729309082,224.013565063477,169.156494140625,268.60986328125,120.274993896484,142.208190917969,200.300720214844,117.678398132324,53.1825256347656,270.957397460938,106.61368560791,63.9046401977539
2021-06-16,126.754608154297,246.54264831543,17.7290210723877,137.103561401367,220.763671875,170.762496948242,265.392883300781,119.634094238281,142.156311035156,198.201538085938,116.044105529785,52.9923858642578,269.699920654297,105.12451171875,63.7914924621582
2021-06-17,128.351852416992,249.914337158203,18.5721549987793,133.146728515625,223.215545654297,174.462005615234,265.691009521484,120.59593963623,142.839279174805,191.164642333984,117.101615905762,51.2480201721191,267.539001464844,106.154808044434,64.9054412841797
2021-06-18,127.05655670166,248.506256103516,18.5537414550781,129.777679443359,221.54248046875,174.345001220703,265.243957519531,118.978828430176,140.038162231445,190.626129150391,115.388648986816,49.9335479736328,262.677062988281,103.522796630859,63.7740821838379
2021-06-21,128.848587036133,251.571563720703,18.3432064056396,131.979858398438,225.302062988281,172.697998046875,269.617767333984,120.664291381836,141.646179199219,194.596343994141,116.297561645508,51.7440490722656,268.554168701172,106.137504577637,64.6878662109375
2021-06-22,130.484741210938,254.330276489258,18.8006134033203,131.786834716797,226.850036621094,175.272003173828,274.096801757812,121.17741394043,141.455963134766,194.523361206055,116.341239929199,52.7361030578613,270.435699462891,105.609367370605,64.4964065551758
2021-06-23,130.212005615234,254.100402832031,18.9703311920166,132.585189819336,225.648132324219,175.190994262695,273.185241699219,120.975830078125,140.600128173828,195.125717163086,116.175216674805,53.1246604919434,265.229187011719,104.864799499512,63.8349990844727
2021-06-24,129.929595947266,255.460601806641,19.1179027557373,133.804718017578,227.148101806641,172.453994750977,273.334167480469,121.345314025879,141.239852905273,200.191162109375,116.253868103027,53.3395957946777,265.573791503906,104.994636535645,63.4259643554688
2021-06-25,129.637390136719,253.860931396484,18.9442043304443,135.155853271484,228.186584472656,170.072998046875,274.903198242188,121.353744506836,141.966079711914,197.425720214844,117.914375305176,53.4553489685059,265.55517578125,105.626670837402,64.2788314819336
2021-06-28,131.26383972168,257.405151367188,19.8938579559326,135.401519775391,225.080871582031,172.19450378418,275.472900390625,121.380989074707,141.801818847656,197.389190673828,118.263977050781,52.0912666320801,269.821014404297,105.297691345215,65.4015121459961
2021-06-29,132.773391723633,259.972229003906,19.9354095458984,135.234817504883,226.869262695312,172.406997680664,278.944000244141,121.119956970215,141.810485839844,196.321365356445,117.459938049316,51.7688522338867,270.454406738281,105.150466918945,64.4702987670898
2021-06-30,133.387008666992,259.493316650391,19.9112720489502,136.463119506836,224.821243286133,172.007995605469,279.513732910156,120.938674926758,142.42431640625,198.630462646484,117.923080444336,52.1491317749023,269.271514892578,103.488159179688,63.7740821838379
2021-07-01,133.688888549805,260.163879394531,20.1198196411133,137.814224243164,226.100021362305,171.648498535156,281.836517333984,121.290344238281,143.479049682617,197.790802001953,118.194030761719,52.2979431152344,270.892120361328,103.877784729004,64.566032409668
2021-07-02,136.308731079102,265.959136962891,20.3935642242432,137.681854248047,229.446166992188,175.54899597168,282.853210449219,124.076820373535,146.089935302734,198.749130249023,118.770858764648,52.2235374450684,271.749114990234,104.78685760498,64.6443634033203
2021-07-06,138.31494140625,265.96875,20.6040954589844,135.369964599609,230.378768920898,183.787002563477,279.837982177734,125.000534057617,145.216766357422,194.879272460938,118.840782165527,50.7354545593262,268.712615966797,106.094192504883,65.3841094970703
2021-07-07,140.798446655273,268.143096923828,20.2788352966309,135.528823852539,230.763412475586,184.828994750977,283.536926269531,125.281860351562,146.461700439453,195.947174072266,119.732208251953,49.9418067932129,272.466217041016,106.743560791016,65.5581512451172
2021-07-08,139.503173828125,265.738800048828,19.811975479126,133.190414428711,227.503875732422,186.570495605469,279.206848144531,123.865333557129,146.176422119141,193.592407226562,119.714744567871,49.7185935974121,267.306213378906,106.587715148926,65.3841094970703
2021-07-09,141.324371337891,266.236938476562,19.9588031768799,137.452453613281,229.292282104492,185.966995239258,282.318572998047,124.335357666016,146.755661010742,198.438827514648,119.758415222168,50.6197128295898,272.633880615234,108.561698913574,65.2622451782227
2021-07-12,140.73030090332,265.642974853516,20.4189434051514,139.420211791992,228.715393066406,185.927505493164,282.011840820312,125.778633117676,146.522186279297,199.497573852539,119.854598999023,50.5701103210449,272.456939697266,110.310615539551,65.3492889404297
2021-07-13,141.840560913086,269.14892578125,20.1576442718506,137.346557617188,233.022964477539,183.86799621582,277.90087890625,126.141174316406,146.34065246582,196.403518676758,119.705993652344,50.3303642272949,269.848907470703,108.75220489502,65.1491241455078
2021-07-14,145.25895690918,270.614532470703,19.751012802124,136.878860473633,236.522903442383,184.083999633789,279.802917480469,127.02823638916,147.334899902344,193.163421630859,120.588706970215,49.2142944335938,271.125,109.288963317871,65.8801574707031
2021-07-15,144.606430053711,269.196868896484,18.8797473907471,137.178894042969,238.984344482422,181.559997558594,282.861999511719,125.80785369873,145.562591552734,192.953521728516,121.619987487793,48.7348098754883,272.019134521484,109.895050048828,66.854866027832
2021-07-16,142.57096862793,268.928588867188,18.0781650543213,134.04638671875,238.570892333984,178.681503295898,281.836517333984,125.77318572998,145.329132080078,189.795547485352,122.799774169922,47.3872566223145,270.174926757812,110.198059082031,67.8121871948242
2021-07-19,138.733764648438,265.346099853516,18.6940994262695,129.687271118164,231.157684326172,177.479507446289,279.496154785156,123.403717041016,144.274429321289,186.345397949219,122.738632202148,45.7586364746094,265.145294189453,109.765159606934,67.0028228759766
2021-07-20,142.337203979492,267.558837890625,18.5271167755127,132.105041503906,233.359481811523,178.65950012207,285.175964355469,125.019844055176,145.631713867188,190.823303222656,122.083137512207,46.2629318237305,270.454406738281,110.812767028809,67.1594772338867
2021-07-21,141.606811523438,269.551239013672,19.3214740753174,134.884628295898,234.282592773438,179.259994506836,286.061309814453,126.346725463867,146.530838012695,193.365020751953,121.654922485352,47.7510147094727,274.021667480469,109.869049072266,66.0368118286133
2021-07-22,142.970306396484,274.091674804688,19.5046329498291,133.181594848633,234.744049072266,181.901504516602,286.324188232422,127.210975646973,146.954452514648,191.924377441406,121.188827514648,47.2136535644531,274.9716796875,110.102806091309,66.2456817626953
2021-07-23,144.68440246582,277.473022460938,19.4687995910645,132.925689697266,239.436279296875,182.832000732422,291.741088867188,131.761199951172,148.519256591797,192.263885498047,122.938919067383,47.1557769775391,278.315521240234,110.726196289062,67.1855773925781
2021-07-26,145.103149414062,276.879119873047,19.2060031890869,133.816925048828,240.618957519531,184.990997314453,290.286163330078,132.771606445312,148.588485717773,193.64030456543,123.369873046875,48.3462524414062,277.998840332031,110.804107666016,66.9332122802734
2021-07-27,142.941055297852,274.474700927734,19.120397567749,133.64045715332,241.272796630859,181.31950378418,286.850189208984,130.656692504883,149.271423339844,192.603408813477,123.871162414551,47.8088798522949,278.352783203125,111.851715087891,67.7599639892578
2021-07-28,141.197723388672,274.168273925781,19.4140491485596,133.861068725586,237.436325073242,181.516006469727,285.325012207031,134.811187744141,148.856475830078,194.016510009766,122.033088684082,48.1312980651855,276.499206542969,110.501091003418,67.7512588500977
2021-07-29,141.840560913086,274.436553955078,19.572322845459,135.008193969727,238.378631591797,179.996002197266,286.999145507812,134.497634887695,148.856475830078,195.044219970703,122.666275024414,48.7182769775391,278.91162109375,110.726196289062,68.0210494995117
2021-07-30,142.054794311523,272.913421630859,19.4100685119629,133.931671142578,236.907470703125,166.379501342773,287.665374755859,133.456573486328,148.873779296875,189.712997436523,125.084800720215,47.593936920166,286.307037353516,110.856048583984,67.794792175293
2021-08-02,141.723693847656,272.827270507812,19.6599254608154,133.393356323242,230.551895141602,166.574005126953,286.815093994141,133.583374023438,148.934265136719,188.254028320312,124.776992797852,47.6022033691406,279.628814697266,111.219703674316,68.5867309570312
2021-08-03,143.515670776367,275.030334472656,19.724630355835,134.9111328125,227.965408325195,168.311996459961,290.952270507812,134.351531982422,150.767105102539,191.318801879883,126.597442626953,48.1147651672363,282.143707275391,112.267295837402,69.1175918579102
2021-08-04,143.116363525391,274.445983886719,20.1815357208252,133.455139160156,227.561599731445,167.735992431641,289.523559570312,133.851821899414,149.87663269043,187.666778564453,125.26065826416,46.9904365539551,284.658416748047,111.600631713867,69.5092315673828
2021-08-05,143.22346496582,277.329254150391,20.5428771972656,135.140533447266,230.965347290039,168.799499511719,291.977905273438,134.967178344727,150.161987304688,190.116760253906,125.322273254395,47.2880516052246,283.922576904297,112.942611694336,70.0487899780273
2021-08-06,142.540740966797,277.271820068359,20.2731132507324,138.978988647461,232.109527587891,167.246994018555,289.111572265625,134.459030151367,149.660507202148,191.18115234375,124.363624572754,47.8336944580078,284.891326904297,112.301948547363,70.1532363891602
2021-08-09,142.491943359375,276.189392089844,20.2024345397949,138.829025268555,230.763412475586,167.093505859375,288.165008544922,135.622451782227,150.179214477539,191.676620483398,125.040802001953,47.2880516052246,282.460205078125,112.561676025391,70.109733581543
2021-08-10,142.014038085938,274.378936767578,19.8450736999512,140.532043457031,228.907684326172,166.033996582031,290.549041748047,135.517456054688,150.231094360352,196.429840087891,125.119956970215,48.0982360839844,281.081817626953,111.990264892578,70.083610534668
2021-08-11,142.267623901367,274.867584228516,19.6091537475586,142.208618164062,226.013534545898,164.605499267578,295.387420654297,134.994430541992,150.257034301758,203.39436340332,125.427742004395,48.2387771606445,285.291839599609,111.600631713867,71.6849365234375
2021-08-12,145.223007202148,277.607147216797,19.8142147064209,142.764541625977,223.173202514648,165.175003051758,292.775482177734,135.900817871094,151.467376708984,202.091354370117,125.718040466309,48.1296768188477,285.627075195312,112.613639831543,72.2331848144531
2021-08-13,145.427856445312,280.519104003906,20.09592628479,141.167343139648,224.001251220703,164.698501586914,290.408843994141,136.429260253906,152.375137329102,200.558975219727,126.324829101562,47.6429214477539,288.179077148438,114.267265319824,72.6248321533203
2021-08-16,147.398071289062,282.195465087891,19.8590126037598,140.240875244141,226.61051940918,164.949493408203,293.678253173828,137.005798339844,153.749786376953,199.769821166992,127.204315185547,46.9463691711426,289.995483398438,115.747756958008,73.0599670410156
2021-08-17,146.490997314453,280.739440917969,19.3692569732666,138.546646118164,225.811340332031,162.098007202148,281.144012451172,135.373321533203,155.158966064453,195.85173034668,127.415336608887,46.6274604797363,290.153839111328,116.085433959961,73.0686798095703
2021-08-18,142.755340576172,279.021514892578,18.9531593322754,137.284790039062,223.019134521484,160.061004638672,281.845245361328,134.172286987305,153.18782043457,192.520843505859,126.025840759277,45.645565032959,288.654144287109,114.717498779297,73.4690017700195
2021-08-19,143.086929321289,284.818206787109,19.707706451416,136.137649536133,222.96142578125,159.387496948242,283.028503417969,134.401062011719,154.380905151367,187.6025390625,127.512084960938,44.2524490356445,289.827789306641,115.280265808105,73.582145690918
2021-08-20,144.540237426758,292.102600097656,20.7210636138916,136.525909423828,222.759201049805,159.997497558594,288.585693359375,136.13410949707,155.133010864258,188.052124023438,127.60001373291,44.2608489990234,292.324005126953,116.23265838623,75.0877304077148
2021-08-23,146.022796630859,292.380920410156,21.8578548431396,138.273056030273,225.435836791992,163.293502807617,287.270935058594,138.721466064453,154.463394165039,191.906021118164,126.949226379395,46.081974029541,291.373931884766,115.488059997559,73.4515914916992
2021-08-24,145.935012817383,290.432678222656,21.6936054229736,139.128997802734,225.532119750977,165.289001464844,284.781494140625,139.929962158203,152.532699584961,195.071716308594,125.920272827148,46.4596176147461,291.047882080078,113.202362060547,73.2253341674805
2021-08-25,144.706069946289,289.847259521484,22.1116943359375,141.996841430664,223.943481445312,164.958999633789,283.887542724609,140.73974609375,151.523864746094,197.062942504883,125.47176361084,46.5435409545898,291.392608642578,113.01188659668,73.5647125244141
2021-08-26,143.906234741211,287.044799804688,21.9673500061035,142.729217529297,221.950408935547,165.800003051758,281.783874511719,140.107299804688,150.715042114258,193.832992553711,125.251892089844,45.914119720459,289.967498779297,113.089813232422,73.2718505859375
2021-08-27,144.940139770508,287.6494140625,22.5327548980713,143.876342773438,224.039733886719,167.481506347656,283.449249267578,142.646621704102,150.393249511719,195.291976928711,125.155166625977,46.8036994934082,292.966674804688,113.687202453613,72.9221420288086
2021-08-30,149.348815917969,291.363586425781,22.5845241546631,141.573287963867,222.634017944336,171.078506469727,286.709869384766,143.227600097656,151.028121948242,194.025680541992,125.70036315918,46.2917709350586,293.907348632812,115.782409667969,73.3942413330078
2021-08-31,148.090591430664,289.722473144531,22.2868385314941,141.140884399414,220.583190917969,173.539505004883,285.903503417969,143.333572387695,150.567245483398,193.493499755859,125.225486755371,45.7546653747559,293.013214111328,116.587615966797,73.4292144775391
2021-09-01,148.753875732422,289.674438476562,22.3425941467285,140.937927246094,221.565292358398,173.949996948242,285.119476318359,143.846710205078,151.097763061523,190.823303222656,126.500701904297,45.1252403259277,292.351959228516,119.297538757324,74.6094818115234
2021-09-02,149.865753173828,289.021850585938,22.2977867126465,141.590911865234,215.846069335938,173.156005859375,288.7314453125,141.936370849609,152.13264465332,194.32844543457,126.597442626953,46.2246360778809,294.921936035156,119.88631439209,75.6061401367188
2021-09-03,150.499801635742,289.012298583984,22.742826461792,140.735000610352,216.741546630859,173.902496337891,291.022033691406,142.384613037109,152.228317260742,193.034713745117,126.685424804688,46.0483894348145,292.921936035156,120.33650970459,74.9154815673828
2021-09-07,152.830902099609,288.090911865234,22.5626163482666,140.487915039062,217.858428955078,175.464492797852,289.797424316406,142.920516967773,149.86279296875,191.071060180664,126.210479736328,45.7798461914062,294.987335205078,119.176338195801,74.3384552001953
2021-09-08,151.289794921875,288.119750976562,22.241039276123,139.861419677734,220.573593139648,176.274993896484,292.114379882812,142.336547851562,149.497497558594,189.731323242188,127.169128417969,45.3602294921875,291.202362060547,119.94686126709,75.5711517333984
2021-09-09,150.275421142578,285.278900146484,22.0797481536865,140.470291137695,219.033050537109,174.207992553711,292.281829833984,142.187973022461,146.16667175293,188.492614746094,126.632629394531,45.3937950134277,292.239776611328,116.63956451416,75.0466003417969
2021-09-10,145.301025390625,283.800933837891,22.3794288635254,138.855514526367,216.548965454102,173.457504272461,292.440399169922,139.548095703125,145.210006713867,188.116363525391,126.755767822266,45.3014831542969,290.127593994141,115.695831298828,74.2510299682617
2021-09-13,145.866744995117,285.029357910156,22.0548553466797,141.061508178711,216.279388427734,172.858505249023,295.523773193359,140.990875244141,144.192504882812,189.208282470703,128.118942260742,46.4680061340332,292.987365722656,114.959915161133,73.9450225830078
2021-09-14,144.471969604492,287.716644287109,22.1444625854492,138.599548339844,214.738876342773,172.5,293.471008300781,141.200881958008,143.322830200195,185.6572265625,127.899024963379,45.8050231933594,291.529541015625,114.760803222656,73.9974899291992
2021-09-15,145.359573364258,292.544067382812,22.2430267333984,139.561370849609,215.489837646484,173.789505004883,293.691345214844,143.068099975586,143.86198425293,188.77702331543,127.626419067383,47.349193572998,293.950073242188,115.401466369629,73.9712524414062
2021-09-16,145.125473022461,292.927978515625,22.1444625854492,139.499633789062,215.990524291992,174.412002563477,296.351898193359,142.256317138672,143.688079833984,186.822555541992,126.738166809082,46.8456573486328,292.594818115234,115.331871032715,73.4379577636719
2021-09-17,142.46272277832,287.793395996094,21.8039608001709,139.13786315918,213.506439208984,173.126007080078,295.717590332031,139.472808837891,143.279312133789,183.289825439453,126.940444946289,46.2917709350586,289.080871582031,113.183219909668,71.3747100830078
2021-09-20,139.419586181641,282.447692871094,21.0204162597656,134.972869873047,211.869659423828,167.786499023438,291.788452148438,137.41194152832,142.461853027344,175.095687866211,125.665214538574,45.0581092834473,282.436096191406,112.269813537598,71.4184112548828
2021-09-21,139.8974609375,282.927642822266,21.1528301239014,134.99055480957,211.985168457031,167.181503295898,294.440155029297,137.72248840332,143.087966918945,174.196426391602,125.85871887207,45.0161476135254,285.006195068359,112.08715057373,71.619499206543
2021-09-22,142.257904052734,286.555328369141,21.8447818756104,137.575988769531,214.469268798828,169.002502441406,295.946685791016,138.961166381836,142.566177368164,175.582061767578,126.289665222168,46.3337326049805,286.034210205078,113.096221923828,71.6020202636719
2021-09-23,143.213790893555,287.495910644531,22.3834133148193,142.226272583008,219.82258605957,170.800003051758,295.929016113281,139.884902954102,143.374954223633,180.417739868164,126.808555603027,47.9030876159668,290.062225341797,112.078430175781,71.0512237548828
2021-09-24,143.301528930664,287.294342041016,21.9841690063477,143.867538452148,222.980621337891,171.276000976562,297.320953369141,140.874496459961,142.940124511719,180.601287841797,126.245681762695,48.3310928344727,289.959411621094,111.260734558105,70.5529022216797
2021-09-27,141.78971862793,282.322967529297,21.565013885498,147.344207763672,221.06462097168,170.289993286133,300.774444580078,139.742279052734,141.905197143555,183.519226074219,124.583518981934,49.7661743164062,288.978118896484,109.77320098877,68.8568420410156
2021-09-28,138.414916992188,272.101867675781,20.6082286834717,146.550064086914,217.1748046875,165.798004150391,294.070129394531,134.549652099609,141.592132568359,184.023895263672,123.642463684082,50.2864952087402,280.305297851562,109.242553710938,67.5541763305664
2021-09-29,139.312255859375,272.562591552734,20.4270248413086,146.435348510742,218.253158569336,165.055999755859,296.82763671875,133.087066650391,142.644454956055,181.564743041992,124.900115966797,50.2529220581055,279.566986083984,109.990661621094,68.4983749389648
2021-09-30,138.015014648438,270.566436767578,20.625150680542,144.441070556641,214.469268798828,164.251998901367,289.189575195312,132.415954589844,140.452865600586,176.150894165039,122.947715759277,49.363338470459,274.183898925781,109.112083435059,68.6470108032227
2021-10-01,139.136672973633,277.457214355469,20.6510429382324,147.4765625,221.892608642578,164.162994384766,290.59912109375,135.255950927734,139.557113647461,178.316452026367,122.75422668457,51.134105682373,278.361419677734,109.981971740723,69.2502517700195
2021-10-04,135.713150024414,271.708374023438,19.6454677581787,147.317718505859,216.37565612793,159.488998413086,287.612640380859,132.399597167969,138.470001220703,177.21533203125,122.059463500977,51.7971000671387,275.370727539062,110.329933166504,69.3814010620117
2021-10-05,137.634658813477,277.130828857422,20.3613185882568,149.72346496582,215.942398071289,161.050003051758,290.264465332031,134.740844726562,138.783096313477,176.637252807617,122.534378051758,51.7131767272949,278.342681884766,109.981971740723,69.4863052368164
2021-10-06,138.502670288086,281.305603027344,20.6092281341553,150.043075561523,218.089477539062,163.100494384766,291.03955078125,136.268325805664,139.070114135742,176.04997253418,124.170166015625,50.7648544311523,276.679168701172,111.165031433105,70.972541809082
2021-10-07,139.760925292969,282.975555419922,20.9825782775879,150.992935180664,221.97932434082,165.121505737305,297.312225341797,137.912658691406,140.313720703125,179.619430541992,125.163993835449,50.9075164794922,279.585723876953,112.548187255859,70.745231628418
2021-10-08,139.380584716797,282.975555419922,20.7396507263184,151.108367919922,221.709716796875,164.430999755859,294.545928955078,138.467895507812,139.957153320312,179.078018188477,124.645072937012,52.1831512451172,276.809967041016,111.80876159668,70.1245040893555
2021-10-11,139.292709350586,282.380615234375,20.604248046875,147.930267333984,216.741546630859,162.315002441406,296.862884521484,137.604598999023,139.365814208984,176.995147705078,125.163993835449,51.6628303527832,275.548400878906,112.165451049805,68.0437774658203
2021-10-12,138.024749755859,281.084899902344,20.5803527832031,146.794006347656,215.720916748047,162.366500854492,297.594085693359,135.162841796875,137.139389038086,174.26985168457,124.97924041748,51.3942718505859,276.454925537109,115.079605102539,68.953010559082
2021-10-13,137.439544677734,284.376831054688,20.8471755981445,142.923477172852,214.190017700195,164.214004516602,298.016967773438,136.285140991211,138.452621459961,173.370559692383,125.269485473633,51.2516021728516,281.295867919922,116.48014831543,70.1070175170898
2021-10-14,140.219345092773,290.557434082031,21.6506385803223,145.1162109375,216.80891418457,164.99299621582,303.100128173828,139.820526123047,139.244018554688,178.316452026367,126.685424804688,52.0320892333984,288.566833496094,118.072067260742,71.2173233032227
2021-10-15,141.272735595703,291.958587646484,21.7661285400391,147.90364074707,222.402954101562,170.45100402832,308.703186035156,140.03547668457,140.278930664062,182.61994934082,127.010787963867,52.527229309082,288.071624755859,119.159439086914,71.4009246826172
2021-10-18,142.940643310547,294.914642333984,22.124547958374,147.850372314453,222.075576782227,172.337005615234,312.755676269531,141.432159423828,139.252700805664,181.849212646484,125.181526184082,52.5020523071289,287.819152832031,121.603866577148,70.8064270019531
2021-10-19,145.096206665039,295.816772460938,22.1922512054443,149.643600463867,224.838882446289,172.207504272461,315.380981445312,141.886856079102,142.514022827148,184.565307617188,123.704040527344,53.2909240722656,290.351898193359,121.021049499512,71.7156829833984
2021-10-20,145.583877563477,295.029815673828,22.0060729980469,151.65869140625,222.816955566406,170.753005981445,315.592498779297,140.432708740234,142.435760498047,187.36393737793,124.187759399414,53.584644317627,290.856658935547,124.761619567871,73.3680114746094
2021-10-21,145.798477172852,298.244873046875,22.5924911499023,150.469192504883,221.680816650391,171.750503540039,321.221893310547,140.548599243164,142.105239868164,185.482864379883,123.293983459473,52.6111488342285,290.940704345703,126.083877563477,73.2718505859375
2021-10-22,145.027923583984,296.709289550781,22.6263427734375,152.493194580078,222.634017944336,166.777496337891,322.428894042969,136.269821166992,142.383529663086,185.132247924805,124.621383666992,52.9720191955566,293.594848632812,125.266174316406,73.8051452636719
2021-10-25,144.97917175293,295.720825195312,23.0644111633301,151.747482299805,225.185546875,166.018493652344,327.071533203125,136.151443481445,142.696640014648,186.571640014648,124.63907623291,54.0042686462402,295.959289550781,126.223068237305,73.6915130615234
2021-10-26,145.642395019531,297.621002197266,24.6086044311523,152.155838012695,223.202087402344,168.803497314453,325.256774902344,137.995361328125,144.149017333984,184.200332641602,126.408836364746,55.2547187805176,296.043365478516,127.206085205078,74.7231216430664
2021-10-27,145.183990478516,310.155120849609,24.3437786102295,148.986663818359,207.758346557617,169.624496459961,328.00537109375,144.839263916016,142.400985717773,180.961837768555,125.506278991699,53.8196411132812,298.099517822266,125.144401550293,74.3209686279297
2021-10-28,148.812393188477,311.287475585938,24.8316268920898,151.232620239258,202.039199829102,172.328506469727,327.344696044922,144.474227905273,141.626953125,188.306198120117,126.258453369141,53.9706954956055,297.155548095703,127.588836669922,75.5536651611328
2021-10-29,146.110610961914,318.264678955078,25.4548759460449,150.815353393555,203.897415161133,168.621505737305,327.494476318359,146.650512695312,141.653045654297,188.232406616211,126.532752990723,54.1049766540527,298.314453125,126.101303100586,74.6007308959961
2021-11-01,145.291290283203,316.105377197266,25.7137393951416,150.735488891602,204.561828613281,165.905502319336,322.860534667969,142.144393920898,141.774780273438,189.496459960938,126.223022460938,55.0784797668457,301.837799072266,125.901206970215,74.8280258178711
2021-11-02,146.325164794922,319.713989257812,26.2852191925049,151.33024597168,201.365203857422,165.637496948242,323.574127197266,144.061645507812,144.009841918945,191.101867675781,127.479598999023,54.3987007141113,306.136871337891,127.901969909668,74.6794204711914
2021-11-03,147.75895690918,320.548919677734,26.4813613891602,151.383483886719,200.363845825195,169.199996948242,325.054168701172,145.216186523438,143.548889160156,187.807968139648,128.355667114258,53.6517944335938,306.921813964844,128.441314697266,74.5220336914062
2021-11-04,147.242050170898,322.890594482422,29.6703090667725,149.395004272461,201.018630981445,173.850006103516,327.882110595703,146.869918823242,143.148910522461,187.844863891602,128.594573974609,54.0546264648438,309.8095703125,128.632690429688,74.102424621582
2021-11-05,147.769500732422,322.525970458984,29.6215286254883,149.18196105957,208.615295410156,175.949493408203,324.552001953125,147.448913574219,142.131332397461,189.957794189453,129.231719970703,54.5665512084961,310.267547607422,127.60620880127,74.7755813598633
2021-11-08,146.949005126953,323.418548583984,30.6689147949219,150.078582763672,212.293304443359,174.449005126953,324.719390869141,147.626266479492,141.644317626953,197.680435180664,128.267166137695,55.1540107727051,315.445129394531,128.806686401367,73.9537734985352
2021-11-09,147.310363769531,322.420349121094,30.5225582122803,148.942291259766,205.457214355469,178.811492919922,326.534149169922,147.514785766602,141.331253051758,193.583847045898,128.656509399414,55.6911239624023,316.463745117188,129.137252807617,74.2597732543945
2021-11-10,144.48747253418,317.477722167969,29.3298168182373,148.800247192383,207.911926269531,174.102493286133,324.710601806641,144.518295288086,142.861877441406,190.68669128418,129.921951293945,54.5939674377441,314.594696044922,129.415618896484,74.4870681762695
2021-11-11,144.438629150391,319.042114257812,30.2567329406738,148.791351318359,202.954299926758,173.625,323.873687744141,144.392486572266,141.809616088867,192.402862548828,129.550277709961,54.6960258483887,313.697448730469,129.53742980957,74.6357116699219
2021-11-12,146.509429931641,323.159332275391,30.2567329406738,148.125579833984,204.565002441406,176.257507324219,328.278503417969,147.27653503418,143.505432128906,193.085601806641,129.691848754883,54.2792778015137,314.968475341797,129.450393676758,75.4575042724609
2021-11-15,146.51921081543,322.535491943359,29.89333152771,147.859252929688,204.767578125,177.283996582031,326.913024902344,147.052673339844,142.20964050293,191.646240234375,130.435165405273,54.7470664978027,312.155426025391,130.659561157227,76.3580017089844
2021-11-16,147.495971679688,325.837097167969,30.0705528259277,146.794006347656,207.545425415039,177.035003662109,345.633758544922,146.482116699219,141.47038269043,189.542572021484,130.249359130859,55.2998809814453,311.183471679688,130.024536132812,76.0432662963867
2021-11-17,149.92822265625,326.05810546875,29.1326808929443,146.003875732422,197.784469604492,177.449996948242,347.853881835938,146.651504516602,142.000915527344,187.28205871582,130.169723510742,54.6960258483887,309.790954589844,130.816192626953,76.7426834106445
2021-11-18,154.206573486328,328.125366210938,31.536096572876,144.74333190918,196.115829467773,184.802993774414,357.544525146484,148.426132202148,141.235595703125,185.842697143555,130.187393188477,54.1006813049316,309.342407226562,130.990127563477,76.5852966308594
2021-11-19,156.82438659668,329.894500732422,32.8403587341309,142.852508544922,193.733489990234,183.828506469727,360.046539306641,147.522720336914,141.661727905273,184.938491821289,129.921951293945,51.6001892089844,310.454467773438,130.676986694336,77.2060470581055
2021-11-22,157.28352355957,326.740814208984,31.8158645629883,145.897369384766,188.640823364258,178.628494262695,360.134674072266,144.922943115234,139.797164916992,186.728454589844,130.789123535156,52.3146018981934,308.164794921875,131.268508911133,76.3754577636719
2021-11-23,157.664413452148,324.673614501953,31.6067848205566,149.386169433594,191.447525024414,179.001998901367,359.7646484375,144.407867431641,140.663803100586,189.450332641602,132.24040222168,53.6924285888672,308.641448974609,132.729965209961,76.3317489624023
2021-11-24,158.182113647461,324.894744873047,32.5307159423828,148.214340209961,196.038696289062,179.020492553711,363.059539794922,144.742660522461,140.269882202148,191.055770874023,131.550155639648,53.9901008605957,305.837738037109,134.408843994141,76.5820388793945
2021-11-26,153.171127319336,316.981750488281,31.3648490905762,143.749069213867,190.63737487793,175.227996826172,354.769500732422,140.842788696289,139.359512329102,183.360733032227,130.497131347656,52.0934753417969,299.594818115234,130.381210327148,75.5985260009766
2021-11-29,156.521575927734,323.664093017578,33.2296371459961,143.127655029297,189.325607299805,178.078506469727,358.399139404297,144.158706665039,139.840942382812,180.768035888672,131.868759155273,52.3826446533203,299.753662109375,133.338897705078,77.8553009033203
2021-11-30,161.464172363281,317.856658935547,32.5327110290527,140.997146606445,186.894989013672,175.353500366211,352.928283691406,140.559967041016,136.497055053711,178.396820068359,127.939765930176,50.8942680358887,297.323852539062,131.138031005859,76.2044448852539
2021-12-01,160.946472167969,317.366333007812,31.3009815216064,140.162704467773,183.413131713867,172.186004638672,354.219879150391,139.721954345703,138.37907409668,176.662200927734,129.550277709961,50.851734161377,297.464019775391,131.964447021484,77.1352386474609
2021-12-02,159.959899902344,316.799041748047,31.9890384674072,143.109939575195,191.254669189453,171.86799621582,360.721801757812,141.618377685547,137.512435913086,181.570785522461,130.311309814453,52.1189918518066,303.812194824219,134.330612182617,77.8202133178711
2021-12-03,158.084442138672,310.568634033203,30.5621490478516,140.517761230469,189.354598999023,169.489501953125,360.757110595703,140.662979125977,139.517074584961,182.502655029297,132.629730224609,51.7872924804688,300.717834472656,134.539352416992,77.3021011352539
2021-12-06,161.483734130859,313.626190185547,29.9089412689209,142.177825927734,195.488906860352,171.368499755859,367.736785888672,141.805618286133,142.633407592773,185.713562011719,134.63850402832,52.3741416931152,304.778076171875,136.183486938477,78.2856140136719
2021-12-07,167.207717895508,322.019897460938,32.288745880127,144.317245483398,200.012481689453,176.164505004883,368.161407470703,145.881332397461,143.001037597656,188.675262451172,134.284545898438,52.9609985351562,310.047760009766,138.575729370117,79.3920745849609
2021-12-08,171.017181396484,322.067932128906,31.6903171539307,142.666061401367,201.575042724609,176.158004760742,363.800262451172,146.789688110352,143.858917236328,188.398498535156,134.886260986328,53.114086151123,312.429565429688,138.697494506836,79.3130264282227
2021-12-09,170.509262084961,320.27001953125,30.3600101470947,142.444122314453,203.889877319336,174.171005249023,363.8798828125,146.246856689453,145.224487304688,188.343139648438,135.673812866211,53.250171661377,311.426177978516,137.062103271484,78.952995300293
2021-12-10,175.285781860352,329.346435546875,30.0692596435547,141.875991821289,205.828552246094,172.212005615234,367.471374511719,146.6064453125,144.865631103516,187.724960327148,137.56755065918,53.5903701782227,313.189056396484,138.384368896484,79.2779083251953
2021-12-13,171.661880493164,326.327301025391,28.0409393310547,140.189315795898,203.533020019531,169.567504882812,358.483642578125,144.451950073242,147.456680297852,185.685836791992,139.523162841797,52.4166641235352,313.367218017578,140.681274414062,80.5599822998047
2021-12-14,170.284622192383,315.693328857422,28.2161903381348,141.263473510742,202.529907226562,169.091506958008,355.79443359375,142.550537109375,149.067352294922,186.045684814453,140.036437988281,52.3401260375977,313.657867431641,138.628875732422,79.0583648681641
2021-12-15,175.139266967773,321.760284423828,30.3291416168213,140.207092285156,204.777236938477,173.315002441406,360.757110595703,145.060623168945,149.811447143555,186.885330200195,140.576217651367,52.1104888916016,320.090515136719,141.973861694336,80.7882843017578
2021-12-16,168.262619018555,312.385925292969,28.2659778594971,142.39973449707,206.764114379883,168.871002197266,353.432495117188,143.083450317383,151.448379516602,190.225357055664,142.567245483398,52.1955337524414,318.824645996094,142.576461791992,80.9902725219727
2021-12-17,167.168640136719,311.328186035156,27.6824741363525,139.159545898438,204.362518310547,170.017501831055,343.215118408203,140.389114379883,147.264144897461,185.796569824219,139.337356567383,51.0558586120605,313.029632568359,140.768585205078,79.8574905395508
2021-12-20,165.810882568359,307.588043212891,27.6008205413818,136.656188964844,201.333938598633,167.078994750977,344.471221923828,140.272247314453,146.843933105469,180.343627929688,139.691314697266,50.3159217834473,309.738403320312,140.951995849609,78.9793472290039
2021-12-21,168.975723266602,314.683807373047,28.9510459899902,138.564758300781,207.738311767578,170.417007446289,345.417846679688,142.120147705078,146.371246337891,182.973220825195,139.602813720703,51.4555969238281,312.148223876953,140.428024291992,79.4271926879883
2021-12-22,171.564224243164,320.366241455078,29.2746562957764,139.106292724609,210.226776123047,171.037002563477,349.991363525391,145.034881591797,147.001495361328,186.516204833984,140.983291625977,51.8723487854004,314.454925537109,141.711837768555,79.7345199584961
2021-12-23,172.189376831055,321.798858642578,29.5136337280273,139.603408813477,208.934295654297,171.068496704102,351.256317138672,145.531677246094,147.281600952148,190.253036499023,141.67350769043,51.8978576660156,318.036987304688,141.266418457031,79.6467132568359
2021-12-27,176.145385742188,329.259948730469,30.8130722045898,140.402359008789,209.908477783203,169.669494628906,357.466369628906,146.512329101562,148.524673461914,190.419128417969,143.328262329102,52.6378021240234,322.022125244141,144.882110595703,80.1911697387695
2021-12-28,175.129501342773,328.106079101562,30.1927280426025,140.82844543457,210.313568115234,170.660995483398,359.3505859375,145.304321289062,149.119918823242,190.640548706055,144.098159790039,52.467700958252,322.369018554688,144.794799804688,80.6829223632812
2021-12-29,175.217437744141,328.779174804688,29.8730888366699,140.757461547852,210.429306030273,169.20100402832,363.437591552734,145.272598266602,150.170333862305,191.295654296875,145.292770385742,52.0084228515625,323.878784179688,146.445465087891,80.7795104980469
2021-12-30,174.064819335938,326.25048828125,29.4598617553711,140.686447143555,210.13996887207,168.644500732422,362.641418457031,144.822402954102,150.835662841797,190.142318725586,144.036148071289,51.7022399902344,322.875396728516,146.698760986328,81.4644546508789
2021-12-31,173.449462890625,323.366027832031,29.2856101989746,140.571044921875,209.021102905273,166.716995239258,367.126434326172,143.486633300781,149.750213623047,190.751251220703,144.752944946289,52.0424461364746,324.844573974609,147.039367675781,81.9825668334961
2022-01-03,177.786376953125,321.856475830078,29.9925842285156,143.544906616211,213.573623657227,170.404495239258,361.491333007812,143.624786376953,150.16162109375,190.991149902344,144.151184082031,54.0411376953125,317.539947509766,144.017532348633,80.4897308349609
2022-01-04,175.530014038086,316.337646484375,29.1651248931885,148.986663818359,214.567092895508,167.522003173828,365.206848144531,143.038391113281,149.758941650391,201.214309692383,144.655654907227,56.0738525390625,323.325561523438,140.611434936523,79.6291580200195
2022-01-05,170.860931396484,304.194061279297,27.4863109588623,146.262893676758,212.194381713867,164.356994628906,360.252960205078,136.476318359375,150.756851196289,202.755126953125,145.310485839844,56.7712593078613,324.825805664062,137.685623168945,78.7949371337891
2022-01-06,168.008682250977,301.790344238281,28.0578651428223,147.816787719727,211.95329284668,163.253997802734,358.943634033203,136.449081420898,150.240386962891,204.821899414062,144.089309692383,58.1065483093262,316.94921875,136.742416381836,75.3175277709961
2022-01-07,168.174758911133,301.944122314453,27.130838394165,149.281372070312,209.262268066406,162.554000854492,348.195526123047,135.725463867188,152.271224975586,206.851776123047,144.009674072266,58.5828285217285,315.326995849609,134.262054443359,75.8795318603516
2022-01-10,168.194290161133,302.165252685547,27.283182144165,149.424240112305,204.449310302734,161.485992431641,342.755035400391,137.362396240234,151.518402099609,204.498931884766,142.045166015625,58.2341270446777,314.529998779297,133.641937255859,74.0178909301758
2022-01-11,171.017181396484,302.847900390625,27.6984004974365,149.576065063477,206.773788452148,165.361999511719,342.056274414062,138.418853759766,149.907745361328,202.93962097168,140.399215698242,60.6835899353027,315.467681884766,133.615753173828,74.4569396972656
2022-01-12,171.456771850586,306.011260986328,27.8796329498291,150.424468994141,208.056610107422,165.207000732422,344.471221923828,140.097381591797,148.629684448242,205.200149536133,140.708938598633,60.5049705505371,320.02490234375,133.834136962891,74.7203979492188
2022-01-13,168.194290161133,293.059997558594,26.4617042541504,150.236923217773,207.371795654297,161.214004516602,342.330474853516,137.280700683594,147.728073120117,209.444412231445,140.071792602539,60.071216583252,312.635833740234,133.755508422852,74.5535430908203
2022-01-14,169.053848266602,298.252044677734,26.8271331787109,141.002838134766,207.053497314453,162.138000488281,329.078857421875,138.165756225586,146.922714233398,211.234390258789,141.416870117188,61.1258506774902,308.153717041016,133.397445678711,73.0607070922852
2022-01-18,165.859710693359,290.992858886719,25.7925662994385,135.090896606445,208.056610107422,158.917495727539,324.408172607422,134.716079711914,146.274963378906,212.09245300293,138.691345214844,62.1549491882324,301.149169921875,134.000061035156,71.3483581542969
2022-01-19,162.37255859375,291.646606445312,24.9601287841797,133.001159667969,207.063140869141,156.29899597168,318.189208984375,133.842895507812,145.819747924805,205.509750366211,143.354827880859,62.1804656982422,302.114990234375,134.139801025391,72.5250549316406
2022-01-20,160.692459106445,289.983337402344,24.0470314025879,131.86701965332,206.744873046875,151.667495727539,309.245697021484,132.050933837891,144.655502319336,200.846237182617,144.128875732422,62.3165512084961,301.636657714844,134.620132446289,73.3329238891602
2022-01-21,158.641204833984,284.627838134766,23.2743492126465,129.562942504883,198.623611450195,142.643005371094,308.821105957031,129.122802734375,144.322860717773,198.491317749023,144.680450439453,61.3810043334961,296.423156738281,135.746780395508,72.533821105957
2022-01-24,157.869567871094,284.954742431641,23.2723560333252,129.446838378906,194.688354492188,144.544006347656,321.833862304688,129.571044921875,142.65966796875,198.713836669922,143.506072998047,61.9083099365234,296.460662841797,133.895233154297,71.9367141723633
2022-01-25,156.072265625,277.378326416016,22.2288208007812,130.857864379883,194.8330078125,139.985992431641,317.561187744141,125.738510131836,146.738922119141,198.695281982422,141.940216064453,63.7283782958984,294.050842285156,134.462951660156,65.9478302001953
2022-01-26,155.984329223633,285.281616210938,22.6749134063721,132.099182128906,198.565704345703,138.872497558594,316.057373046875,128.014846801758,147.395446777344,198.676742553711,140.703552246094,63.0820198059082,289.681213378906,132.506591796875,63.7876281738281
2022-01-27,155.525238037109,288.291076660156,21.8504447937012,129.768325805664,198.835800170898,139.637496948242,315.305358886719,127.788993835449,149.329986572266,196.711181640625,141.575469970703,63.890007019043,291.950378417969,129.790435791016,63.673469543457
2022-01-28,166.377410888672,296.38671875,22.7426242828369,130.929321289062,219.910568237305,143.977996826172,324.248809814453,132.094024658203,150.380432128906,186.503402709961,142.794342041016,64.0260696411133,295.316680908203,135.432342529297,63.664680480957
2022-01-31,170.724166870117,299.002044677734,24.3816089630127,132.706466674805,218.145431518555,149.573501586914,324.638153076172,134.028121948242,150.818145751953,186.874252319336,142.74983215332,64.6044235229492,298.823638916016,136.960754394531,68.5998077392578
2022-02-01,170.558120727539,296.867523193359,24.532958984375,134.983703613281,224.115859985352,151.193496704102,326.15966796875,136.346572875977,149.583862304688,190.388076782227,142.1181640625,68.7463760375977,301.383514404297,134.078643798828,67.8182678222656
2022-02-02,171.759552001953,301.386444091797,25.1343841552734,133.903137207031,227.067306518555,150.612503051758,330.609252929688,146.604949951172,151.238357543945,190.00798034668,144.662658691406,68.5677642822266,302.208709716797,137.406173706055,68.2573394775391
2022-02-03,168.887771606445,289.646820068359,23.8459014892578,132.795776367188,223.324951171875,138.845504760742,322.718536376953,141.741226196289,151.229568481445,185.974914550781,146.032806396484,67.7682952880859,292.372344970703,136.628875732422,66.5361633300781
2022-02-04,168.604187011719,294.156066894531,24.2153186798096,136.242919921875,220.286727905273,157.639495849609,318.171569824219,141.942306518555,150.240386962891,183.953750610352,143.710708618164,69.2396850585938,279.413452148438,134.052474975586,66.7469253540039
2022-02-07,167.890197753906,289.3583984375,24.6225776672363,136.698394775391,219.100372314453,157.935501098633,316.119201660156,137.888900756836,149.741424560547,185.261032104492,142.634216308594,70.0731658935547,277.997497558594,132.794799804688,66.457160949707
2022-02-08,170.990600585938,292.829315185547,25.0009517669678,139.27033996582,219.852691650391,161.413497924805,319.737365722656,138.085006713867,150.135345458984,186.818634033203,142.313888549805,68.2615966796875,280.097930908203,132.043746948242,66.2639617919922
2022-02-09,172.408752441406,299.223175048828,26.5911464691162,139.850814819336,222.678695678711,161.189498901367,322.329284667969,140.257354736328,150.117813110352,188.765640258789,141.993637084961,67.9348068237305,285.199005126953,135.694381713867,67.3177337646484
2022-02-10,168.340118408203,290.733276367188,25.7139015197754,139.27033996582,217.940032958984,159.003494262695,314.119964599609,137.313369750977,148.305801391602,188.27424621582,139.831665039062,67.2812652587891,289.606140136719,129.633224487305,66.2551727294922
2022-02-11,164.9365234375,283.675933837891,23.8468952178955,137.457458496094,217.070602416992,153.293502807617,309.873809814453,133.016754150391,146.808929443359,186.577575683594,139.048751831055,68.9753341674805,276.365936279297,127.781707763672,65.8248901367188
2022-02-14,165.171264648438,283.637573242188,24.1635437011719,136.180419921875,217.698532104492,155.167007446289,310.997192382812,134.24853515625,144.961868286133,185.325942993164,139.449127197266,67.9176330566406,275.221923828125,126.934532165527,65.7897567749023
2022-02-15,168.995391845703,288.896789550781,26.3820457458496,138.171890258789,220.09440612793,156.510498046875,312.501098632812,135.320831298828,146.458740234375,188.589508056641,139.520309448242,67.066291809082,283.089111328125,127.179084777832,65.9390487670898
2022-02-16,168.760665893555,288.559661865234,26.397970199585,138.421936035156,221.060546875,158.100494384766,309.696807861328,136.439697265625,146.371246337891,188.802703857422,140.579025268555,67.3758544921875,284.898864746094,126.096122741699,66.0619812011719
2022-02-17,165.171264648438,280.109954833984,24.4025211334229,135.233795166016,216.993255615234,154.652496337891,307.794921875,131.289688110352,145.478363037109,180.551162719727,142.189331054688,67.2726669311523,280.341827392578,125.135398864746,66.1937026977539
2022-02-18,163.625930786133,277.412200927734,23.5412063598633,135.86784362793,215.138381958008,152.601501464844,306.848419189453,129.173828125,143.918975830078,177.964447021484,142.260498046875,66.5244979858398,283.989379882812,124.497871398926,65.1136093139648
2022-02-22,160.711410522461,277.2099609375,23.2902793884277,135.626724243164,213.814834594727,150.197494506836,279.690490722656,128.589874267578,141.96321105957,177.278350830078,140.507827758789,65.7505798339844,275.296936035156,124.340660095215,64.788688659668
2022-02-23,156.554763793945,270.032104492188,22.2915534973145,132.786849975586,208.626953125,144.826995849609,272.861267089844,126.385360717773,142.033676147461,173.069137573242,138.755172729492,66.0171508789062,272.952789306641,122.934524536133,63.5066146850586
2022-02-24,159.166076660156,283.829040527344,23.6467571258545,129.089645385742,209.931167602539,151.358001708984,277.098602294922,131.44026184082,139.320190429688,171.233413696289,135.018478393555,65.1830368041992,267.4765625,125.179107666016,66.2463912963867
2022-02-25,161.229766845703,286.449584960938,24.0540084838867,132.143829345703,211.834396362305,153.788497924805,280.115112304688,133.192092895508,146.244812011719,173.430709838867,140.783645629883,66.9372940063477,278.953948974609,129.650695800781,67.7567977905273
2022-02-28,161.49382019043,287.875549316406,24.2810382843018,126.633750915527,208.791198730469,153.563003540039,279.389709472656,133.783966064453,144.985015869141,173.912826538086,138.69287109375,67.4360580444336,274.968780517578,127.37996673584,69.112174987793
2022-03-01,159.615966796875,284.175872802734,23.3769054412842,121.855972290039,201.883651733398,151.141998291016,283.299774169922,132.797821044922,144.482833862305,169.508926391602,136.397506713867,68.0809936523438,264.954193115234,127.301368713379,68.3792953491211
2022-03-02,162.902206420898,289.224456787109,24.1208477020264,124.383285522461,201.410232543945,152.052505493164,289.598236083984,133.303039550781,146.280059814453,178.576324462891,136.82453918457,69.2505111694336,272.118225097656,128.943283081055,68.476432800293
2022-03-03,162.57942199707,285.110382080078,23.6169242858887,123.499168395996,200.202682495117,147.898498535156,286.935546875,132.63737487793,148.4296875,180.653182983398,137.331665039062,69.6890716552734,269.502044677734,130.637603759766,69.5713500976562
2022-03-04,159.586624145508,279.271759033203,22.8421077728271,120.025215148926,193.498016357422,145.641006469727,286.847106933594,130.663162231445,149.310699462891,181.40412902832,138.025619506836,72.311882019043,263.894592285156,131.738021850586,70.8252182006836
2022-03-07,155.801635742188,268.721771240234,21.264591217041,115.390312194824,184.233215332031,137.453002929688,285.528991699219,125.18724822998,151.715805053711,182.368362426758,135.979339599609,74.91748046875,254.105178833008,130.052444458008,74.3307037353516
2022-03-08,153.982482910156,265.773559570312,21.4259281158447,114.577644348145,185.208938598633,136.014495849609,280.194763183594,125.90641784668,148.641128540039,194.699310302734,130.596755981445,75.4850387573242,254.527038574219,128.375579833984,72.3616256713867
2022-03-09,159.371475219727,277.96142578125,22.9197864532471,119.167907714844,192.985961914062,139.279006958008,282.295043945312,132.162368774414,149.204956054688,194.495376586914,132.358337402344,71.1939697265625,274.528076171875,131.423629760742,70.9223327636719
2022-03-10,155.038803100586,275.15771484375,22.565242767334,117.756889343262,191.256698608398,146.817504882812,282.953582763672,131.181243896484,149.469284057617,196.358871459961,128.950836181641,73.4040145874023,266.883453369141,131.947647094727,70.7810745239258
2022-03-11,151.331985473633,269.839385986328,22.0095310211182,115.104537963867,190.03938293457,145.524505615234,281.930206298828,128.646331787109,149.196166992188,199.17741394043,127.420570373535,73.0256500244141,264.322692871094,129.109222412109,70.0216903686523
2022-03-14,147.312255859375,266.342041015625,21.2426834106445,116.247634887695,193.536651611328,141.852996826172,283.327331542969,124.763793945312,151.257690429688,199.742950439453,129.048721313477,70.4114227294922,268.653381347656,130.279510498047,70.0040130615234
2022-03-15,151.684097290039,276.660675048828,22.8789539337158,118.310577392578,199.149612426758,147.366500854492,292.38720703125,127.980171203613,155.178085327148,200.688674926758,133.692886352539,66.4041366577148,276.881713867188,132.611404418945,72.3881225585938
2022-03-16,156.085266113281,283.636291503906,24.3957176208496,123.597396850586,204.685317993164,153.10400390625,294.496429443359,132.024185180664,153.750869750977,200.336349487305,133.239105224609,66.1547546386719,286.701019287109,134.995712280273,72.8560791015625
2022-03-17,157.092636108398,284.435943603516,24.6646175384521,125.160232543945,206.21174621582,157.238998413086,299.346649169922,132.577423095703,155.759536743164,205.546844482422,133.657287597656,67.9176330566406,291.257598876953,137.52392578125,73.0150299072266
2022-03-18,160.378860473633,289.455657958984,26.344705581665,125.115608215332,211.679840087891,161.250503540039,303.24462890625,134.842376708984,154.032775878906,204.814407348633,133.586090087891,67.6510314941406,293.413635253906,140.596389770508,72.7324829101562
2022-03-21,161.748107910156,288.232025146484,26.6245555877686,124.713706970215,209.679977416992,161.491500854492,293.125854492188,134.818618774414,154.904998779297,207.410415649414,134.093231201172,70.6866073608398,292.509735107422,139.5078125,72.2291793823242
2022-03-22,165.112564086914,292.953094482422,26.4154205322266,127.36604309082,211.061508178711,164.889007568359,293.446258544922,138.549591064453,154.173751831055,206.483291625977,135.125259399414,70.3770294189453,293.856079101562,139.288360595703,73.1563186645508
2022-03-23,166.472076416016,288.549957275391,25.5290603637695,124.829795837402,207.400009155273,163.408004760742,282.161529541016,136.972076416016,153.59228515625,205.98258972168,134.182189941406,71.4863433837891,289.308837890625,138.024261474609,72.909065246582
2022-03-24,170.247283935547,292.991546630859,28.034761428833,125.642463684082,209.940826416016,163.649505615234,281.031280517578,140.237548828125,154.385192871094,206.019729614258,134.413497924805,71.7013244628906,299.420104980469,136.847946166992,73.9068603515625
2022-03-25,170.882995605469,292.5869140625,27.5786380767822,126.74095916748,211.022857666016,164.773498535156,276.492553710938,140.337600708008,155.865249633789,207.085891723633,135.970428466797,73.2664031982422,300.079132080078,138.112060546875,74.1188049316406
2022-03-28,171.743667602539,299.350494384766,28.1034832000732,125.803230285645,213.283493041992,168.990493774414,279.696380615234,140.122161865234,156.6669921875,205.685943603516,136.904586791992,71.2111663818359,303.750823974609,140.763153076172,74.5514678955078
2022-03-29,175.029937744141,303.888488769531,28.538688659668,126.080078125,220.384246826172,169.315002441406,282.748901367188,141.162261962891,156.587677001953,204.934967041016,138.310333251953,70.8327941894531,307.234191894531,144.581802368164,74.7192306518555
2022-03-30,173.86604309082,302.39501953125,27.5766468048096,125.50853729248,216.355667114258,166.300994873047,274.516784667969,140.600601196289,158.217514038086,206.826324462891,137.358352661133,72.045295715332,306.556365966797,144.090209960938,75.4962692260742
2022-03-31,170.775390625,297.047760009766,27.1742992401123,121.739875793457,214.249618530273,162.997497558594,266.391510009766,137.756652832031,156.13835144043,206.585235595703,135.943771362305,71.0219879150391,300.728729248047,141.755172729492,74.7986755371094
2022-04-01,170.482009887695,298.117248535156,26.6026496887207,120.837890625,218.683944702148,163.559997558594,268.669799804688,138.829452514648,156.984100341797,203.757476806641,137.981140136719,71.4777603149414,303.835510253906,145.547439575195,75.6817016601562
2022-04-04,174.521331787109,303.464508056641,27.2479972839355,121.373725891113,220.017150878906,168.346496582031,271.953704833984,141.62385559082,155.468795776367,204.7216796875,137.082550048828,71.5121307373047,302.621032714844,143.774200439453,75.6022262573242
2022-04-05,171.215530395508,299.523956298828,25.8248424530029,119.961242675781,218.423095703125,164.054992675781,271.312957763672,139.265777587891,156.47314453125,200.280715942383,137.562957763672,71.1423721313477,302.931762695312,145.968826293945,76.2291412353516
2022-04-06,168.05647277832,288.559661865234,24.3070888519287,118.296875,211.583129882812,158.755996704102,265.6884765625,135.26091003418,160.543319702148,200.45686340332,139.529159545898,71.9335174560547,296.605041503906,149.330978393555,76.3704147338867
2022-04-07,168.359649658203,290.361328125,24.1089000701904,117.937004089355,208.82014465332,157.78450012207,269.435180664062,134.607620239258,160.129257202148,200.169479370117,141.335205078125,73.1374359130859,299.429473876953,148.207336425781,76.8913803100586
2022-04-08,166.354675292969,286.122100830078,23.0243587493896,120.096199035645,209.622024536133,154.460494995117,276.875244140625,132.031143188477,160.446395874023,201.217071533203,142.438461303711,74.6766967773438,299.212951660156,148.049285888672,76.0172271728516
2022-04-11,162.109954833984,274.839721679688,21.8272762298584,119.65535736084,207.467620849609,151.121994018555,272.968231201172,127.609199523926,158.437759399414,200.308486938477,141.895751953125,72.1054916381836,298.582183837891,145.485992431641,74.6838989257812
2022-04-12,163.978057861328,271.756713867188,21.4159679412842,118.341857910156,204.23127746582,150.787506103516,272.585540771484,126.510665893555,158.490600585938,200.911148071289,141.468673706055,73.6103897094727,295.616638183594,145.134841918945,74.0746383666992
2022-04-13,166.657897949219,277.113586425781,22.1121082305908,114.527282714844,206.037872314453,155.541000366211,276.261108398438,128.669616699219,159.160186767578,202.366744995117,141.869064331055,74.6509017944336,300.559326171875,144.845169067383,73.7744064331055
2022-04-14,161.660079956055,269.608123779297,21.1709728240967,113.465667724609,205.574111938477,151.706497192383,271.010345458984,125.535453796387,158.490600585938,211.211654663086,141.077239990234,75.5280380249023,299.871978759766,142.826080322266,73.1209945678711
2022-04-18,161.444900512695,270.272888183594,21.6938228607178,115.57088470459,205.94123840332,152.785003662109,267.174591064453,126.473030090332,156.517196655273,213.167938232422,139.733810424805,76.1471939086914,298.949371337891,143.089462280273,72.1496963500977
2022-04-19,163.723754882812,274.878326416016,22.1071281433105,117.963996887207,208.38542175293,158.115493774414,273.929412841797,128.78352355957,161.292190551758,215.244750976562,141.824523925781,75.4678573608398,299.523651123047,148.848129272461,72.2556610107422
2022-04-20,163.557479858398,275.899627685547,21.3940582275391,118.37784576416,210.404510498047,153.998001098633,280.461791992188,126.833084106445,162.005798339844,217.95198059082,145.596832275391,75.6398315429688,307.262481689453,151.578262329102,71.9731063842773
2022-04-21,162.765289306641,270.552307128906,20.1003761291504,117.460174560547,209.109985351562,148.296005249023,276.207672119141,123.637985229492,161.538848876953,215.624847412109,145.483200073242,74.840087890625,305.379455566406,149.919143676758,67.266731262207
2022-04-22,158.236953735352,264.019989013672,19.4351081848145,114.086433410645,201.110778808594,144.350006103516,267.085632324219,118.5078125,159.935440063477,201.502044677734,144.266448974609,73.2062225341797,291.587127685547,148.119537353516,65.2976303100586
2022-04-25,159.303009033203,270.465606689453,19.8205299377441,114.050453186035,202.830413818359,146.074005126953,271.384185791016,121.91389465332,163.873458862305,201.874649047852,145.429534912109,70.7382202148438,295.607177734375,147.24169921875,65.3771133422852
2022-04-26,153.356552124023,260.349182128906,18.7110862731934,110.676712036133,194.280548095703,139.391006469727,266.952178955078,117.531608581543,162.701736450195,195.912506103516,142.960205078125,70.7639923095703,285.759582519531,145.398239135742,64.9620895385742
2022-04-27,153.131591796875,272.874328613281,18.3396148681641,109.237258911133,206.849334716797,138.167007446289,268.411743164062,113.217163085938,160.428817749023,199.32209777832,142.575531005859,72.7848663330078,289.064056396484,147.188995361328,64.6972122192383
2022-04-28,160.046325683594,279.050140380859,19.7010173797607,110.96459197998,213.177215576172,144.596496582031,277.453674316406,117.405303955078,161.626998901367,197.90608215332,146.198959350586,74.9862823486328,296.736999511719,151.876724243164,64.8914642333984
2022-04-29,154.187835693359,267.382507324219,18.4710693359375,107.383949279785,205.902572631836,124.28150177002,267.343719482422,113.033905029297,158.983947753906,196.136077880859,143.640167236328,73.3094100952148,293.696075439453,140.71044921875,62.7104759216309
2022-05-02,154.49104309082,274.07861328125,19.4530429840088,108.364570617676,204.356811523438,124.5,273.190795898438,115.484092712402,157.38053894043,197.561401367188,141.69873046875,74.3069381713867,294.948211669922,134.425094604492,61.6949996948242
2022-05-03,155.977676391602,271.486877441406,19.5217571258545,110.685722351074,201.487564086914,124.25350189209,271.401947021484,116.228019714355,157.072204589844,199.005355834961,139.757278442383,75.8376083374023,295.626068115234,133.749160766602,62.4808921813965
2022-05-04,162.374053955078,279.387359619141,20.2507553100586,114.347351074219,207.245422363281,125.928497314453,280.613037109375,121.108573913574,158.754913330078,207.361709594727,140.786163330078,78.8559799194336,303.374206542969,133.678894042969,64.5117797851562
2022-05-05,153.327224731445,267.21875,18.7668590545654,111.486404418945,198.280151367188,116.406997680664,266.195678710938,115.407333374023,155.724304199219,201.157348632812,138.191589355469,77.6606674194336,294.308013916016,127.270622253418,63.4345169067383
2022-05-06,154.051986694336,264.694427490234,18.5985450744629,111.306480407715,195.94221496582,114.772499084473,261.923889160156,114.655471801758,155.38069152832,199.964904785156,139.569396972656,78.8473892211914,290.589263916016,123.671424865723,63.9908103942871
2022-05-09,148.939117431641,254.915191650391,16.8806133270264,109.633102416992,186.455230712891,108.789001464844,264.344604492188,111.450485229492,156.226440429688,192.176849365234,139.220474243164,72.6300582885742,282.690460205078,116.20092010498,62.4367294311523
2022-05-10,151.3388671875,259.655456542969,17.5229682922363,106.961112976074,187.015563964844,108.859001159668,259.120483398438,113.316719055176,156.015045166016,189.102615356445,138.48681640625,73.1116256713867,281.852569580078,110.091117858887,61.8009796142578
2022-05-11,143.493270874023,251.032455444336,16.5619220733643,106.286354064941,190.049057006836,105.372001647949,251.822860717773,112.531684875488,155.169250488281,191.170715332031,136.53645324707,74.6337127685547,282.859924316406,108.625091552734,61.9864120483398
2022-05-12,139.634155273438,246.022369384766,16.1087818145752,106.196411132812,187.750198364258,106.93049621582,257.812286376953,111.780334472656,156.702239990234,189.139877319336,135.981750488281,74.9725189208984,283.697784423828,108.791877746582,60.494140625
2022-05-13,144.090759277344,251.581573486328,17.6335144042969,107.141036987305,192.841552734375,113.055000305176,263.454620361328,114.956611633301,155.803619384766,190.350936889648,137.440032958984,77.1964797973633,290.692779541016,112.671981811523,61.6332130432129
2022-05-16,142.552932739258,251.947647094727,17.1933269500732,106.394309997559,191.467132568359,110.810501098633,263.419036865234,113.366249084473,156.88720703125,193.015289306641,138.78205871582,79.0121765136719,291.323516845703,109.950637817383,61.9157600402832
2022-05-17,146.177017211914,257.073364257812,18.1025848388672,109.920997619629,197.458587646484,115.368499755859,267.833221435547,115.375137329102,157.539138793945,198.511627197266,138.388397216797,80.0199279785156,300.107391357422,110.521240234375,63.5934562683105
2022-05-18,137.929840087891,245.368927001953,16.8686618804932,108.04069519043,193.577224731445,107.112503051758,253.79850769043,110.8447265625,154.6142578125,193.713973999023,129.763748168945,78.7515487670898,291.916656494141,104.929336547852,62.6928062438965
2022-05-19,134.531066894531,244.461151123047,17.0539035797119,106.439300537109,191.041229248047,107.319000244141,256.094665527344,109.343528747559,153.239868164062,192.614654541016,126.775497436523,79.1772308349609,292.509735107422,105.096130371094,62.2159805297852
2022-05-20,134.766128540039,243.901016235352,16.625659942627,105.566612243652,192.647964477539,107.591003417969,255.587387084961,107.881423950195,155.918121337891,184.286331176758,126.856048583984,79.8027191162109,296.727600097656,105.096130371094,62.8870582580566
2022-05-23,140.172821044922,251.713638305664,16.828821182251,112.098175048828,200.904434204102,107.556999206543,254.555038452148,110.437110900879,159.101211547852,190.183242797852,129.772720336914,81.5662841796875,301.660797119141,105.763305664062,64.0614471435547
2022-05-24,137.479248046875,250.718978881836,16.0878715515137,113.681602478027,196.132507324219,104.099998474121,256.237091064453,104.971130371094,160.839050292969,191.580627441406,132.080993652344,82.0093383789062,301.726654052734,105.412170410156,65.9334030151367
2022-05-25,137.635971069336,253.51953125,16.9055099487305,114.473297119141,197.303726196289,106.775001525879,261.265380859375,104.807685852051,159.260787963867,194.990264892578,129.915863037109,83.6599502563477,297.358306884766,105.368278503418,66.0393447875977
2022-05-26,140.829055786133,256.783599853516,17.7779235839844,116.452568054199,201.862701416016,111.077499389648,269.488525390625,106.77645111084,159.118927001953,198.418441772461,131.05207824707,83.9553146362305,301.576019287109,107.41365814209,66.2600936889648
2022-05-27,146.568801879883,263.872039794922,18.7339954376221,118.098968505859,206.053863525391,115.146499633789,274.516784667969,111.257804870605,160.564178466797,202.284545898438,133.056137084961,84.780632019043,310.331573486328,111.715133666992,68.7599029541016
2022-05-31,145.785202026367,262.548980712891,18.5955638885498,118.962615966797,205.366638183594,120.209503173828,269.435180664062,112.689682006836,159.180999755859,201.082824707031,132.304641723633,83.3993377685547,305.671356201172,111.908264160156,67.2147369384766
2022-06-01,145.657897949219,263.080200195312,18.245002746582,116.875411987305,203.198455810547,121.68399810791,266.157379150391,112.818450927734,157.567306518555,202.685150146484,130.300552368164,84.9977951049805,300.898193359375,110.486129760742,67.640998840332
2022-06-02,148.106628417969,265.166107177734,19.5117950439453,118.75569152832,208.154266357422,125.511001586914,273.931060791016,116.513778686523,157.070785522461,204.94889831543,131.705169677734,84.8501205444336,314.826202392578,113.716613769531,69.7278518676758
2022-06-03,142.396240234375,260.762420654297,18.6433658599854,117.10033416748,205.831176757812,122.349998474121,273.223419189453,113.461334228516,156.42350769043,207.650466918945,130.524230957031,86.0837326049805,313.61669921875,111.996040344238,69.8788223266602
2022-06-06,143.140625,259.536010742188,18.7090950012207,116.71346282959,206.111953735352,124.790000915527,272.157684326172,115.719352722168,156.40576171875,208.330535888672,130.014297485352,85.8665542602539,317.027893066406,112.250610351562,71.2108612060547
2022-06-07,145.657897949219,263.157379150391,18.8485240936279,117.019355773926,207.621887207031,123,270.259094238281,116.045249938965,158.125900268555,211.56315612793,131.463653564453,89.8019638061523,317.264099121094,113.83952331543,70.8467483520508
2022-06-08,144.923294067383,261.139068603516,18.5755844116211,115.157043457031,206.65397644043,121.180000305176,266.461853027344,116.089332580566,157.186065673828,214.078430175781,129.826370239258,90.8618087768555,310.498565673828,109.529258728027,69.7012023925781
2022-06-09,139.712463378906,255.711669921875,17.9779167175293,112.736938476562,199.500915527344,116.150001525879,268.548553466797,113.753067016602,154.020706176758,208.367797851562,127.482360839844,88.8984527587891,301.134399414062,107.246856689453,68.6799774169922
2022-06-10,134.315582275391,244.316314697266,16.908088684082,107.554878234863,193.112579345703,109.650001525879,259.037475585938,110.11368560791,152.9921875,200.458648681641,126.999221801758,87.2739105224609,293.764099121094,102.919067382812,67.4101104736328
2022-06-13,129.173309326172,233.954132080078,15.5862417221069,104.352081298828,186.09504699707,103.669998168945,253.592330932617,105.389640808105,151.449340820312,192.726455688477,123.599395751953,83.2690200805664,284.730773925781,95.1852111816406,64.3020095825195
2022-06-14,130.035217285156,236.107711791992,15.7745056152344,102.61572265625,187.314666748047,102.309997558594,249.571243286133,105.709602355957,149.126358032227,192.549499511719,119.743385314941,83.4862060546875,279.335266113281,97.1428146362305,63.4761505126953
2022-06-15,132.650436401367,243.128448486328,16.4628238677979,103.830276489258,189.869979858398,107.669998168945,250.520523071289,108.729866027832,150.722320556641,191.906692504883,118.553451538086,82.4350128173828,283.464477539062,101.758140563965,65.882682800293
2022-06-16,127.390655517578,236.571228027344,15.5404176712036,102.048927307129,182.987991333008,103.660003662109,244.905242919922,105.034027099609,150.802139282227,181.463623046875,119.278160095215,79.3944091796875,273.760223388672,98.8404159545898,62.934440612793
2022-06-17,128.859878540039,239.15934753418,15.8183326721191,101.689079284668,183.917190551758,106.220001220703,242.460296630859,106.133567810059,150.252410888672,179.460678100586,118.419281005859,74.8161315917969,274.667358398438,97.5760498046875,62.8811721801758
2022-06-21,133.081405639648,245.040573120117,16.5016689300537,104.208137512207,188.15673828125,108.680000305176,241.090057373047,110.492584228516,153.400039672852,182.935531616211,122.006889343262,79.4726181030273,282.321197509766,99.344367980957,64.5861663818359
2022-06-22,132.572067260742,244.45149230957,16.2964744567871,103.623352050781,187.605041503906,108.949996948242,240.893035888672,110.436622619629,155.820556640625,174.979766845703,123.912574768066,76.3277587890625,281.962097167969,102.085266113281,66.3267059326172
2022-06-23,135.432174682617,249.98503112793,16.1619968414307,102.489768981934,190.334594726562,112.440002441406,246.660552978516,111.184005737305,159.296279907227,166.44645690918,127.31233215332,74.0255737304688,280.478637695312,104.543228149414,68.5556488037109
2022-06-24,138.75260925293,258.521942138672,17.059497833252,105.548637390137,198.920181274414,116.459999084473,253.449066162109,116.86296081543,161.628158569336,172.799896240234,129.146438598633,75.4937591552734,286.526031494141,108.389343261719,69.2838287353516
2022-06-27,138.75260925293,255.808364868164,16.8034954071045,104.702941894531,197.032699584961,113.220001220703,253.171432495117,114.741653442383,161.477416992188,174.756210327148,128.162307739258,77.3441772460938,279.940002441406,106.285049438477,69.1683959960938
2022-06-28,134.619216918945,247.686645507812,15.919939994812,104.199142456055,191.767181396484,107.400001525879,241.940841674805,110.951705932617,156.884582519531,174.616485595703,126.077690124512,79.4899826049805,277.237487792969,105.179847717285,67.8807601928711
2022-06-29,136.372451782227,251.337036132812,15.4816474914551,103.731315612793,193.102920532227,108.919998168945,245.272430419922,110.64860534668,156.928894042969,170.927352905273,127.222854614258,76.5536270141602,275.357238769531,104.60514831543,67.4900360107422
2022-06-30,133.914001464844,248.024612426758,15.1001358032227,101.311210632324,190.576599121094,106.209999084473,245.630630493164,107.935920715332,157.389984130859,166.5302734375,128.645370483398,74.3991470336914,271.690948486328,104.021614074707,68.7865371704102
2022-07-01,136.078598022461,250.68034362793,14.4666061401367,102.606727600098,192.793151855469,109.559997558594,249.938385009766,107.712539672852,159.172164916992,166.09245300293,130.721038818359,76.0584411621094,269.716064453125,106.125907897949,71.539421081543
2022-07-05,138.654647827148,253.838256835938,14.9058904647827,102.216453552246,194.10954284668,113.5,254.102783203125,112.195388793945,157.94856262207,161.872375488281,129.459594726562,73.6780853271484,255.721878051758,107.363731384277,70.2517852783203
2022-07-06,139.986709594727,257.0830078125,15.0712461471558,101.553863525391,194.670928955078,114.330001831055,253.968460083008,113.492042541504,158.090438842773,160.521545410156,130.667404174805,72.3489151000977,259.180297851562,107.390243530273,70.660270690918
2022-07-07,143.346328735352,259.197998046875,15.7964191436768,104.122451782227,196.297088623047,116.330001831055,256.753723144531,117.663360595703,158.267761230469,167.946304321289,130.622634887695,74.6597747802734,258.792907714844,108.37166595459,71.3795776367188
2022-07-08,144.022155761719,258.483337402344,15.776496887207,103.795715332031,197.042404174805,115.540000915527,256.556762695312,118.228462219238,158.072677612305,166.847045898438,129.745895385742,74.7814025878906,258.603881835938,107.496353149414,71.2641448974609
2022-07-11,141.896697998047,255.441360473633,15.0931615829468,102.434280395508,198.484619140625,111.75,256.485046386719,114.586128234863,158.134765625,163.046173095703,130.658401489258,74.3991470336914,261.523651123047,107.673179626465,71.64599609375
2022-07-12,142.866394042969,244.97297668457,15.0234346389771,102.534111022949,198.252304077148,109.220001220703,255.34765625,112.945747375488,155.918121337891,162.55241394043,129.504302978516,73.4087677001953,258.471649169922,106.903968811035,70.9977264404297
2022-07-13,142.503967285156,244.055541992188,15.1051139831543,101.572052001953,197.603790283203,110.400001525879,257.192596435547,110.30387878418,155.554595947266,161.974822998047,130.354248046875,73.7041625976562,259.596008300781,106.771339416504,71.2730102539062
2022-07-14,145.422805786133,245.368927001953,15.3123073577881,98.0232467651367,199.307342529297,110.629997253418,259.252471923828,109.327171325684,155.767364501953,158.313705444336,129.969543457031,72.227294921875,254.191207885742,104.445999145508,71.1575698852539
2022-07-15,147.087921142578,247.918395996094,15.700795173645,102.515960693359,203.304901123047,113.550003051758,261.876495361328,110.723892211914,158.028366088867,161.518356323242,129.790618896484,73.4435195922852,261.722076416016,106.992378234863,69.8965759277344
2022-07-18,144.051559448242,245.533081054688,16.0384769439697,101.463111877441,200.565689086914,113.76000213623,262.449584960938,108.002288818359,154.481750488281,161.620834350586,128.215957641602,74.7987747192383,261.863800048828,105.392044067383,68.830940246582
2022-07-19,147.900894165039,250.632049560547,16.9260158538818,103.977226257324,206.808868408203,118.209999084473,268.521636962891,112.73722076416,152.22966003418,168.374969482422,128.869064331055,76.683952331543,270.008941650391,110.61742401123,70.0919342041016
2022-07-20,149.898986816406,253.278106689453,17.7378520965576,103.959075927734,206.52815246582,122.769996643066,270.733734130859,112.826377868652,151.360748291016,168.825241088867,126.641342163086,77.526611328125,267.542724609375,110.139999389648,69.5502548217773
2022-07-21,152.161636352539,255.759979248047,17.979907989502,104.667037963867,209.257690429688,124.629997253418,273.151885986328,113.262222290039,151.892700195312,169.782073974609,126.761116027832,76.2321853637695,271.218505859375,111.121398925781,70.0386734008789
2022-07-22,150.927474975586,251.433578491211,17.2517471313477,104.158760070801,206.847564697266,122.419998168945,274.575805664062,106.882934570312,152.610900878906,167.558853149414,128.787170410156,75.6501235961914,269.810516357422,112.200080871582,71.2641448974609
2022-07-25,149.81086730957,249.9560546875,16.9578971862793,104.576278686523,207.399307250977,121.139999389648,274.181671142578,106.496612548828,152.912353515625,170.551284790039,129.660659790039,78.1694946289062,272.220092773438,112.739433288574,71.9124145507812
2022-07-26,148.488586425781,243.263656616211,16.4688014984131,102.942535400391,205.676345825195,114.809997558594,267.0439453125,104.030082702637,153.994079589844,170.007202148438,129.912811279297,77.8654098510742,270.831085205078,112.810165405273,70.9622192382812
2022-07-27,153.572067260742,259.526275634766,17.7209167480469,104.594413757324,203.721145629883,120.970001220703,267.697723388672,111.994293212891,153.568481445312,173.778259277344,131.146469116211,79.5507965087891,274.450042724609,112.633331298828,71.3795776367188
2022-07-28,154.120559692383,266.933410644531,17.9141635894775,104.204139709473,204.572937011719,122.279998779297,268.342559814453,113.143363952637,154.455139160156,176.207901000977,133.325607299805,80.480354309082,280.573059082031,117.062995910645,75.0737762451172
2022-07-29,159.17463684082,271.114898681641,18.0924701690674,104.703323364258,205.308547973633,134.949996948242,269.515777587891,115.223564147949,154.738861083984,185.973220825195,125.086212158203,84.2072525024414,285.363800048828,117.204444885254,75.0293731689453
2022-08-01,158.195220947266,268.478454589844,18.3693904876709,103.659561157227,204.582580566406,135.389999389648,273.886169433594,113.777328491211,154.198013305664,182.793151855469,128.679138183594,82.0788345336914,283.540130615234,115.807472229004,75.7575607299805
2022-08-02,156.725967407227,265.397888183594,18.4540576934814,102.043991088867,199.646133422852,134.160003662109,269.309692382812,114.044784545898,153.320220947266,172.146011352539,127.823692321777,81.7226409912109,281.243988037109,114.383972167969,76.0772323608398
2022-08-03,162.72038269043,272.785583496094,18.8196334838867,103.114990234375,201.794906616211,139.520004272461,274.378753662109,116.966979980469,154.800918579102,171.545654296875,130.46208190918,79.0729751586914,283.530670166016,115.577598571777,76.7787704467773
2022-08-04,162.406936645508,273.925079345703,19.1403884887695,101.980476379395,206.624938964844,142.570007324219,275.095245361328,117.075942993164,152.318283081055,172.267990112305,130.254913330078,75.7456970214844,285.590515136719,115.604118347168,78.1285705566406
2022-08-05,162.181381225586,273.21044921875,18.9152641296387,105.066390991211,208.947952270508,140.800003051758,277.35205078125,116.362724304199,151.715393066406,173.909591674805,130.318023681641,76.8403167724609,285.335510253906,116.169967651367,78.1285705566406
2022-08-08,161.710525512695,270.709289550781,17.7238998413086,103.78662109375,206.479736328125,139.410003662109,279.393920898438,116.194343566895,150.90852355957,174.303588867188,130.813293457031,77.2746887207031,284.400024414062,116.019660949707,77.7200775146484
2022-08-09,161.759582519531,272.621368408203,17.0196533203125,104.721481323242,203.517868041992,137.830001831055,273.33984375,115.530632019043,150.890762329102,174.509994506836,130.507110595703,78.6994323730469,284.107025146484,117.50505065918,78.9633178710938
2022-08-10,165.996810913086,279.246215820312,18.0267238616943,107.453422546387,205.298843383789,142.690002441406,279.044738769531,118.571701049805,151.325256347656,178.909545898438,131.740768432617,79.4465408325195,292.356140136719,118.840148925781,79.7270355224609
2022-08-11,165.261154174805,277.179595947266,17.8723297119141,109.041770935059,204.673461914062,140.639999389648,278.247650146484,117.71981048584,148.195358276367,181.986419677734,130.804290771484,81.7447662353516,289.020629882812,118.681015014648,79.4162139892578
2022-08-12,168.802017211914,281.901947021484,18.6363487243652,110.847930908203,204.915863037109,143.550003051758,282.009094238281,120.53303527832,146.563919067383,184.650543212891,132.073959350586,82.4552841186523,294.387756347656,121.342330932617,80.3397674560547
2022-08-15,169.871063232422,283.408477783203,18.9580993652344,111.1474609375,209.851364135742,143.179992675781,281.758331298828,120.929267883301,147.264358520508,183.815689086914,133.775848388672,80.9816207885742,295.011322021484,122.350280761719,80.8104095458984
2022-08-16,169.714157104492,282.674499511719,18.8056907653809,112.209358215332,210.549530029297,144.779998779297,293.194915771484,120.552864074707,148.576629638672,185.288452148438,135.009521484375,80.2272262573242,295.086975097656,121.227348327637,80.3930587768555
2022-08-17,171.205047607422,281.929351806641,18.2637977600098,111.265441894531,208.009063720703,142.100006103516,291.744049072266,118.423110961914,148.585494995117,183.796905517578,134.388229370117,80.8763656616211,292.412780761719,121.474945068359,80.0999984741211
2022-08-18,170.812728881836,280.816375732422,18.700101852417,110.403205871582,208.716857910156,142.300003051758,291.25146484375,119.037269592285,147.867324829102,185.129013061523,134.865478515625,82.7886123657227,293.083770751953,120.80298614502,80.1355285644531
2022-08-19,168.233123779297,276.925964355469,17.779691696167,107.671241760254,206.360656738281,138.229995727539,287.767639160156,116.105178833008,150.119415283203,183.487335205078,134.829452514648,82.5254669189453,287.017395019531,118.548377990723,79.6648559570312
2022-08-22,164.358825683594,268.796783447266,16.9678554534912,105.892318725586,202.278427124023,133.220001220703,279.608917236328,113.163177490234,149.592758178711,179.885131835938,134.469223022461,82.4640502929688,279.495880126953,115.772102355957,78.6258850097656
2022-08-23,164.025314331055,267.528961181641,17.1142845153809,104.848541259766,200.523361206055,133.619995117188,274.853393554688,112.786766052246,148.289566040039,184.997650146484,131.875823974609,85.9640197753906,277.974639892578,113.579383850098,78.1285705566406
2022-08-24,164.319580078125,266.899963378906,17.1551265716553,105.102684020996,200.397308349609,133.800003051758,275.937042236328,112.618362426758,147.798614501953,182.136535644531,131.308547973633,86.4727935791016,276.982391357422,115.931243896484,78.7768402099609
2022-08-25,166.77165222168,269.861328125,17.8434429168701,107.598648071289,203.451721191406,137.279998779297,277.432678222656,115.55046081543,149.182144165039,186.564239501953,131.200454711914,86.9201431274414,280.752655029297,117.398941040039,79.3806915283203
2022-08-26,160.484481811523,259.448120117188,16.1968574523926,104.077079772949,196.732040405273,130.75,266.972351074219,109.299926757812,146.629302978516,180.035232543945,128.129821777344,85.8499755859375,270.481384277344,113.482131958008,78.1996231079102
2022-08-29,158.287414550781,256.680328369141,15.7396411895752,103.822937011719,196.189041137695,129.789993286133,265.378265380859,108.388610839844,145.495666503906,179.903915405273,127.589546203613,87.8236541748047,271.672027587891,112.544906616211,77.6508407592773
2022-08-30,155.864761352539,254.493209838867,15.4079360961914,103.841102600098,195.267837524414,128.729995727539,262.494415283203,107.913124084473,144.986877441406,175.363632202148,126.229804992676,84.4815902709961,268.969543457031,111.09489440918,76.4729690551758
2022-08-31,154.207138061523,253.04150390625,15.0353870391846,103.223915100098,192.678909301758,126.769996643066,259.988464355469,107.199920654297,144.013946533203,173.271697998047,124.212715148926,83.8499984741211,267.278106689453,110.086929321289,75.90185546875
2022-09-01,154.932998657227,252.005981445312,13.8828811645508,103.931854248047,194.055786132812,127.819999694824,264.450500488281,108.705589294434,147.584365844727,171.142303466797,125.743576049805,82.3412551879883,264.858642578125,109.901268005371,76.9726791381836
2022-09-02,152.824157714844,247.805908203125,13.5940055847168,103.205764770508,191.757751464844,127.51000213623,263.125305175781,106.833404541016,145.263626098633,169.631973266602,123.510368347168,83.8499984741211,263.501831054688,107.770446777344,75.9464797973633
2022-09-06,151.56867980957,245.086532592773,13.4127111434937,103.232986450195,192.611053466797,126.110000610352,260.997985839844,105.803207397461,145.656341552734,169.472518920898,122.132606506348,83.2885971069336,262.771209716797,109.459190368652,77.9631576538086
2022-09-07,152.971298217773,249.770462036133,13.6648044586182,105.19344329834,194.337020874023,129.479995727539,268.146362304688,108.418319702148,146.450790405273,169.660125732422,123.978561401367,82.5780792236328,271.206359863281,111.961357116699,80.5241546630859
2022-09-08,151.500061035156,250.186599731445,13.9398174285889,107.644027709961,194.618209838867,129.820007324219,270.336791992188,107.358413696289,147.629013061523,171.808319091797,124.140693664551,83.2535247802734,269.384552001953,113.093116760254,80.5509185791016
2022-09-09,154.354309082031,255.935134887695,14.3353910446167,108.16136932373,198.971923828125,133.270004272461,270.219543457031,109.607009887695,147.914657592773,177.755706787109,126.031700134277,84.6482467651367,272.344970703125,114.613861083984,80.2207565307617
2022-09-12,160.298156738281,258.054565429688,14.4529676437378,109.441123962402,200.358520507812,136.449996948242,268.209442138672,109.815040588379,147.852172851562,180.48551940918,127.058258056641,85.6219253540039,279.442260742188,115.117805480957,81.0327758789062
2022-09-13,150.891906738281,243.867111206055,13.0838956832886,105.638191223145,193.609771728516,126.819999694824,250.532516479492,103.336685180664,144.005020141602,172.896469116211,124.428840637207,83.621940612793,270.969085693359,110.59090423584,79.2927398681641
2022-09-14,152.333740234375,244.089706420898,13.0809059143066,105.393135070801,193.357650756836,128.550003051758,249.099273681641,104.010276794434,146.977432250977,173.215438842773,124.726005554199,85.6745452880859,271.908508300781,107.734733581543,79.3105697631836
2022-09-15,149.450073242188,237.470153808594,12.8826217651367,106.981468200684,189.440277099609,126.279998779297,244.772476196289,101.939979553223,147.352310180664,171.189193725586,123.762466430664,83.183349609375,268.426239013672,103.410385131836,76.7495956420898
2022-09-16,147.812072753906,236.850784301758,13.15065574646,106.264442443848,187.43310546875,123.529998779297,248.765777587891,101.831008911133,149.601699829102,168.356231689453,124.518913269043,81.7622985839844,268.862701416016,101.141426086426,75.6609268188477
2022-09-19,151.519607543945,236.637893676758,13.3339967727661,107.244674682617,187.268280029297,124.660003662109,252.777114868164,102.09846496582,148.423461914062,170.832702636719,124.257759094238,81.7535400390625,270.551666259766,100.367324829102,77.4902267456055
2022-09-20,153.893264770508,234.634613037109,13.128734588623,105.129920959473,186.240432739258,122.190002441406,247.143203735352,100.186645507812,147.254104614258,166.967895507812,123.816528320312,81.0868835449219,267.126373291016,98.7034378051758,76.4640426635742
2022-09-21,150.774215698242,231.247482299805,13.2134304046631,102.098457336426,181.343704223633,118.540000915527,244.799499511719,98.3441925048828,145.74560546875,161.301879882812,122.222625732422,79.7798614501953,262.382141113281,96.5857620239258,74.9292221069336
2022-09-22,149.81298828125,233.211990356445,12.5159425735474,100.936714172363,180.151031494141,117.309997558594,242.608993530273,99.1960601806641,148.334197998047,159.988571166992,122.654899597168,79.4465408325195,260.047973632812,96.5768661499023,74.545524597168
2022-09-23,147.547256469727,230.250625610352,12.4711027145386,99.0579147338867,178.376571655273,113.779998779297,244.23161315918,97.8092803955078,148.816177368164,154.069366455078,122.087593078613,75.2185211181641,255.37971496582,96.630256652832,73.6353302001953
2022-09-26,147.880767822266,229.795791625977,12.1841344833374,96.9250106811523,175.108871459961,115.150001525879,240.301361083984,97.2446441650391,147.905700683594,152.54963684082,122.204635620117,73.6658935546875,250.730422973633,92.6796188354492,72.4128570556641
2022-09-27,148.851760864258,228.789337158203,12.3684711456299,96.0718383789062,172.471389770508,114.410003662109,242.203384399414,96.5809707641602,147.227340698242,152.380767822266,118.845848083496,75.2097396850586,251.631866455078,91.0068206787109,72.3503875732422
2022-09-28,146.96858215332,233.299163818359,12.6903133392334,98.0141448974609,173.741653442383,118.01000213623,254.372543334961,99.1069412231445,148.494873046875,157.371337890625,118.845848083496,77.9465560913086,257.562103271484,92.4749755859375,73.5015029907227
2022-09-29,139.749618530273,229.844192504883,12.1761655807495,96.3531951904297,174.594970703125,114.800003051758,250.893081665039,96.5017242431641,146.861373901367,155.626510620117,115.892250061035,77.7886581420898,255.816146850586,90.0369720458984,71.3598861694336
2022-09-30,135.551651000977,225.392501831055,12.0954551696777,94.8465347290039,172.258071899414,113,248.738677978516,94.748405456543,145.817031860352,153.919250488281,113.686080932617,76.5869216918945,255.797149658203,90.4017715454102,69.9678573608398
2022-10-03,139.720169067383,232.979782104492,12.4671173095703,97.7781753540039,176.136672973633,115.879997253418,255.73371887207,97.7102203369141,145.674209594727,160.62646484375,115.721160888672,80.630729675293,261.70849609375,92.8575744628906,72.4485397338867
2022-10-04,143.300277709961,240.857376098633,13.1197681427002,102.352577209473,180.015274047852,121.089996337891,261.016052246094,100.681945800781,147.83430480957,168.506301879883,117.152931213379,83.5693054199219,271.804168701172,94.3079223632812,73.9030456542969
2022-10-05,143.594497680664,241.167037963867,13.1616172790527,101.0888671875,181.973968505859,120.949996948242,261.277526855469,100.473915100098,147.379089355469,167.333709716797,116.342506408691,86.9464721679688,269.270721435547,93.8185501098633,72.9660797119141
2022-10-06,142.643081665039,238.834732055664,13.0829000473022,99.0284423828125,179.957077026367,120.300003051758,261.764251708984,100.464019775391,144.522766113281,167.737045288086,113.893188476562,89.525390625,264.555084228516,90.6864929199219,70.4140167236328
2022-10-07,137.405395507812,226.689270019531,12.0326795578003,97.0504531860352,178.250518798828,114.559997558594,256.292663574219,97.7498397827148,142.996368408203,166.555114746094,111.903121948242,88.6218872070312,259.222534179688,89.298454284668,68.4687347412109
2022-10-10,137.729080200195,221.860107421875,11.628137588501,96.1438446044922,176.650543212891,113.669998168945,254.615997314453,96.9375762939453,143.183807373047,167.605743408203,111.443870544434,86.7008438110352,257.922576904297,87.9993743896484,68.477668762207
2022-10-11,136.316680908203,218.143936157227,11.5444402694702,93.3691558837891,173.702835083008,112.209999084473,255.00358581543,96.2639923095703,145.254669189453,168.618865966797,111.867111206055,85.9640197753906,257.135101318359,89.5386810302734,67.844108581543
2022-10-12,135.68896484375,218.47297668457,11.4587478637695,94.8801193237305,172.830184936523,112.900001525879,252.867233276367,96.6404037475586,145.218933105469,168.384353637695,112.04719543457,86.341194152832,257.694885253906,89.360725402832,64.9172592163086
2022-10-13,140.249816894531,226.689270019531,11.9170970916748,100.154823303223,179.05534362793,112.529998779297,254.949493408203,98.1262588500977,147.414794921875,171.798950195312,113.740119934082,89.3587265014648,268.008819580078,91.2203750610352,65.2206268310547
2022-10-14,135.728164672852,221.1923828125,11.1867256164551,101.821464538574,177.077224731445,106.900001525879,249.180358886719,95.6498260498047,146.798904418945,167.155456542969,112.632514953613,87.0078811645508,261.252990722656,88.5599212646484,64.0427551269531
2022-10-17,139.680938720703,229.873229980469,11.8453559875488,106.097991943359,179.62744140625,113.790000915527,253.534286499023,99.0276870727539,148.700149536133,169.603805541992,114.667610168457,88.2622451782227,266.547607421875,93.6316909790039,65.720344543457
2022-10-18,140.995269775391,230.811965942383,11.924072265625,108.826881408691,181.489135742188,116.360000610352,256.959686279297,99.8201293945312,148.18244934082,172.183578491211,115.595108032227,88.4201278686523,270.09619140625,94.1833343505859,66.9785232543945
2022-10-19,141.103149414062,228.857055664062,12.0077705383301,106.693222045898,180.752212524414,115.069999694824,248.333038330078,98.6908798217773,147.004196166992,172.990295410156,116.666679382324,91.0429153442383,269.384552001953,90.7665786743164,65.7114334106445
2022-10-20,140.642181396484,228.537719726562,12.1502571105957,106.345230102539,181.537628173828,115.25,242.8974609375,99.0276870727539,147.379089355469,169.359924316406,115.163986206055,91.1657257080078,267.790588378906,91.1669845581055,63.0344200134277
2022-10-21,144.447830200195,234.315307617188,12.4212789535522,111.931259155273,184.592010498047,119.319999694824,248.369094848633,100.176742553711,150.592498779297,179.634506225586,116.605926513672,92.8586883544922,273.568939208984,91.7186431884766,63.9356880187988
2022-10-24,146.586029052734,239.279922485352,12.5538034439087,112.068618774414,184.92170715332,119.819999694824,255.33708190918,101.553642272949,152.618728637695,180.654373168945,117.322341918945,93.5077972412109,263.890808105469,91.9766998291016,65.3901748657227
2022-10-25,149.420684814453,242.579971313477,13.2134304046631,112.361663818359,188.480361938477,120.599998474121,261.647094726562,103.495170593262,152.377716064453,183.997360229492,118.67359161377,92.8762283325195,273.436096191406,96.390007019043,67.6923904418945
2022-10-26,146.487991333008,223.863403320312,12.8497409820557,113.652847290039,197.15869140625,115.660003662109,261.547973632812,94.0351867675781,153.716644287109,185.999450683594,119.507926940918,93.9814834594727,279.75537109375,97.7602615356445,67.4603958129883
2022-10-27,142.025146484375,219.440734863281,13.128734588623,114.101577758789,198.089508056641,110.959999084473,262.368225097656,91.3507385253906,153.805877685547,200.334655761719,119.598617553711,94.3411407470703,278.256195068359,98.7746124267578,67.3443832397461
2022-10-28,152.755523681641,228.266708374023,13.7843751907349,115.456871032715,202.986267089844,103.410003662109,269.209991455078,95.3823699951172,156.090972900391,207.133972167969,122.627563476562,97.104248046875,286.359313964844,100.527503967285,70.5211029052734
2022-10-31,150.401489257812,224.647308349609,13.4485836029053,115.273727416992,200.872406005859,102.440002441406,266.938446044922,93.6191482543945,155.287628173828,204.414276123047,122.128768920898,97.2007446289062,282.136993408203,98.5432739257812,69.1558303833008
2022-11-01,147.76301574707,220.81494140625,13.4944200515747,117.35245513916,200.649383544922,96.7900009155273,266.875366210938,89.6172332763672,154.502136230469,206.340728759766,122.319221496582,98.1656494140625,282.914947509766,96.5857620239258,69.3432083129883
2022-11-02,142.250732421875,213.005096435547,13.1715841293335,116.27188873291,194.850891113281,92.120002746582,260.267913818359,86.1502304077148,152.127777099609,202.601119995117,120.55989074707,96.1481246948242,279.280944824219,94.9752426147461,68.9595260620117
2022-11-03,136.218597412109,207.343658447266,13.372857093811,116.48250579834,188.839111328125,89.3000030517578,253.750564575195,82.6435928344727,152.386627197266,207.05842590332,119.734634399414,97.4551391601562,282.374145507812,96.1052780151367,69.7626037597656
2022-11-04,135.953338623047,214.253494262695,14.1052179336548,119.669273376465,191.001419067383,90.9800033569336,256.031188964844,85.7638931274414,153.065048217773,215.170425415039,121.920204162598,98.5165176391602,293.124450683594,95.7582626342773,70.3158569335938
2022-11-07,136.483856201172,220.524642944336,14.2497005462646,120.301155090332,194.026733398438,90.5299987792969,261.656066894531,87.6558837890625,154.403961181641,215.888137817383,123.788375854492,99.6831588745117,297.451171875,96.9238739013672,68.9684448242188
2022-11-08,137.053695678711,221.492370605469,14.5496206283569,120.374397277832,195.655731201172,89.9800033569336,262.440277099609,88.0620422363281,155.171569824219,217.021362304688,124.069511413574,99.9989700317383,298.608825683594,97.6534881591797,69.8429183959961
2022-11-09,132.504867553711,217.272903442383,13.7265825271606,118.808502197266,188.464279174805,86.1399993896484,258.483032226562,86.4969100952148,153.930892944336,212.988983154297,123.770217895508,95.5253372192383,298.352630615234,96.7993011474609,69.7804412841797
2022-11-10,144.294448852539,235.147537231445,15.6935005187988,123.698570251465,199.776214599609,96.629997253418,280.973541259766,93.0545196533203,155.733932495117,219.514450073242,128.032531738281,96.928825378418,311.569915771484,105.296714782715,74.2421340942383
2022-11-11,147.074798583984,239.144439697266,16.2684307098389,123.900009155273,199.222274780273,100.790000915527,283.894195556641,95.5012512207031,151.074523925781,223.329620361328,127.842071533203,99.9550857543945,313.325256347656,103.330284118652,74.3402862548828
2022-11-14,145.679748535156,233.763656616211,16.2365436553955,122.627136230469,201.029846191406,98.4899978637695,276.664733886719,94.7979278564453,153.448883056641,223.339080810547,127.851142883301,100.246917724609,315.090118408203,100.100387573242,72.8679580688477
2022-11-15,147.408828735352,234.170104980469,16.6062164306641,121.738883972168,204.071685791016,98.9400024414062,281.180908203125,97.5121078491211,153.877304077148,221.535339355469,127.406806945801,100.918937683105,315.545532226562,100.322830200195,73.9833526611328
2022-11-16,146.180801391602,234.597122192383,15.8529272079468,121.903701782227,204.217422485352,97.120002746582,283.867126464844,97.9182434082031,154.832397460938,219.486129760742,128.540374755859,99.8401412963867,316.655700683594,101.123634338379,75.2415313720703
2022-11-17,148.076950073242,234.548568725586,15.6207637786865,121.372566223145,205.04345703125,94.8499984741211,280.739227294922,97.4328765869141,156.08203125,217.616287231445,127.751388549805,99.9727783203125,313.439117431641,99.9313354492188,73.483642578125
2022-11-18,148.636932373047,234.102157592773,15.353723526001,122.563034057617,204.858840942383,94.1399993896484,282.307708740234,96.5116195678711,157.278167724609,218.551193237305,129.293090820312,99.1062240600586,317.775421142578,101.93334197998,74.2421340942383
2022-11-21,145.414443969727,234.907684326172,15.262056350708,121.83960723877,200.505065917969,92.4599990844727,285.552795410156,94.698860168457,158.086715698242,219.250015258789,130.934524536133,98.1247177124023,317.262969970703,102.280349731445,74.5990447998047
2022-11-22,147.546401977539,237.799743652344,15.9804668426514,123.661933898926,204.402114868164,93.1999969482422,292.854339599609,96.1352157592773,158.850311279297,224.056793212891,132.059066772461,100.96314239502,322.377166748047,103.018890380859,75.0541610717773
2022-11-23,148.420837402344,240.274490356445,16.4597434997559,124.980598449707,205.762634277344,94.129997253418,289.816558837891,97.5319137573242,159.020980834961,223.735702514648,132.811752319336,100.459121704102,325.318542480469,102.796447753906,76.1617813110352
2022-11-25,145.5126953125,240.187149047852,16.2116355895996,125.218719482422,207.764572143555,93.4100036621094,294.206512451172,96.5413436889648,159.227630615234,222.583557128906,133.056625366211,100.105415344238,326.798797607422,103.561645507812,76.5384521484375
2022-11-28,141.690948486328,234.626235961914,15.770227432251,123.030059814453,205.305816650391,93.9499969482422,287.481872558594,95.1446380615234,159.308471679688,219.372802734375,132.947814941406,97.0989990234375,320.422576904297,99.1750106811523,75.0945205688477
2022-11-29,138.694427490234,233.238418579102,15.5829000473022,125.053848266602,203.167846679688,92.4199981689453,284.813598632812,94.2927322387695,158.194488525391,222.035842895508,131.932083129883,97.7444839477539,314.985687255859,101.266014099121,73.9823989868164
2022-11-30,145.434112548828,247.611434936523,16.866605758667,126.53734588623,210.884078979492,96.5400009155273,293.81884765625,100.038063049316,159.910415649414,223.254058837891,135.269409179688,98.4518814086914,319.265014648438,104.807342529297,75.964469909668
2022-12-01,145.709197998047,247.174682617188,17.0778980255127,124.760841369629,210.884078979492,95.5,296.612182617188,100.038063049316,160.5751953125,222.574157714844,135.350982666016,97.9743957519531,321.121673583984,104.193382263184,76.0810699462891
2022-12-02,145.217971801758,247.494979858398,16.8197612762451,123.77180480957,211.525451660156,94.129997253418,297.446411132812,99.4932479858398,160.700973510742,222.989654541016,136.584365844727,97.1432037353516,321.207397460938,104.05101776123,76.4128952026367
2022-12-05,144.058670043945,242.817184448242,16.5546531677246,120.301155090332,207.657608032227,91.0100021362305,290.273071289062,98.5423126220703,160.611083984375,219.627746582031,135.205947875977,94.4816284179688,318.265258789062,101.666397094727,76.3680648803711
2022-12-06,140.403900146484,237.887054443359,15.9337253570557,120.502593994141,203.187301635742,88.25,287.887969970703,96.0658645629883,158.203460693359,215.585906982422,135.378219604492,91.8554153442383,315.637329101562,101.96891784668,76.3949661254883
2022-12-07,138.468444824219,237.159210205078,16.0662822723389,120.420211791992,201.953079223633,88.4599990844727,290.336547851562,94.0451126098633,159.164733886719,216.237564086914,136.248825073242,91.6520385742188,315.542022705078,103.214622497559,76.4936218261719
2022-12-08,140.148483276367,240.099822998047,17.1117916107178,121.683937072754,203.206741333008,90.3499984741211,293.909606933594,92.8266830444336,159.191665649414,218.069595336914,137.228240966797,92.3329010009766,318.617523193359,104.638275146484,76.9151458740234
2022-12-09,139.667068481445,238.178253173828,16.9443511962891,121.024597167969,202.817977905273,89.0899963378906,290.635864257812,91.9549942016602,157.88005065918,214.641571044922,136.865493774414,91.5547790527344,316.313354492188,103.499359130859,75.7940673828125
2022-12-12,141.956176757812,245.059036254883,17.4765682220459,122.901863098145,208.5419921875,90.5500030517578,297.437377929688,92.4304656982422,159.766632080078,220.09049987793,138.271148681641,93.8095855712891,319.969573974609,105.020874023438,77.6236801147461
2022-12-13,142.918975830078,249.338912963867,18.0117778778076,122.782806396484,207.035705566406,92.4899978637695,301.890106201172,94.7285842895508,160.997406005859,222.385269165039,138.062606811523,94.8353271484375,326.063323974609,107.743606567383,78.1617813110352
2022-12-14,140.698638916016,249.63005065918,17.6151084899902,122.16926574707,207.30778503418,91.5800018310547,302.379791259766,94.1738586425781,161.491500854492,221.43147277832,138.606658935547,94.1367645263672,325.644409179688,108.17960357666,78.0721130371094
2022-12-15,134.106307983398,241.662307739258,16.8955078125,119.138168334961,202.050277709961,88.4499969482422,297.092742919922,90.003547668457,159.452209472656,217.824066162109,137.037796020508,93.2348327636719,314.970794677734,105.519157409668,76.9599761962891
2022-12-16,132.151184082031,237.469787597656,16.5157794952393,118.396408081055,201.059020996094,87.8600006103516,293.2294921875,89.4092178344727,157.817169189453,219.769409179688,136.430191040039,92.5804977416992,313.856781005859,100.538803100586,75.4622268676758
2022-12-19,130.048736572266,233.354888916016,16.1998348236084,119.101531982422,199.047378540039,84.9199981689453,287.779083251953,87.6063690185547,157.646530151367,219.363342285156,136.393905639648,92.99609375,311.400207519531,100.386520385742,74.9061660766602
2022-12-20,129.979934692383,234.665023803711,16.0314025878906,119.678451538086,199.572113037109,85.1900024414062,285.52099609375,88.1808929443359,157.817169189453,222.054763793945,136.448364257812,94.3401412963867,313.190246582031,100.485038757324,74.9061660766602
2022-12-21,133.074691772461,237.21745300293,16.4460124969482,121.024597167969,200.98127746582,86.7699966430664,289.6201171875,88.7356338500977,159.622894287109,228.278045654297,137.699798583984,95.5515670776367,312.942810058594,102.061561584473,75.9196472167969
2022-12-22,129.911148071289,231.161575317383,15.2878847122192,119.650993347168,199.280609130859,83.7900009155273,286.681823730469,86.9327774047852,159.038955688477,224.321166992188,138.017242431641,93.623908996582,311.981109619141,101.461433410645,74.7447280883789
2022-12-23,129.547653198242,231.685623168945,15.155330657959,120.218734741211,200.028900146484,85.25,289.048767089844,88.388916015625,159.443222045898,226.521530151367,138.407211303711,96.0997924804688,313.571105957031,101.774932861328,75.489128112793
2022-12-27,127.74976348877,229.967895507812,14.0739450454712,120.639991760254,200.47590637207,83.0400009155273,289.792358398438,86.5662612915039,159.398300170898,229.60954284668,139.613296508789,97.4350128173828,313.209350585938,101.479331970215,75.3366546630859
2022-12-28,123.829734802246,227.609573364258,13.9892272949219,121.299301147461,199.212585449219,81.8199996948242,286.328186035156,85.2091827392578,158.706588745117,226.058792114258,137.808654785156,95.8345184326172,310.314819335938,98.9354095458984,74.5833206176758
2022-12-29,127.337135314941,233.898361206055,14.5543384552002,121.995269775391,202.196029663086,84.1800003051758,290.572326660156,87.6162643432617,159.515090942383,226.833145141602,138.379989624023,96.5596008300781,313.971069335938,102.088439941406,75.4084091186523
2022-12-30,127.651504516602,232.74348449707,14.5653009414673,122.801139831543,201.904495239258,84,286.446014404297,87.3983383178711,158.697555541992,226.228790283203,137.445922851562,97.5322799682617,310.571868896484,100.97770690918,74.9779281616211
2023-01-03,122.876739501953,232.51057434082,14.2672967910767,123.735191345215,201.544921875,85.8199996948242,286.491333007812,88.2799606323242,160.081100463867,225.586624145508,137.454971313477,94.1809997558594,303.116577148438,100.941879272461,75.184196472168
2023-01-04,124.144119262695,222.339813232422,14.6998538970947,124.889022827148,206.617813110352,85.1399993896484,289.955596923828,87.2497711181641,161.823928833008,227.928619384766,138.053466796875,94.4550933837891,301.612091064453,104.766738891602,75.7761306762695
2023-01-05,122.827629089355,215.75016784668,14.2174654006958,124.861351013184,205.160079956055,83.120002746582,286.092346191406,85.3874664306641,160.629089355469,226.908706665039,136.339492797852,96.5684356689453,290.871856689453,101.08519744873,74.1079559326172
2023-01-06,127.346954345703,218.292831420898,14.8094863891602,127.25065612793,211.612945556641,86.0800018310547,287.960540771484,86.516731262207,161.931732177734,235.011245727539,139.58610534668,97.7356491088867,301.031433105469,104.489059448242,75.0227661132812
2023-01-09,127.86767578125,220.418197631836,15.5759220123291,126.724815368652,212.43896484375,87.3600006103516,288.214477539062,87.1903228759766,157.736328125,232.895889282227,137.881195068359,95.9141082763672,306.515686035156,103.960548400879,75.3994522094727
2023-01-10,128.437484741211,222.097183227539,15.8559875488281,127.859497070312,214.858795166016,89.870002746582,290.771789550781,87.586555480957,157.358993530273,236.569412231445,137.745178222656,97.3465576171875,306.620452880859,103.951606750488,75.8209762573242
2023-01-11,131.14909362793,228.812957763672,15.947678565979,128.809692382812,215.84033203125,95.0899963378906,298.362396240234,90.657341003418,157.107452392578,236.77717590332,136.629684448242,98.4784240722656,313.847320556641,108.340751647949,76.233528137207
2023-01-12,131.070510864258,231.472137451172,16.4559783935547,128.680526733398,217.317474365234,95.2699966430664,299.1513671875,90.2710113525391,156.316909790039,240.875686645508,135.858871459961,100.114265441895,313.171203613281,109.388809204102,76.2963104248047
2023-01-13,132.396820068359,232.170883178711,16.8426876068115,131.927780151367,216.773300170898,98.120002746582,300.366546630859,91.2516784667969,155.804824829102,244.077041625977,136.829223632812,100.052375793457,318.122406005859,109.191734313965,75.946533203125
2023-01-17,133.556121826172,233.257858276367,17.6430110931396,129.889007568359,216.714981079102,96.0500030517578,297.029266357422,90.4294967651367,154.843566894531,241.999435424805,136.430191040039,99.8578414916992,314.209136962891,108.761764526367,76.8972015380859
2023-01-18,132.838943481445,228.851791381836,17.3190937042236,125.98681640625,213.274749755859,95.4599990844727,293.546844482422,90.261100769043,152.507797241211,238.750885009766,132.775466918945,97.8063888549805,308.819854736328,109.863525390625,75.1572952270508
2023-01-19,132.897857666016,225.086303710938,16.709135055542,124.307846069336,214.197982788086,93.6800003051758,281.929748535156,92.1729278564453,152.301193237305,233.181121826172,129.967514038086,98.4341888427734,309.010375976562,108.645332336426,74.0720825195312
2023-01-20,135.452270507812,233.131683349609,17.7795581817627,124.612281799316,217.988037109375,97.25,285.666046142578,97.096061706543,151.591430664062,236.938537597656,130.469451904297,100.229217529297,312.895111083984,110.015808105469,73.3814926147461
2023-01-23,138.635482788086,235.422027587891,19.1290454864502,126.63256072998,217.861724853516,97.5199966430664,286.101409912109,98.8493957519531,151.205139160156,239.775619506836,128.71728515625,99.7075119018555,310.867065429688,112.927001953125,74.1438369750977
2023-01-24,140.030532836914,234.897979736328,19.2008018493652,127.721130371094,217.579879760742,96.3199996948242,288.105621337891,96.7790832519531,151.205139160156,244.434463500977,129.419982910156,100.635971069336,312.904663085938,113.222587585449,75.2469711303711
2023-01-25,139.372329711914,233.510162353516,19.2586097717285,128.339202880859,218.561431884766,97.1800003051758,287.715667724609,94.3224639892578,152.283203125,245.222076416016,129.328704833984,100.105415344238,310.743255615234,112.586608886719,68.6908798217773
2023-01-26,141.435485839844,240.682113647461,19.7360153198242,129.132537841797,218.376800537109,99.2200012207031,284.586883544922,96.6007843017578,151.726211547852,248.713851928711,128.808532714844,104.128746032715,313.742553710938,114.709526062012,68.5204772949219
2023-01-27,143.370910644531,240.837371826172,20.2971382141113,129.446212768555,224.917114257812,102.23999786377,287.19873046875,98.433349609375,151.133270263672,251.010055541992,128.279266357422,102.227592468262,309.162719726562,116.303970336914,67.7850494384766
2023-01-30,140.492309570312,235.548202514648,19.0981483459473,128.348449707031,222.64306640625,100.550003051758,284.976837158203,96.0262451171875,145.536376953125,248.125564575195,128.680816650391,100.414901733398,309.476959228516,114.467681884766,67.3097305297852
2023-01-31,141.759674072266,240.497756958008,19.4718952178955,129.114120483398,223.721786499023,103.129997253418,293.982116699219,97.9083251953125,146.812088012695,239.386596679688,129.931015014648,102.581314086914,315.104125976562,115.802345275879,66.9330520629883
2023-02-01,142.879699707031,245.291915893555,20.8732147216797,128.772766113281,224.392318725586,105.150001525879,297.537109375,99.4833450317383,148.15966796875,236.777221679688,130.670196533203,101.458312988281,315.237365722656,117.253448486328,66.5832595825195
2023-02-02,148.175186157227,256.792297363281,21.6366596221924,128.17317199707,223.090057373047,112.910003662109,308.147613525391,106.724449157715,148.716659545898,232.374588012695,129.739379882812,98.2838745117188,316.160949707031,120.469207763672,67.8029937744141
2023-02-03,151.790649414062,250.72673034668,21.0296897888184,130.156539916992,223.644012451172,103.389999389648,300.629516601562,103.792335510254,147.881195068359,235.088272094727,130.140899658203,98.964729309082,308.115325927734,117.898414611816,66.9689025878906
2023-02-06,149.069213867188,249.193298339844,21.0187244415283,130.922210693359,222.973449707031,102.180000305176,298.607238769531,101.930068969727,146.758209228516,238.561080932617,129.036682128906,98.7967376708984,307.410705566406,117.737167358398,67.722297668457
2023-02-07,151.938034057617,259.664916992188,22.0991096496582,132.518142700195,224.800491333008,102.110000610352,294.916259765625,106.625381469727,146.79411315918,236.891128540039,127.777397155762,101.617492675781,320.988372802734,116.689140319824,68.2334823608398
2023-02-08,149.255905151367,258.859497070312,22.1310081481934,131.586410522461,223.712036132812,100.050003051758,290.916931152344,98.433349609375,146.982803344727,236.141510009766,126.454170227051,100.733238220215,318.255737304688,116.268135070801,67.2917938232422
2023-02-09,148.224304199219,255.841171264648,22.262565612793,129.538452148438,223.322570800781,98.2399978637695,286.164825439453,94.1144409179688,144.99739074707,233.683990478516,125.067070007324,101.113464355469,316.656127929688,114.691612243652,65.7132949829102
2023-02-10,148.588394165039,255.336517333984,21.1941375732422,130.110397338867,221.229034423828,97.6100006103516,287.062713623047,93.678581237793,145.671173095703,235.002883911133,126.171257019043,105.375526428223,316.151458740234,114.736404418945,67.0317077636719
2023-02-13,151.382843017578,263.314025878906,21.7153968811035,131.521865844727,222.86491394043,99.5400009155273,293.401763916016,93.7182006835938,146.210189819336,235.458358764648,127.82299041748,104.965644836426,318.074798583984,115.811294555664,67.8209533691406
2023-02-14,150.743255615234,264.138885498047,22.894458770752,132.103042602539,223.36149597168,99.6999969482422,288.776733398438,93.7875595092773,145.572311401367,231.862167358398,127.102088928223,103.735992431641,318.017669677734,114.413940429688,68.1886520385742
2023-02-15,152.839126586914,262.027709960938,22.6881427764893,132.656509399414,222.903854370117,101.160003662109,290.826232910156,96.0262451171875,143.173706054688,235.980209350586,126.810073852539,103.424118041992,316.618041992188,114.23477935791,69.0047988891602
2023-02-16,151.245071411133,255.051788330078,21.928689956665,130.829986572266,219.895065307617,98.1500015258789,291.325012207031,94.6097183227539,142.158554077148,233.911697387695,125.149192810059,103.12117767334,308.020111083984,112.676200866699,67.8837127685547
2023-02-17,150.103668212891,251.072525024414,21.3167285919189,131.217422485352,217.68473815918,97.1999969482422,288.341430664062,93.4606552124023,145.126403808594,235.116744995117,127.768249511719,99.1560134887695,306.134826660156,112.255180358887,68.2245254516602
2023-02-21,146.098922729492,245.828491210938,20.5861721038818,128.809692382812,214.821975708008,94.5800018310547,267.982025146484,90.9247741699219,142.963851928711,228.398880004883,127.676971435547,99.057991027832,309.029418945312,110.607002258301,66.0630798339844
2023-02-22,146.522064208984,244.69987487793,20.6848449707031,127.82258605957,214.237747192383,95.7900009155273,268.707489013672,90.7860946655273,142.764770507812,225.723068237305,128.215393066406,97.7748794555664,314.237701416016,110.08748626709,66.0810165405273
2023-02-23,147.004165649414,247.871658325195,23.585147857666,128.846588134766,215.318588256836,95.8199996948242,271.437225341797,90.0332717895508,142.719543457031,225.780014038086,127.804748535156,98.6748275756836,316.008728027344,111.081756591797,65.3545532226562
2023-02-24,144.357330322266,242.471893310547,23.208402633667,130.008926391602,213.780090332031,93.5,269.033996582031,88.2898483276367,141.127044677734,224.091049194336,127.083793640137,98.6837615966797,331.024047851562,108.725944519043,65.3994140625
2023-02-27,145.547912597656,243.386474609375,23.4226856231689,131.143615722656,214.559112548828,93.7600021362305,268.444519042969,89.0228958129883,140.819366455078,227.706192016602,126.974319458008,98.5055313110352,327.996185302734,110.096412658691,64.8650054931641
2023-02-28,145.046112060547,242.666488647461,23.1386375427246,132.241409301758,214.159851074219,94.2300033569336,268.925201416016,89.2110900878906,138.674926757812,227.29817199707,125.53246307373,97.9352569580078,331.700042724609,110.535346984863,64.1158218383789
2023-03-01,142.979782104492,239.601760864258,22.6223640441895,131.503402709961,212.621368408203,92.1699981689453,263.710662841797,89.5082626342773,138.050628662109,235.951736450195,125.623710632324,98.8084945678711,333.299621582031,108.501998901367,63.0687408447266
2023-03-02,143.570175170898,244.31071472168,23.2363090515137,130.138122558594,213.302978515625,92.129997253418,265.732940673828,91.1328125,137.941986083984,239.282211303711,127.695220947266,99.2629241943359,334.918365478516,111.62816619873,65.1809616088867
2023-03-03,148.608047485352,248.377578735352,23.8103923797607,132.527389526367,217.889205932617,94.9000015258789,270.657318115234,92.7672653198242,139.362594604492,242.252105712891,128.626068115234,100.519302368164,345.039703369141,113.715263366699,66.6432647705078
2023-03-06,151.363174438477,249.914794921875,23.4755153656006,131.75244140625,220.790878295898,93.75,270.439666748047,94.2332916259766,140.756042480469,240.990142822266,128.078552246094,101.410346984863,340.916900634766,113.903373718262,67.1577606201172
2023-03-07,149.168899536133,247.268402099609,23.2143402099609,127.877983093262,217.304977416992,93.5500030517578,263.628997802734,92.9752731323242,139.425918579102,233.551162719727,125.53246307373,99.4500350952148,337.193939208984,110.911544799805,66.5710525512695
2023-03-08,150.418579101562,246.830596923828,24.1045150756836,127.121490478516,216.350723266602,93.9199981689453,266.259704589844,93.3616104125977,138.403472900391,235.999221801758,125.550704956055,97.9976425170898,337.917602539062,112.022300720215,67.0223846435547
2023-03-09,148.175109863281,245.48796081543,23.3618717193604,120.239585876465,214.228012084961,92.25,263.071838378906,91.4497833251953,136.847137451172,228.636093139648,124.629035949707,97.240234375,329.367370605469,108.654266357422,66.5800857543945
2023-03-10,146.118591308594,241.858963012695,22.8923606872559,123.293075561523,210.459716796875,90.7300033569336,261.528045654297,89.7757263183594,137.181930541992,215.399551391602,125.194801330566,96.0373306274414,325.196838378906,104.784660339355,65.9030838012695
2023-03-13,148.057037353516,247.044631958008,22.8933582305908,121.079078674316,208.833587646484,92.4300003051758,261.719909667969,90.2512054443359,138.493988037109,213.207702636719,126.061744689941,94.9324188232422,320.002593994141,106.029731750488,66.1558380126953
2023-03-14,150.143035888672,253.728622436523,23.9868869781494,124.187919616699,212.913497924805,94.879997253418,260.852142333984,93.0842437744141,139.272109985352,214.12809753418,127.622222900391,95.2888412475586,327.275543212891,107.337532043457,67.2931900024414
2023-03-15,150.536651611328,258.252746582031,24.1513710021973,118.320770263672,210.683670043945,96.1999969482422,263.044403076172,95.2040710449219,139.661193847656,206.148239135742,129.429153442383,90.548469543457,316.275329589844,107.498764038086,68.1687316894531
2023-03-16,153.350769042969,268.721343994141,25.4602127075195,120.617820739746,211.735305786133,100.040000915527,261.911712646484,99.374382019043,139.371643066406,207.524047851562,130.396453857422,90.0227432250977,323.309326171875,108.355934143066,68.8096466064453
2023-03-17,152.514389038086,271.863891601562,25.6436309814453,116.06063079834,211.676864624023,98.9499969482422,263.428039550781,100.662124633789,137.878677368164,204.013290405273,130.432907104492,88.9623947143555,315.854705810547,104.69263458252,68.3041458129883
2023-03-20,154.875900268555,264.858917236328,25.8180809020996,117.287559509277,212.416915893555,97.7099990844727,264.222747802734,100.265907287598,139.244964599609,209.042221069336,132.44059753418,91.2880172729492,323.806274414062,107.101753234863,68.574951171875
2023-03-21,156.72575378418,266.366882324219,26.1161308288574,120.433319091797,216.117004394531,100.610000610352,264.378021240234,103.931015014648,139.244964599609,213.416458129883,131.482391357422,95.3779525756836,326.186065673828,106.794982910156,68.0243148803711
2023-03-22,155.29899597168,264.917236328125,26.3842811584473,117.324462890625,214.257217407227,98.6999969482422,258.148284912109,102.395629882812,136.675247192383,208.700637817383,131.400283813477,93.1948699951172,324.131225585938,102.969276428223,66.9140396118164
2023-03-23,156.381393432617,270.141845703125,27.1049957275391,117.010810852051,216.740219116211,98.7099990844727,259.335815429688,104.604606628418,136.747604370117,208.216705322266,131.217727661133,92.1434326171875,326.214721679688,102.99634552002,66.6252059936523
2023-03-24,157.680221557617,272.973052978516,26.6942958831787,115.230377197266,215.230926513672,98.129997253418,258.522796630859,104.446113586426,138.122955322266,205.910995483398,133.891571044922,92.250358581543,329.483245849609,105.594947814941,68.3222045898438
2023-03-27,155.741790771484,268.896514892578,26.4470844268799,118.53296661377,215.980712890625,98.0400009155273,256.924346923828,101.494201660156,138.71110534668,206.850387573242,133.188858032227,94.2730407714844,331.729217529297,105.622001647949,68.096549987793
2023-03-28,155.121887207031,267.777679443359,26.3264656066895,118.892715454102,214.539566040039,97.2399978637695,256.513244628906,100.077697753906,137.371963500977,208.89990234375,133.563049316406,95.4492416381836,331.9873046875,105.252075195312,67.9160003662109
2023-03-29,158.191864013672,272.914672851562,26.8986492156982,119.132591247559,217.431564331055,100.25,258.833374023438,100.434295654297,138.720169067383,211.594619750977,133.973663330078,97.0887756347656,334.242706298828,108.166465759277,68.7013244628906
2023-03-30,159.756362915039,276.358764648438,27.2963848114014,118.772811889648,216.516250610352,102,260.660217285156,99.9390106201172,138.828735351562,213.055877685547,134.557723999023,97.5610046386719,335.972564697266,110.007125854492,69.1345825195312
2023-03-31,162.255630493164,280.493682861328,27.6891422271729,120.211921691895,219.534790039062,103.290000915527,269.575531005859,102.752243041992,140.249328613281,217.135971069336,135.689331054688,97.7125015258789,339.699920654297,112.578651428223,69.5769195556641
2023-04-03,163.505279541016,279.452728271484,27.8765487670898,120.073547363281,222.981750488281,102.410003662109,271.959594726562,103.376304626465,141.923278808594,218.113296508789,136.437606811523,103.477584838867,342.242095947266,111.676361083984,69.2067947387695
2023-04-04,162.973937988281,279.404022216797,27.3661651611328,118.468368530273,221.676986694336,103.949996948242,269.429382324219,103.732917785645,143.407211303711,206.328475952148,137.094650268555,102.488525390625,341.955322265625,111.956077575684,69.6491165161133
2023-04-05,161.133895874023,276.640991210938,26.7959804534912,118.645034790039,222.173553466797,101.099998474121,263.683746337891,103.485260009766,149.849609375,202.608978271484,138.034576416016,104.243881225586,339.862335205078,110.322914123535,70.7052154541016
2023-04-06,162.019470214844,283.704406738281,26.9514808654785,118.514862060547,220.050872802734,102.059997558594,263.628936767578,107.39803314209,149.433395385742,198.471954345703,138.910690307617,102.515258789062,340.789367675781,110.756034851074,71.2829360961914
2023-04-10,159.431625366211,281.55419921875,27.4917678833008,118.905349731445,220.479293823242,102.169998168945,265.967407226562,105.436698913574,148.682418823242,204.506698608398,137.760818481445,102.060821533203,342.681732177734,111.649307250977,70.7954940795898
2023-04-11,158.221389770508,275.171783447266,27.0830631256104,119.491104125977,222.446212768555,99.9199981689453,268.342376708984,104.356971740723,148.637161254883,209.3173828125,137.487030029297,102.782554626465,342.385498046875,110.683853149414,70.7142486572266
2023-04-12,157.532623291016,275.813995361328,26.4111976623535,119.47248840332,221.823028564453,97.8300018310547,265.300628662109,103.653663635254,148.320449829102,209.22248840332,137.861206054688,102.675651550293,343.436737060547,110.810165405273,70.9399032592773
2023-04-13,162.905044555664,281.992004394531,26.3792991638184,119.928085327148,226.574783325195,102.400001525879,266.862487792969,106.417350769043,150.302047729492,210.332672119141,138.5,103.156806945801,345.931091308594,110.007125854492,71.1746139526367
2023-04-14,162.560653686523,278.392272949219,26.6733627319336,128.983810424805,227.869842529297,102.51000213623,266.899139404297,107.843795776367,150.057754516602,212.239852905273,137.797302246094,103.406303405762,343.742584228516,108.058166503906,70.4253921508789
2023-04-17,162.580337524414,280.980163574219,26.9165897369385,130.006530761719,227.344024658203,102.73999786377,269.831237792969,104.971130371094,149.903915405273,213.720108032227,137.842956542969,102.203392028809,346.303894042969,111.107917785645,70.8948059082031
2023-04-18,163.800445556641,280.561798095703,27.5794887542725,131.466232299805,227.460861206055,102.300003051758,273.074005126953,103.514984130859,145.687362670898,213.682113647461,137.989013671875,104.199333190918,348.712249755859,111.622230529785,70.6781463623047
2023-04-19,164.941879272461,280.639678955078,27.8426532745361,131.298904418945,226.457901000977,104.300003051758,271.210571289062,103.19800567627,147.062728881836,213.160247802734,138.016342163086,103.869651794434,349.132751464844,112.930541992188,71.2558441162109
2023-04-20,163.977569580078,278.363037109375,27.0182685852051,130.917709350586,228.4345703125,103.809997558594,272.726898193359,104.29753112793,148.012802124023,210.901962280273,138.522338867188,103.040977478027,351.082489013672,111.207168579102,71.0843353271484
2023-04-21,162.37370300293,278.022491455078,27.0332202911377,130.666641235352,227.899017333984,106.959999084473,274.069641113281,104.41641998291,147.207504272461,210.138809204102,143.315734863281,103.370666503906,349.992950439453,111.504928588867,71.3009796142578
2023-04-24,162.678726196289,274.140533447266,26.956470489502,130.843307495117,226.642944335938,106.209999084473,275.531188964844,104.971130371094,148.103302001953,213.153411865234,143.572845458984,105.322067260742,351.713195800781,111.153038024902,71.3461151123047
2023-04-25,161.143707275391,267.962554931641,26.1580009460449,127.99828338623,223.556259155273,102.569999694824,270.680816650391,102.871109008789,149.460525512695,208.574203491211,143.609603881836,103.825088500977,350.805328369141,108.852203369141,70.2448654174805
2023-04-26,161.133895874023,287.372314453125,26.8707370758057,125.729667663574,222.154098510742,104.980003356934,263.1357421875,102.732437133789,147.144195556641,206.246429443359,141.947509765625,102.871673583984,348.836486816406,107.435600280762,66.8599014282227
2023-04-27,165.709350585938,296.576171875,27.1398830413818,127.421852111816,222.991455078125,109.819999694824,268.488525390625,106.575843811035,147.488006591797,204.472015380859,143.683059692383,104.10132598877,349.448211669922,110.241737365723,68.4666442871094
2023-04-28,166.958984375,298.9404296875,27.6612281799316,128.528244018555,226.613723754883,105.449996948242,274.526336669922,106.328216552734,148.121383666992,208.736389160156,143.600387573242,105.446800231934,353.089508056641,113.011749267578,69.1707000732422
2023-05-01,166.87043762207,297.286346435547,28.8185615539551,131.280258178711,226.399520874023,102.050003051758,271.932220458984,106.18953704834,148.030899047852,207.276763916016,143.77490234375,102.176658630371,355.822814941406,110.440238952637,69.3241577148438
2023-05-02,165.837265014648,297.140472412109,28.1207695007324,129.160446166992,221.014846801758,103.629997253418,268.808197021484,104.327262878418,149.324813842773,205.254272460938,143.646301269531,98.1045532226562,353.653350830078,110.512405395508,68.5478744506836
2023-05-03,164.764755249023,296.157806396484,27.7140636444092,126.42700958252,220.041122436523,103.650001525879,267.712036132812,104.41641998291,147.370376586914,205.721725463867,143.462646484375,96.1709823608398,347.402954101562,112.028266906738,68.0514068603516
2023-05-04,163.13134765625,297.140472412109,27.4748210906982,124.697685241699,219.671096801758,104,261.016510009766,103.703193664551,146.700790405273,200.703674316406,142.801498413086,94.4869079589844,344.822479248047,112.677909851074,68.1597366333008
2023-05-05,170.78662109375,302.238586425781,28.5892848968506,127.13362121582,225.688705444336,105.660003662109,264.551574707031,104.574905395508,147.198440551758,205.197036743164,143.279006958008,96.8392639160156,350.145782470703,114.816337585449,68.1597366333008
2023-05-08,170.717727661133,300.292724609375,29.0587978363037,127.440437316895,226.126876831055,105.830001831055,263.007873535156,106.754150390625,146.863662719727,204.91081237793,142.608673095703,97.2224197387695,349.476867675781,114.924606323242,68.6561965942383
2023-05-09,169.015502929688,298.687438964844,28.4806308746338,126.826766967773,227.129821777344,106.620002746582,265.428497314453,106.338104248047,145.723587036133,203.670608520508,141.14860534668,97.249153137207,348.5498046875,113.616287231445,68.2229156494141
2023-05-10,170.776779174805,303.853668212891,28.7936363220215,126.891845703125,225.192092895508,110.190002441406,264.012664794922,110.696632385254,146.266479492188,203.365341186523,141.442428588867,96.0016784667969,352.563812255859,115.565223693848,69.4053955078125
2023-05-11,170.963729858398,301.713226318359,28.487606048584,126.49210357666,225.377471923828,112.180000305176,262.788635253906,115.471206665039,145.669296264648,200.369766235352,141.773040771484,94.2641372680664,350.786254882812,113.453872680664,68.6922912597656
2023-05-12,170.037506103516,300.604125976562,28.2503604888916,124.679069519043,225.73844909668,110.26000213623,265.328033447266,116.40234375,145.479293823242,199.902297973633,143.214736938477,94.2552108764648,353.930480957031,112.939567565918,70.3712463378906
2023-05-15,169.544860839844,301.080780029297,28.8614177703857,125.729667663574,227.133575439453,111.199996948242,263.565093994141,115.411758422852,144.366317749023,201.571792602539,143.260635375977,94.4349670410156,352.46826171875,113.03882598877,69.9921112060547
2023-05-16,169.544860839844,303.299011230469,29.1206016540527,124.883636474609,224.850646972656,113.400001525879,257.892517089844,118.383499145508,144.176315307617,197.669921875,143.0126953125,92.1430816650391,349.696716308594,109.402587890625,68.4576034545898
2023-05-17,170.155746459961,306.165710449219,30.0825481414795,128.72346496582,226.977478027344,115.5,267.081817626953,119.700942993164,143.859649658203,202.34455871582,142.406631469727,94.2102890014648,348.846069335938,110.710922241211,68.0062789916992
2023-05-18,172.481140136719,310.572937011719,31.5778007507324,129.699722290039,227.904327392578,118.150001525879,269.612030029297,121.672203063965,143.39811706543,204.844039916992,140.065002441406,95.0641326904297,351.88525390625,110.133445739746,67.7896423339844
2023-05-19,172.589508056641,310.397491455078,31.1651077270508,129.402206420898,227.621383666992,116.25,265.702484130859,121.602874755859,143.787216186523,204.901290893555,140.652725219727,95.5045394897461,355.039031982422,111.035743713379,67.2299880981445
2023-05-22,171.643585205078,313.166534423828,31.0773906707764,128.332992553711,225.640884399414,115.01000213623,265.501586914062,123.871292114258,143.012298583984,204.405197143555,136.970413208008,94.3450927734375,350.164916992188,112.091415405273,67.3202590942383
2023-05-23,169.042297363281,307.394287109375,30.590934753418,126.994171142578,219.104248046875,114.98999786377,269.411102294922,121.404747009277,142.957611083984,202.926513671875,135.492004394531,95.6303558349609,338.266296386719,111.468841552734,66.9411544799805
2023-05-24,169.318237304688,306.019470214844,30.44140625,125.831977844238,216.8310546875,116.75,265.903442382812,119.760398864746,142.820877075195,200.054931640625,134.371704101562,96.6998977661133,339.145568847656,109.195068359375,67.0133438110352
2023-05-25,170.451324462891,317.788269042969,37.8598670959473,126.138786315918,217.933532714844,115,261.929992675781,122.316078186035,140.769653320312,200.322052001953,133.508544921875,94.9652557373047,340.798950195312,110.06127166748,66.24609375
2023-05-26,172.855560302734,324.584411621094,38.8228225708008,127.319557189941,219.523788452148,120.110000610352,267.483703613281,123.435432434082,140.714950561523,202.058349609375,133.517684936523,94.3450927734375,340.435791015625,112.741058349609,67.152717590332
2023-05-30,174.698089599609,322.9462890625,39.9841270446777,127.803039550781,216.235931396484,121.660003662109,267.090942382812,122.504287719727,140.733169555664,200.245712280273,131.479110717773,93.5092391967773,339.193359375,112.163612365723,66.0353088378906
2023-05-31,174.648834228516,320.196746826172,37.7143287658691,126.175987243652,215.640823364258,120.580001831055,260.779632568359,121.711837768555,141.362197875977,196.28662109375,130.854690551758,91.8375015258789,337.998748779297,112.380149841309,66.7348403930664
2023-06-01,177.447143554688,324.282135009766,39.6442070007324,127.914573669434,220.977432250977,122.769996643066,265.324493408203,122.553817749023,140.888153076172,199.45393371582,132.195373535156,92.898063659668,340.976928710938,110.656768798828,66.2806091308594
2023-06-02,178.294540405273,327.031799316406,39.2026062011719,130.601577758789,223.21159362793,124.25,272.270660400391,123.49486541748,143.103500366211,216.206253051758,134.546157836914,95.0551376342773,345.753601074219,112.713996887207,67.0891418457031
2023-06-05,176.944641113281,327.558319091797,39.0471115112305,129.318496704102,221.24089050293,125.300003051758,269.657806396484,124.822235107422,144.334213256836,212.237579345703,134.013565063477,94.6327133178711,347.998077392578,112.452331542969,66.8529357910156
2023-06-06,176.580062866211,325.354705810547,38.5317420959473,129.550918579102,222.655487060547,126.610000610352,272.325775146484,126.109970092773,144.206588745117,216.253921508789,132.682067871094,95.4056625366211,345.053466796875,113.535079956055,66.6621551513672
2023-06-07,175.210464477539,315.311676025391,37.3603324890137,130.806106567383,219.777404785156,121.230003356934,277.570007324219,121.345314025879,144.516555786133,224.715972900391,132.966735839844,97.5447692871094,347.499328613281,115.547187805176,67.3798370361328
2023-06-08,177.920104980469,317.144805908203,38.392162322998,130.843307495117,217.611572265625,124.25,277.008758544922,120.988716125488,146.102844238281,223.666534423828,134.472732543945,97.2391738891602,347.422607421875,112.704971313477,68.0430068969727
2023-06-09,178.30436706543,318.636566162109,38.6513748168945,131.103622436523,218.109115600586,123.430000305176,273.56787109375,121.077850341797,145.874938964844,224.219879150391,134.582916259766,96.5201568603516,346.031799316406,109.456741333008,67.2889938354492
2023-06-12,181.092819213867,323.570373535156,39.3611907958984,131.094329833984,220.655471801758,126.569999694824,276.797119140625,122.474555969238,145.774658203125,226.957901000977,133.526870727539,95.6483154296875,347.230804443359,107.931884765625,67.2072372436523
2023-06-13,180.619873046875,325.949432373047,40.8964805603027,132.042663574219,217.953018188477,126.660003662109,276.079467773438,122.662773132324,146.540435791016,234.151107788086,133.205459594727,95.6663055419922,358.021453857422,109.492820739746,67.5433502197266
2023-06-14,181.25048828125,328.923370361328,42.8654365539551,131.549942016602,217.992050170898,126.419998168945,275.739105224609,122.504287719727,147.288009643555,232.128616333008,134.454345703125,94.5158767700195,359.028625488281,110.322914123535,66.6803283691406
2023-06-15,183.280258178711,339.414916992188,42.5224952697754,133.037490844727,220.655471801758,127.110000610352,277.864379882812,123.91089630127,149.266311645508,236.278518676758,136.318450927734,95.1719741821289,361.071655273438,110.613731384277,67.5524520874023
2023-06-16,182.206253051758,333.788848876953,42.5613746643066,133.195571899414,223.328704833984,125.48999786377,276.355560302734,122.365608215332,149.722152709961,233.988906860352,137.319366455078,94.488899230957,359.968597412109,111.440689086914,68.6698455810547
2023-06-20,182.294952392578,329.615631103516,43.673957824707,132.516845703125,220.948181152344,125.779998779297,277.303131103516,121.939659118652,149.630996704102,230.058395385742,136.052154541016,92.3228454589844,353.628479003906,109.814033508301,67.9158325195312
2023-06-21,181.260360717773,325.237670898438,42.9132843017578,132.32160949707,221.70915222168,124.830001831055,276.649963378906,119.413696289062,149.403091430664,230.37321472168,137.227569580078,93.3564376831055,355.518005371094,109.677711486816,68.8424606323242
2023-06-22,184.255752563477,331.234283447266,42.8933525085449,129.77409362793,222.821334838867,130.149993896484,277.091583251953,121.989196777344,150.989364624023,226.423645019531,137.695846557617,92.8441467285156,357.426788330078,107.832946777344,68.2519378662109
2023-06-23,183.9404296875,326.661254882812,42.0798454284668,129.095397949219,223.953048706055,129.330001831055,276.751190185547,121.186813354492,150.861724853516,223.657043457031,136.327606201172,92.0352325439453,355.460510253906,106.233520507812,67.3798370361328
2023-06-26,182.551116943359,320.4013671875,40.5076713562012,129.411483764648,220.782333374023,127.330001831055,283.264862060547,117.224533081055,149.175140380859,226.051605224609,136.465362548828,93.7339324951172,355.575592041016,108.151008605957,67.4888534545898
2023-06-27,185.300155639648,326.222473144531,41.7478561401367,129.420806884766,221.796936035156,129.179992675781,288.647003173828,117.214630126953,148.865203857422,229.619567871094,137.760147094727,93.9676208496094,360.409912109375,109.841293334961,67.1436538696289
2023-06-28,186.472717285156,327.470520019531,40.9911918640137,128.853607177734,222.40185546875,129.039993286133,281.995239257812,119.047180175781,148.564315795898,230.74528503418,137.732604980469,94.731575012207,359.661712646484,109.595932006836,66.716667175293
2023-06-29,186.807754516602,326.690460205078,40.6970901489258,133.353622436523,228.606750488281,127.900001525879,283.200500488281,117.977363586426,149.603637695312,233.006271362305,137.172454833984,95.9000015258789,363.709350585938,110.413795471191,66.1443405151367
2023-06-30,191.123474121094,332.043579101562,42.1725616455078,135.222396850586,231.689697265625,130.360000610352,285.794952392578,118.571701049805,150.898178100586,234.733032226562,139.339599609375,96.3943252563477,365.522216796875,111.440689086914,67.4070816040039
2023-07-03,189.635635375977,329.557189941406,42.2832221984863,136.310211181641,232.167785644531,130.220001220703,285.224517822266,118.769828796387,148.919876098633,235.954177856445,140.037460327148,96.5830688476562,362.721405029297,112.549392700195,67.5706176757812
2023-07-05,188.522216796875,329.713134765625,42.1875190734863,135.40217590332,233.611694335938,130.380004882812,285.942108154297,120.602386474609,148.427597045898,233.569122314453,139.798751831055,96.088737487793,352.247222900391,112.676612854004,68.0884323120117
2023-07-06,188.995147705078,332.755310058594,41.9741706848145,134.063491821289,233.055587768555,128.360000610352,277.864379882812,118.977851867676,147.324493408203,229.514633178711,139.569152832031,92.5026092529297,349.647888183594,111.767845153809,66.3351287841797
2023-07-07,187.881729125977,328.806396484375,42.3729438781738,135.121307373047,230.684829711914,129.779998779297,278.591156005859,118.353775024414,145.182083129883,233.90299987793,136.639846801758,92.7182998657227,349.628692626953,110.859092712402,65.4539108276367
2023-07-10,185.842132568359,323.550872802734,42.0509338378906,135.879608154297,232.353134155273,127.129997253418,285.463745117188,115.352333068848,145.41911315918,237.366073608398,136.694961547852,94.0934524536133,352.544616699219,110.695526123047,65.1450500488281
2023-07-11,185.319854736328,324.174926757812,42.2752456665039,138.004608154297,234.684875488281,128.779998779297,288.573425292969,116.035835266113,144.616836547852,241.220260620117,135.978698730469,95.2438812255859,351.863555908203,111.976867675781,65.5811080932617
2023-07-12,186.985107421875,328.786865234375,43.7676696777344,138.687973022461,236.30436706543,130.800003051758,292.124664306641,117.808959960938,144.115432739258,241.935775756836,136.685775756836,95.7112350463867,359.306793212891,113.812561035156,66.7439117431641
2023-07-13,187.743789672852,334.110626220703,45.8363227844238,139.36198425293,237.377548217773,134.300003051758,289.438232421875,123.366088867188,144.780914306641,244.091812133789,136.777542114258,93.958625793457,361.743072509766,115.36653137207,66.9619445800781
2023-07-14,187.891571044922,336.626312255859,45.3298683166504,140.204528808594,237.231216430664,134.679992675781,291.186279296875,124.23779296875,145.747329711914,243.862854003906,137.787689208984,90.723014831543,363.124298095703,116.093536376953,66.4986419677734
2023-07-17,191.143142700195,337.104034423828,46.3188323974609,143.583953857422,238.041000366211,133.559997558594,290.772216796875,123.475051879883,145.017974853516,245.618225097656,136.814346313477,91.1184692382812,366.510162353516,116.302536010742,66.0080642700195
2023-07-18,190.886978149414,350.520721435547,47.3486785888672,143.846069335938,234.899505615234,132.830001831055,291.425445556641,122.59342956543,145.008834838867,251.676162719727,137.071411132812,90.7050323486328,368.582000732422,112.685699462891,65.4539108276367
2023-07-19,192.236877441406,346.220733642578,46.9329490661621,144.398391723633,235.533630371094,135.360000610352,293.927947998047,120.879745483398,144.717132568359,251.906265258789,138.008087158203,91.3341827392578,359.412292480469,111.576995849609,65.4993362426758
2023-07-20,190.295806884766,338.215545654297,45.3807144165039,146.177093505859,233.777526855469,129.960006713867,293.569122314453,118.07642364502,153.505554199219,250.314788818359,139.127136230469,92.943000793457,366.02099609375,112.467590332031,67.3162536621094
2023-07-21,189.123260498047,335.192962646484,44.1734237670898,145.053680419922,233.416549682617,130,294.838806152344,118.888694763184,155.155639648438,247.016708374023,141.317169189453,93.3744201660156,368.840972900391,113.99430847168,68.9514541625977
2023-07-24,189.921356201172,336.499481201172,44.4754943847656,147.908905029297,234.870254516602,128.800003051758,299.107604980469,120.384452819824,155.967041015625,248.665771484375,141.769927978516,94.8394088745117,368.98486328125,115.421043395996,68.5880813598633
2023-07-25,190.778564453125,342.223083496094,45.5392265319824,146.804290771484,232.870193481445,129.130004882812,299.1259765625,121.058044433594,157.16130065918,251.244705200195,142.102584838867,94.9832305908203,375.075622558594,115.50284576416,68.533576965332
2023-07-26,191.645706176758,329.342681884766,45.3129196166992,147.684204101562,231.318984985352,128.149993896484,303.229278564453,128.051483154297,157.462158203125,247.659133911133,142.25048828125,94.4529571533203,372.361114501953,117.483917236328,67.5615310668945
2023-07-27,190.384460449219,322.468566894531,45.7595596313477,146.055358886719,228.723846435547,128.25,303.339752197266,128.180282592773,158.346466064453,247.639938354492,140.559417724609,94.7495574951172,368.927307128906,113.539932250977,66.5622329711914
2023-07-28,192.956161499023,329.927642822266,46.6069526672363,146.888519287109,230.001892089844,132.210006713867,304.866973876953,131.330307006836,159.066680908203,249.682006835938,144.532897949219,93.6171035766602,372.840728759766,112.367645263672,66.1806945800781
2023-07-31,193.567047119141,327.538787841797,46.5860176086426,147.871459960938,231.933578491211,133.679992675781,307.139465332031,131.468978881836,152.73063659668,254.226409912109,144.431259155273,96.3853530883789,374.720733642578,113.367256164551,66.589485168457
2023-08-01,192.739410400391,327.948425292969,46.3646965026855,147.141265869141,233.933639526367,131.690002441406,305.510894775391,130.310012817383,153.970504760742,276.737335205078,144.385040283203,95.8280868530273,372.773590087891,112.849258422852,65.5629196166992
2023-08-02,189.753860473633,319.328887939453,44.1335487365723,145.47492980957,231.76774597168,128.210006713867,302.226470947266,127.169883728027,154.900390625,275.701965332031,144.699249267578,94.6327133178711,368.112060546875,112.394897460938,65.3267288208008
2023-08-03,188.364547729492,318.509796142578,44.3787879943848,146.364318847656,232.938537597656,128.910003662109,303.468566894531,127.239219665527,155.565887451172,269.834503173828,145.078125,96.2774963378906,365.205688476562,112.513023376465,63.6824340820312
2023-08-04,179.319259643555,319.601867675781,44.5432891845703,146.055358886719,233.162887573242,139.570007324219,300.322082519531,126.902442932129,154.10725402832,265.031311035156,143.488693237305,96.547119140625,362.395324707031,111.086288452148,62.8375816345215
2023-08-07,176.225372314453,321.873718261719,45.2780265808105,146.748062133789,235.621444702148,142.220001220703,302.842895507812,130.290176391602,157.808563232422,270.026245117188,145.004165649414,96.3493804931641,369.25341796875,113.076454162598,62.3560981750488
2023-08-08,177.161407470703,317.915069580078,44.5273323059082,145.924285888672,233.45556640625,139.940002441406,301.591674804688,130.161437988281,157.88151550293,271.215118408203,145.161270141602,96.8257446289062,366.193603515625,112.158615112305,62.4197006225586
2023-08-09,175.575057983398,314.190338134766,42.4237899780273,143.9677734375,233.914108276367,137.850006103516,301.959686279297,128.43782043457,157.781219482422,272.787414550781,144.976470947266,98.4705047607422,364.064300537109,111.413452148438,62.6104583740234
2023-08-10,175.358261108398,314.872863769531,42.2582931518555,143.752471923828,234.744964599609,138.559997558594,303.054534912109,128.467544555664,156.960723876953,272.106719970703,144.25569152832,98.9738311767578,366.711547851562,111.01358795166,62.038143157959
2023-08-11,175.417449951172,313.000793457031,40.7299842834473,144.58561706543,234.627639770508,138.410003662109,304.627746582031,128.338760375977,158.492324829102,273.448974609375,145.096588134766,100.5107421875,366.232055664062,112.24040222168,62.6104583740234
2023-08-14,177.065170288086,315.955200195312,43.6191177368164,144.885192871094,237.42317199707,140.570007324219,303.560485839844,130.092086791992,158.118560791016,272.797027587891,143.959991455078,100.591621398926,366.567779541016,112.213150024414,62.2834281921387
2023-08-15,175.082000732422,313.82958984375,43.805549621582,141.196807861328,234.422409057617,137.669998168945,305.575408935547,128.556701660156,157.662734985352,265.922882080078,143.035903930664,98.0091018676758,363.891693115234,111.495223999023,61.1841926574707
2023-08-16,174.213760375977,313.067474365234,43.3529396057129,140.597717285156,233.894577026367,135.070007324219,306.394195556641,127.486885070801,157.16130065918,263.180969238281,141.575897216797,96.3599243164062,362.376068115234,110.731880187988,61.3749732971191
2023-08-17,171.67805480957,309.627990722656,43.2113761901855,139.137329101562,232.017883300781,133.979995727539,301.104095458984,128.695373535156,158.638214111328,263.813720703125,140.559417724609,98.2265853881836,360.994934082031,109.232421875,61.3295516967773
2023-08-18,172.161529541016,309.237213134766,43.1665077209473,139.455612182617,232.799835205078,133.220001220703,301.186859130859,126.258560180664,157.252487182617,262.500213623047,140.956741333008,99.7126693725586,359.786437988281,110.38655090332,61.6202583312988
2023-08-21,173.493469238281,314.513610839844,46.8232879638672,139.933059692383,234.060745239258,134.679992675781,298.141571044922,127.15998840332,152.566528320312,261.493591308594,140.245239257812,98.5075073242188,362.078826904297,109.177909851074,60.9389114379883
2023-08-22,174.864944458008,315.080291748047,45.528263092041,137.031051635742,235.145721435547,134.25,298.528015136719,127.86328125,151.354019165039,259.048767089844,140.300689697266,97.9547271728516,362.174682617188,109.977600097656,61.3386344909668
2023-08-23,178.702987670898,319.516479492188,46.9718284606934,137.957809448242,236.836700439453,135.520004272461,300.00927734375,131.122268676758,149.995635986328,261.762054443359,141.612854003906,97.0938949584961,362.903747558594,111.840560913086,61.6747741699219
2023-08-24,174.026306152344,312.647308349609,47.0186958312988,137.826736450195,234.070541381836,131.839996337891,296.789184570312,128.556701660156,150.506164550781,258.185913085938,140.956741333008,96.3689651489258,362.510406494141,110.631912231445,61.066104888916
2023-08-25,176.226516723633,315.588439941406,45.8771934509277,137.658233642578,237.100631713867,133.259994506836,297.03759765625,128.65576171875,152.664123535156,261.311431884766,141.880844116211,98.0906677246094,366.011383056641,111.467964172363,61.7383575439453
2023-08-28,177.785446166992,316.291931152344,46.6916961669922,138.135665893555,238.332229614258,133.139999389648,299.843627929688,129.775100708008,150.864318847656,263.449371337891,142.102584838867,98.9152603149414,366.471801757812,112.685699462891,61.7928619384766
2023-08-29,181.663009643555,320.894165039062,48.6347274780273,139.259033203125,239.808151245117,134.910003662109,303.036102294922,133.301559448242,150.882690429688,268.473083496094,142.185760498047,99.5042495727539,371.056610107422,113.685340881348,61.7544479370117
2023-08-30,185.145874023438,321.265502929688,49.1132621765137,138.697341918945,240.678070068359,135.070007324219,306.128601074219,134.599197387695,150.350051879883,270.678192138672,142.342864990234,100.473838806152,371.286865234375,114.230575561523,61.3702621459961
2023-08-31,185.362945556641,320.259002685547,49.203987121582,136.984222412109,240.140487670898,138.009994506836,305.823059082031,134.886459350586,148.467575073242,269.527740478516,142.620086669922,100.754737854004,371.238922119141,112.867462158203,61.1049880981445
2023-09-01,186.931747436523,321.138427734375,48.3605728149414,137.442916870117,242.515701293945,138.119995117188,308.397094726562,134.381256103516,147.365646362305,274.436431884766,142.777160644531,102.866058349609,374.265472412109,113.221862792969,61.1690063476562
2023-09-05,187.168533325195,325.91650390625,48.3994522094727,135.926376342773,239.808151245117,137.270004272461,303.489837646484,134.490249633789,147.549301147461,270.007110595703,140.864349365234,102.875122070312,367.230743408203,110.913627624512,60.5561332702637
2023-09-06,180.469116210938,325.261871337891,46.9208679199219,135.701736450195,240.609710693359,135.360000610352,301.841705322266,133.192596435547,145.097518920898,271.224700927734,140.587158203125,103.763153076172,368.857116699219,110.30477142334,60.0896072387695
2023-09-07,175.190521240234,322.359771728516,46.1033058166504,134.540924072266,241.567581176758,137.850006103516,304.082336425781,133.98503112793,146.952423095703,269.815368652344,141.927032470703,103.255706787109,372.061737060547,112.058654785156,60.6018600463867
2023-09-08,175.802261352539,326.619934082031,45.4362983703613,134.643920898438,241.71418762207,138.229995727539,304.350891113281,135.094482421875,147.439086914062,270.630310058594,141.317169189453,104.759902954102,372.244567871094,111.304389953613,61.1324157714844
2023-09-11,176.966491699219,330.206024169922,45.0434684753418,135.233657836914,241.645782470703,143.100006103516,304.036102294922,135.629379272461,149.367523193359,270.409759521484,142.998962402344,103.445999145508,374.688903808594,111.01358795166,61.7727279663086
2023-09-12,173.947341918945,324.17724609375,44.736385345459,136.993606567383,241.723968505859,141.229995727539,302.100982666016,134.064300537109,150.212341308594,270.179656982422,140.485504150391,106.463478088379,373.312774658203,110.85001373291,61.9556884765625
2023-09-13,171.885238647461,328.369079589844,45.3495635986328,137.059127807617,242.242004394531,144.850006103516,301.730560302734,135.42138671875,150.588836669922,264.532775878906,141.464996337891,105.512016296387,370.647094726562,110.177536010742,62.596019744873
2023-09-14,173.39485168457,330.948669433594,45.4452705383301,139.717758178711,236.054748535156,144.720001220703,305.202697753906,136.798309326172,150.359252929688,270.898712158203,143.017440795898,107.396797180176,375.121948242188,112.985580444336,63.3735427856445
2023-09-15,172.674575805664,322.662750244141,43.7692794799805,139.305847167969,235.634460449219,140.389999389648,297.582641601562,136.104858398438,148.256378173828,267.629425048828,141.816146850586,105.747627258301,373.380126953125,112.729354858398,62.7881126403809
2023-09-18,175.595062255859,321.529235839844,43.8350791931152,139.59602355957,239.143493652344,139.979995727539,293.749389648438,136.907211303711,149.193008422852,269.345581054688,142.352096557617,106.599403381348,372.937438964844,112.317520141602,62.4222145080566
2023-09-19,176.680374145508,321.128631591797,43.3904075622559,139.418182373047,238.068298339844,137.630004882812,291.295837402344,136.738830566406,148.945098876953,268.127990722656,141.936279296875,106.318504333496,375.102722167969,111.255935668945,61.8276176452637
2023-09-20,173.148162841797,313.428985595703,42.113224029541,138.828399658203,236.406616210938,135.289993286133,287.823577880859,132.479370117188,149.597045898438,267.111755371094,141.816146850586,105.475784301758,364.555480957031,110.65193939209,61.6080856323242
2023-09-21,171.608963012695,312.217376708984,40.8948631286621,137.74250793457,231.275024414062,129.330001831055,284.027526855469,129.210464477539,148.449249267578,260.803314208984,140.587158203125,103.989700317383,358.415710449219,104.831527709961,61.2056045532227
2023-09-22,172.457473754883,309.755065917969,41.4860954284668,136.42253112793,229.779479980469,129.119995117188,283.073883056641,129.022247314453,147.384017944336,261.790740966797,140.069671630859,104.152778625488,358.906494140625,104.392234802246,61.9282379150391
2023-09-25,173.73030090332,310.272888183594,42.0962677001953,137.096557617188,228.098297119141,131.270004272461,283.777557373047,129.874160766602,147.163635253906,262.950836181641,139.219528198242,105.321723937988,362.390167236328,103.641815185547,61.7178611755371
2023-09-26,169.665267944336,304.996551513672,41.7861976623535,135.673629760742,224.471939086914,125.980003356934,280.120239257812,127.358116149902,146.024978637695,258.396820068359,137.981307983398,105.484840393066,357.222381591797,102.04029083252,59.7694320678711
2023-09-27,168.155670166016,305.631622314453,42.3415374755859,136.469345092773,224.325302124023,125.980003356934,279.45361328125,129.309539794922,144.271057128906,261.455261230469,136.151626586914,108.919136047363,358.001861572266,101.811492919922,54.8481216430664
2023-09-28,168.412231445312,306.462158203125,42.9606895446777,138.163757324219,226.436614990234,125.980003356934,280.999786376953,131.062850952148,144.059875488281,264.839477539062,135.227554321289,108.257652282715,359.426086425781,102.616828918457,52.2136497497559
2023-09-29,168.925247192383,308.523834228516,43.3694686889648,135.757888793945,224.823806762695,127.120002746582,279.768402099609,129.626525878906,143.022171020508,261.733245849609,134.78401184082,106.545036315918,358.329040527344,102.690055847168,52.4057502746582
2023-10-02,171.431365966797,314.435363769531,44.6486473083496,134.587707519531,226.055419921875,129.460006713867,277.611053466797,132.905319213867,142.471206665039,260.506134033203,134.164886474609,104.778030395508,356.269653320312,100.2099609375,47.7039566040039
2023-10-03,170.099395751953,306.217926025391,43.3874130249023,133.595443725586,223.650863647461,124.720001220703,270.305694580078,131.181716918945,142.645660400391,257.869598388672,134.442153930664,104.959266662598,358.790985107422,98.3796463012695,48.2802543640137
2023-10-04,171.342559814453,311.660400390625,43.9098587036133,134.194580078125,226.006561279297,127,270.722412109375,133.965225219727,142.810989379883,254.092132568359,134.885665893555,101.03564453125,364.353363037109,99.2215805053711,46.3044013977051
2023-10-05,172.575912475586,312.051239013672,44.5549392700195,134.760375976562,228.215576171875,125.959999084473,270.08349609375,133.796844482422,144.298599243164,250.036727905273,132.880447387695,98.7611999511719,355.932830810547,99.7798309326172,45.2341461181641
2023-10-06,175.121475219727,319.7705078125,45.6257400512695,136.835083007812,229.740386962891,127.959999084473,271.120574951172,136.283172607422,144.757751464844,255.060501098633,133.148406982422,97.1120147705078,359.474304199219,99.670036315918,45.9567985534668
2023-10-09,176.601455688477,322.271850585938,45.1381950378418,136.523880004883,229.153945922852,128.259994506836,273.472320556641,137.115249633789,145.584197998047,260.103363037109,132.473846435547,100.510078430176,359.657043457031,100.173355102539,45.1152305603027
2023-10-10,176.009475708008,320.874603271484,45.66162109375,137.353713989258,231.265243530273,129.479995727539,277.046264648438,136.758636474609,145.418899536133,261.934539794922,133.786041259766,100.084182739258,364.690185546875,100.969535827637,47.1825561523438
2023-10-11,177.400650024414,324.812377929688,46.6666297912598,137.825256347656,230.365982055664,131.830001831055,275.962921142578,139.225173950195,143.417053222656,261.570220947266,132.141204833984,96.4958190917969,364.411071777344,102.863922119141,48.9754524230957
2023-10-12,178.29850769043,323.581207275391,46.8052062988281,137.504623413086,231.441162109375,132.330001831055,271.3056640625,137.660049438477,143.554809570312,258.483154296875,132.436904907227,96.4777145385742,363.487182617188,100.347229003906,48.4814872741699
2023-10-13,176.463363647461,320.229736328125,45.3256301879883,139.569869995117,232.311111450195,129.789993286133,270.287231445312,136.065292358398,144.032287597656,256.882049560547,133.702880859375,99.5586090087891,363.660430908203,100.347229003906,49.8444671630859
2023-10-16,176.335067749023,325.027313232422,45.9577484130859,139.428436279297,234.656997680664,132.550003051758,275.296295166016,137.788864135742,144.656707763672,259.614471435547,134.978073120117,99.6311187744141,364.959594726562,101.509483337402,49.743839263916
2023-10-17,174.785995483398,324.460632324219,43.8071632385254,139.126647949219,235.761474609375,131.470001220703,274.009307861328,138.40299987793,143.334411621094,261.397705078125,135.15364074707,100.935966491699,366.739898681641,98.9561920166016,49.5517387390137
2023-10-18,173.493469238281,322.555206298828,42.0703544616699,137.598983764648,232.115615844727,128.130004882812,268.731719970703,136.659622192383,140.248977661133,248.522003173828,138.637359619141,102.349555969238,357.414855957031,95.5243377685547,48.701042175293
2023-10-19,173.118591308594,323.737518310547,41.9756393432617,137.014266967773,228.538131713867,128.399993896484,265.518859863281,136.451568603516,139.872497558594,242.453186035156,137.857192993164,102.412986755371,356.202239990234,93.8770599365234,47.9234962463379
2023-10-20,170.572982788086,319.193969726562,41.2637596130371,134.807495117188,228.117828369141,125.169998168945,265.185577392578,134.321868896484,140.496917724609,240.149978637695,137.671203613281,100.655067443848,352.564605712891,93.7397842407227,47.5301513671875
2023-10-23,170.691390991211,321.783325195312,42.847038269043,132.968597412109,226.309539794922,126.559997558594,263.944854736328,135.213333129883,139.018508911133,238.338272094727,137.764175415039,99.1780471801758,351.669616699219,92.2572326660156,47.1276626586914
2023-10-24,171.125534057617,322.965576171875,43.5329818725586,133.12890625,229.35920715332,128.559997558594,262.315246582031,137.501556396484,138.871551513672,240.487274169922,139.391494750977,98.2175064086914,353.430816650391,93.0717163085938,50.4207496643066
2023-10-25,168.816741943359,332.873565673828,41.6545944213867,132.402801513672,231.509582519531,121.389999389648,260.111633300781,124.426010131836,139.183776855469,236.044723510742,140.042449951172,98.3987503051758,350.6591796875,90.3628540039062,51.6465148925781
2023-10-26,164.662902832031,320.385986328125,40.2059211730957,132.742263793945,226.065170288086,119.569999694824,257.398773193359,121.127388000488,136.823791503906,233.625823974609,139.29850769043,97.5016479492188,356.375518798828,91.1773376464844,52.6618766784668
2023-10-27,165.975158691406,322.262115478516,40.3794021606445,127.961074829102,224.100509643555,127.73999786377,255.972869873047,121.018432617188,133.701644897461,229.896377563477,136.84358215332,95.6440582275391,356.57763671875,89.0633163452148,51.4452667236328
2023-10-30,168.017532348633,329.590454101562,41.0384368896484,129.592544555664,227.824554443359,132.710006713867,260.620910644531,123.286842346191,135.014770507812,233.365676879883,138.79638671875,95.9430770874023,364.603546142578,90.490966796875,52.323429107666
2023-10-31,168.491149902344,330.372131347656,40.6585655212402,131.139129638672,229.799087524414,133.089996337891,263.593048095703,122.910423278809,136.217727661133,217.840728759766,139.512390136719,95.915901184082,367.769653320312,92.2023315429688,53.3296432495117
2023-11-01,171.648422241211,338.149993896484,42.1989784240723,131.025970458984,233.200592041016,137,265.389221191406,125.258087158203,136.539138793945,223.41081237793,139.121810913086,95.7256164550781,372.523620605469,92.9801864624023,53.448558807373
2023-11-02,175.200408935547,340.348510742188,43.3764495849609,133.364685058594,237.765274047852,138.070007324219,272.703826904297,126.288269042969,137.962463378906,230.436050415039,140.82356262207,98.8699493408203,374.987243652344,95.8355026245117,54.802375793457
2023-11-03,174.292678833008,344.725921630859,44.8709869384766,134.854705810547,238.107391357422,138.600006103516,273.703735351562,127.883087158203,138.972564697266,232.006881713867,139.549621582031,97.6647644042969,377.729919433594,97.51025390625,54.317569732666
2023-11-06,176.838226318359,348.37060546875,45.6147651672363,135.873168945312,237.999893188477,139.740005493164,272.740875244141,129.022247314453,139.303131103516,229.626556396484,140.358596801758,95.9340133666992,378.201477050781,96.0276870727539,54.0065498352051
2023-11-07,179.393661499023,352.278991699219,45.8181610107422,135.807159423828,239.251037597656,142.710006713867,272.925994873047,129.735488891602,138.568542480469,226.388595581055,140.033157348633,94.4298095703125,374.640777587891,95.3870849609375,53.476001739502
2023-11-08,180.449401855469,354.887969970703,46.4353141784668,136.47673034668,238.91796875,142.080001831055,273.990814208984,130.597274780273,138.063461303711,226.292221069336,139.493804931641,93.2699356079102,377.489318847656,96.2107162475586,52.5978469848633
2023-11-09,179.975814819336,352.435455322266,46.8101921081543,136.071212768555,236.694427490234,140.600006103516,266.537322998047,129.012390136719,135.372909545898,225.646545410156,139.809982299805,93.2971420288086,376.257537841797,94.5176849365234,50.054859161377
2023-11-10,184.154891967773,361.209869384766,48.1910629272461,138.089294433594,240.230545043945,143.559997558594,269.981658935547,131.340225219727,135.216796875,230.975708007812,140.795654296875,94.0129852294922,384.783966064453,95.679931640625,50.4390449523926
2023-11-13,182.574142456055,358.288299560547,48.4752197265625,137.476333618164,239.662414550781,142.589996337891,266.722534179688,130.844909667969,135.56575012207,232.893447875977,141.772064208984,95.0006713867188,384.697296142578,93.7855453491211,49.8536071777344
2023-11-14,185.182357788086,361.796173095703,49.5081367492676,139.984817504883,241.885940551758,145.800003051758,281.129425048828,132.360504150391,135.593276977539,238.858642578125,141.45588684082,95.3664627075195,388.556304931641,100.054382324219,52.6435813903809
2023-11-15,185.74543762207,361.943054199219,48.7424201965332,141.21076965332,243.032012939453,143.199996948242,285.3515625,133.351089477539,136.64013671875,241.971343994141,140.804946899414,94.7903671264648,387.584289550781,101.134269714355,52.1404724121094
2023-11-16,187.425018310547,368.307189941406,49.3326683044434,142.823394775391,243.482620239258,142.830001831055,283.731201171875,135.639297485352,137.833892822266,239.195938110352,142.116119384766,93.6930541992188,393.011962890625,100.914619445801,51.7745742797852
2023-11-17,187.405227661133,362.119262695312,49.1512069702148,144.115371704102,244.452346801758,145.179992675781,284.499694824219,134.034576416016,137.549224853516,243.879486083984,140.4794921875,95.9791412353516,392.521118164062,100.731590270996,52.4789276123047
2023-11-20,189.144012451172,369.550598144531,50.2588958740234,144.558578491211,244.853942871094,146.130004882812,285.3515625,134.965698242188,138.761795043945,241.354598999023,139.735580444336,95.5584945678711,392.896514892578,101.582695007324,52.451488494873
2023-11-21,188.343811035156,365.271942138672,49.7952766418457,144.256805419922,247.067687988281,143.899993896484,282.712707519531,135.678909301758,139.8818359375,240.352386474609,139.121810913086,95.5219268798828,396.399383544922,101.225807189941,53.036922454834
2023-11-22,189.005706787109,369.952056884766,48.5709381103516,144.596282958984,248.527191162109,146.710006713867,286.286712646484,137.184585571289,139.604156494141,237.07585144043,140.432983398438,95.1104278564453,396.120391845703,102.076889038086,52.9981956481934
2023-11-24,187.681838989258,369.540802001953,47.633731842041,144.794311523438,249.095321655273,146.740005493164,287.675567626953,135.401550292969,141.159210205078,238.376831054688,140.767761230469,95.6225128173828,398.622406005859,102.497856140137,53.071964263916
2023-11-27,187.504028320312,370.696166992188,48.0983467102051,144.464248657227,248.938613891602,147.729995727539,287.879211425781,135.124221801758,140.029937744141,238.40576171875,140.637573242188,95.0646896362305,397.255859375,102.378890991211,53.0996360778809
2023-11-28,188.106674194336,374.700744628906,47.6786003112793,144.794311523438,247.763153076172,147.029998779297,290.119842529297,135.906723022461,140.353912353516,238.511734008789,141.613967895508,95.0098419189453,395.263854980469,102.598533630371,53.6344985961914
2023-11-29,187.089065551758,370.931182861328,47.9966583251953,145.529891967773,249.026763916016,146.320007324219,289.905517578125,133.717575073242,140.798202514648,240.390930175781,140.535293579102,93.5833129882812,395.898986816406,103.449630737305,53.8189392089844
2023-11-30,187.662109375,370.989868164062,46.6307334899902,147.189651489258,251.42658996582,146.089996337891,292.207794189453,131.280746459961,143.158569335938,241.614791870117,142.757766723633,93.9490966796875,398.189361572266,105.17928314209,53.9572715759277
2023-12-01,188.936553955078,366.681854248047,46.6257438659668,147.906356811523,251.201354980469,147.029998779297,297.921691894531,130.617095947266,146.601943969727,247.435470581055,141.958038330078,94.1776962280273,397.421997070312,108.226768493652,54.5659141540527
2023-12-04,187.148361206055,361.424102783203,45.3744850158691,148.990875244141,249.232482910156,144.839996337891,302.022918701172,128.051483154297,147.064727783203,245.498397827148,141.400085449219,93.6656265258789,392.537445068359,110.121131896973,54.1048126220703
2023-12-05,191.090301513672,364.733459472656,46.4314193725586,148.971984863281,249.398941040039,146.880004882812,301.538299560547,129.755264282227,146.759307861328,245.922454833984,136.471633911133,91.8458862304688,389.960021972656,108.583671569824,53.6990547180176
2023-12-06,190.003555297852,361.091217041016,45.3714942932129,147.406539916992,249.085525512695,144.520004272461,303.971069335938,128.794448852539,144.972808837891,246.674133300781,136.36930847168,90.6296844482422,386.427001953125,108.949729919434,55.5157661437988
2023-12-07,191.930053710938,363.196319580078,46.4613380432129,147.85920715332,250.584213256836,146.880004882812,304.027038574219,135.639297485352,143.843551635742,248.061813354492,136.229873657227,89.9987182617188,384.824523925781,108.858215332031,55.1929893493652
2023-12-08,193.35270690918,366.407684326172,47.3687019348145,149.490692138672,250.505859375,147.419998168945,304.306671142578,133.717575073242,142.936447143555,250.075927734375,134.974533081055,91.0320587158203,387.353668212891,109.681854248047,55.0546646118164
2023-12-11,190.853179931641,363.538940429688,46.4922409057617,150.037658691406,251.269866943359,145.889999389648,308.836639404297,132.033615112305,143.528839111328,251.444412231445,135.597534179688,91.0960464477539,394.081939697266,111.649459838867,55.063892364502
2023-12-12,192.364761352539,366.554534912109,47.5192756652832,151.376770019531,254.247665405273,147.479995727539,310.579772949219,131.270889282227,143.538101196289,251.935852050781,135.709121704102,89.6603851318359,411.921051025391,111.713516235352,54.8886756896973
2023-12-13,195.575622558594,366.544830322266,47.9490280151367,151.885986328125,257.009979248047,148.839996337891,320.087280273438,131.320404052734,144.204528808594,258.238372802734,138.1640625,90.455940246582,394.564605712891,118.275199890137,57.6460151672363
2023-12-14,195.723815917969,358.281158447266,48.210262298584,154.649124145508,253.434661865234,147.419998168945,327.926361083984,130.696319580078,145.204223632812,274.813720703125,134.518859863281,92.8883514404297,395.510620117188,125.486663818359,57.8950042724609
2023-12-15,195.190338134766,362.980834960938,48.7487030029297,155.818450927734,252.748992919922,149.970001220703,329.967620849609,131.350112915039,143.62141418457,275.362976074219,133.867919921875,92.2665328979492,393.251800537109,123.653846740723,56.7146110534668
2023-12-18,193.530563354492,364.860748291016,49.9322738647461,156.761505126953,253.081954956055,154.070007324219,326.994232177734,134.519958496094,143.880554199219,275.334075927734,135.92301940918,92.9523544311523,394.912139892578,122.198677062988,56.2535171508789
2023-12-19,194.567916870117,365.457977294922,49.4606399536133,158.855056762695,254.668914794922,153.789993286133,328.168670654297,135.361938476562,144.824737548828,282.32080078125,135.92301940918,94.1776962280273,397.798400878906,123.184158325195,56.779167175293
2023-12-20,192.483322143555,362.873199462891,47.9719505310059,157.063293457031,251.847808837891,152.119995117188,324.990142822266,137.036010742188,141.871978759766,279.188842773438,133.821441650391,92.6048583984375,392.267120361328,120.163276672363,55.1837730407715
2023-12-21,192.33512878418,365.732116699219,48.8484153747559,157.95915222168,254.228088378906,153.839996337891,325.279174804688,139.096389770508,143.3251953125,279.535766601562,134.146865844727,93.0254974365234,394.941162109375,120.614555358887,54.9624519348145
2023-12-22,191.268157958984,366.750335693359,48.6888771057129,157.864868164062,253.140808105469,153.419998168945,324.924926757812,140.156311035156,143.899108886719,279.815185546875,135.095397949219,93.1901168823242,396.495269775391,121.940818786621,55.1007766723633
2023-12-26,190.724761962891,366.828735351562,49.1365814208984,158.798461914062,253.855850219727,153.410003662109,325.596069335938,140.18603515625,144.528533935547,284.893768310547,135.709121704102,93.4004211425781,395.713348388672,122.917068481445,55.5249938964844
2023-12-27,190.823532104492,366.251037597656,49.2741889953613,159.750900268555,253.630554199219,153.339996337891,324.869018554688,139.046859741211,144.722900390625,287.293426513672,135.820724487305,92.9615020751953,396.948974609375,123.580184936523,55.8661956787109
2023-12-28,191.248382568359,367.435760498047,49.3788795471191,160.599700927734,255.070495605469,153.380004882812,323.778472900391,138.908187866211,144.935791015625,286.098449707031,135.513824462891,91.6172790527344,395.558929443359,124.510406494141,56.2719535827637
2023-12-29,190.211044311523,368.179870605469,49.3788795471191,160.411102294922,255.021530151367,151.940002441406,323.0234375,138.373291015625,145.083892822266,284.932373046875,136.267074584961,91.4252624511719,396.466278076172,122.769706726074,56.0137481689453
2024-01-02,183.404006958008,363.117950439453,48.0287857055664,162.278289794922,253.57177734375,149.929992675781,321.653228759766,136.867614746094,148.073669433594,282.079864501953,138.312850952148,93.6016082763672,395.375457763672,123.985443115234,56.779167175293
2024-01-03,182.03076171875,362.853576660156,47.4315299987793,161.570999145508,252.70002746582,148.470001220703,315.296234130859,137.610549926758,148.999328613281,273.975311279297,137.47590637207,94.3880233764648,394.535614013672,120.209335327148,57.1664848327637
2024-01-04,179.718948364258,360.249145507812,47.8592834472656,162.643218994141,254.296600341797,144.570007324219,315.603851318359,135.104385375977,148.684616088867,275.7099609375,138.229125976562,93.5650177001953,394.419799804688,119.997482299805,56.9912719726562
2024-01-05,178.99772644043,360.063079833984,48.9551048278809,163.459243774414,254.375015258789,145.240005493164,319.658538818359,134.450592041016,149.147430419922,278.437164306641,137.085372924805,93.8484954833984,394.931488037109,120.246162414551,57.2494812011719
2024-01-08,183.324981689453,366.858062744141,52.1019897460938,163.22200012207,257.166625976562,149.100006103516,324.309783935547,137.531311035156,149.517684936523,281.636596679688,138.266357421875,92.2848129272461,394.130218505859,122.649978637695,58.0241165161133
2024-01-09,182.910049438477,367.93505859375,52.9864234924316,161.931579589844,257.940460205078,151.369995117188,322.687866210938,139.621398925781,149.610290527344,281.675109863281,138.833572387695,91.1417846679688,392.585754394531,122.557891845703,57.1849212646484
2024-01-10,183.947372436523,374.769134521484,54.192928314209,162.273162841797,259.145324707031,153.729995727539,332.577575683594,140.938842773438,149.832397460938,282.696594238281,139.428726196289,90.2456283569336,391.803802490234,122.999954223633,57.4339179992676
2024-01-11,183.354598999023,376.590301513672,54.6635627746582,161.589965820312,258.626190185547,155.179992675781,332.325988769531,140.740737915039,149.165924072266,281.453491210938,139.958740234375,90.2273406982422,391.880981445312,120.946128845215,55.9953079223633
2024-01-12,183.680633544922,380.350067138672,54.5518836975098,160.403915405273,258.763366699219,154.619995117188,331.561584472656,141.305374145508,150.313751220703,279.863403320312,140.042449951172,91.3978118896484,394.738372802734,121.15795135498,56.2904090881348
2024-01-16,181.418258666992,382.112365722656,56.219051361084,159.39811706543,259.811370849609,153.160003662109,334.096923828125,141.146896362305,148.582794189453,276.798889160156,139.289199829102,89.331184387207,392.547119140625,119.702766418457,55.6540908813477
2024-01-17,180.479675292969,381.329162597656,55.8910026550293,158.544158935547,261.172973632812,151.710006713867,331.552276611328,140.136489868164,148.49951171875,268.511169433594,139.428726196289,88.6819534301758,392.643585205078,116.838447570801,53.7359428405762
2024-01-18,186.358016967773,385.637176513672,56.9419593811035,158.857269287109,262.652099609375,153.5,333.602935791016,142.127563476562,149.221496582031,271.662445068359,138.624908447266,88.5173492431641,393.705474853516,116.285850524902,53.1641845703125
2024-01-19,189.252700805664,390.336822509766,59.3190650939941,161.599456787109,265.355590820312,155.339996337891,337.806762695312,145.000213623047,149.656524658203,276.193389892578,138.091522216797,88.6545028686523,393.251800537109,118.29362487793,52.8045272827148
2024-01-22,191.554626464844,388.222076416016,59.4815979003906,161.409698486328,265.649444580078,154.779998779297,332.475036621094,144.613906860352,150.387771606445,279.475402832031,138.362884521484,88.5356216430664,392.373352050781,118.569938659668,52.4264335632324
2024-01-23,192.829086303711,390.56201171875,59.6999664306641,160.346969604492,265.708221435547,156.020004272461,326.966247558594,145.654022216797,147.925598144531,279.630310058594,144.089782714844,89.5323715209961,393.744110107422,117.897590637207,52.9151992797852
2024-01-24,192.157318115234,394.145568847656,61.1846618652344,161.779754638672,266.090209960938,156.869995117188,323.694549560547,147.298370361328,147.138793945312,281.421356201172,142.349243164062,91.0777587890625,387.363342285156,115.530624389648,52.5739784240723
2024-01-25,191.831298828125,396.4072265625,61.4389228820801,164.094955444336,267.030548095703,157.75,327.143371582031,150.438491821289,147.694183349609,291.18994140625,145.624404907227,93.3912734985352,389.477355957031,116.230567932129,53.4685096740723
2024-01-26,190.102340698242,395.486846923828,60.8546180725098,163.468719482422,262.456207275391,159.119995117188,331.179412841797,150.755447387695,147.638641357422,289.892608642578,146.111022949219,94.1868438720703,390.027618408203,116.847663879395,53.9296035766602
2024-01-29,189.420654296875,401.155883789062,62.2844734191895,163.89567565918,268.05908203125,161.259994506836,331.552276611328,152.063018798828,147.509048461914,293.591064453125,146.129760742188,94.3057098388672,391.543121337891,117.787086486816,54.9347877502441
2024-01-30,185.775100708008,400.049499511719,62.5925750732422,167.254638671875,271.477630615234,159,332.857238769531,150.032333374023,146.962936401367,295.052947998047,147.374328613281,95.8785400390625,393.705474853516,116.53450012207,54.6673469543457
2024-01-31,182.178939819336,389.269622802734,61.3491821289062,165.442352294922,267.667236328125,155.199996948242,328.998260498047,138.779418945312,147.083251953125,290.744659423828,147.046813964844,94.0130996704102,390.790191650391,116.68187713623,54.0679321289062
2024-02-01,184.609329223633,395.339996337891,62.844856262207,164.84455871582,271.379638671875,159.279998779297,335.625579833984,139.829437255859,146.583419799805,297.889556884766,148.955780029297,93.6290435791016,394.477722167969,120.135627746582,55.1007766723633
2024-02-02,183.611465454102,402.624542236328,65.9687957763672,165.793411254883,271.507080078125,171.809997558594,332.978393554688,141.03791809082,144.963577270508,305.053894042969,147.935775756836,93.2449722290039,392.971801757812,119.039642333984,53.6252784729004
2024-02-05,185.419448852539,397.170959472656,69.1316452026367,165.575180053711,269.939819335938,170.309997558594,331.030303955078,142.325668334961,144.213806152344,311.162872314453,148.048095703125,92.8609161376953,386.73583984375,116.884521484375,51.6149024963379
2024-02-06,187.019912719727,397.014251708984,68.0258331298828,166.144485473633,271.095672607422,169.149993896484,332.064880371094,142.741714477539,146.305770874023,312.440826416016,148.749923706055,93.5010147094727,401.148101806641,120.190910339355,51.8546714782715
2024-02-07,187.128601074219,405.395385742188,69.8964004516602,166.457626342773,273.671875,170.529998779297,338.067749023438,144.16813659668,146.231689453125,313.283111572266,148.899627685547,93.4735717773438,402.3740234375,118.892280578613,51.9930076599121
2024-02-08,186.051742553711,405.4541015625,69.4397201538086,165.859832763672,270.639434814453,169.839996337891,339.02783203125,144.53466796875,144.769165039062,311.743774414062,148.450454711914,95.0738525390625,399.642181396484,121.259262084961,51.9100074768066
2024-02-09,186.813430786133,411.759552001953,71.9245376586914,166.059066772461,271.27734375,174.449996948242,338.496490478516,147.595520019531,145.102401733398,307.057952880859,147.308837890625,93.0620956420898,404.874237060547,122.014465332031,52.1774482727051
2024-02-12,185.131759643555,406.580108642578,72.039192199707,166.799194335938,269.942626953125,172.339996337891,340.640411376953,146.139373779297,146.111358642578,311.385620117188,147.018737792969,94.34228515625,405.057586669922,121.618461608887,53.071964263916
2024-02-13,183.044509887695,397.826995849609,71.9195556640625,165.347442626953,270.668823242188,168.639999389648,333.314025878906,143.771896362305,144.833969116211,302.875549316406,146.232681274414,93.5300979614258,401.814147949219,120.540893554688,50.950927734375
2024-02-14,182.164108276367,401.672058105469,73.6864166259766,167.026947021484,272.38623046875,170.979995727539,333.910552978516,144.564361572266,144.158264160156,306.622283935547,145.6337890625,93.0686416625977,403.889556884766,120.190910339355,51.6517906188965
2024-02-15,181.877227783203,398.798034667969,72.4480209350586,170.670501708984,275.742492675781,169.800003051758,336.567047119141,141.424255371094,146.176116943359,312.779693603516,146.925155639648,95.7359390258789,413.822723388672,122.585525512695,52.8137550354004
2024-02-16,180.343963623047,396.345794677734,72.4031448364258,169.873489379883,273.367553710938,169.509994506836,337.750823974609,139.195449829102,146.008270263672,311.656677246094,147.393035888672,95.7359390258789,416.660766601562,122.852607727051,52.5924263000488
2024-02-20,179.602035522461,395.100036621094,69.2512817382812,170.537689208984,270.021118164062,167.080001831055,337.955902099609,139.789794921875,147.230072021484,303.746856689453,148.328796386719,94.8314437866211,420.840576171875,122.81575012207,52.2051124572754
2024-02-21,180.353851318359,394.501647949219,67.2770080566406,171.647857666016,271.601165771484,168.589996337891,339.410003662109,141.206329345703,147.994827270508,307.03857421875,150.097396850586,96.7696075439453,424.219268798828,122.880241394043,52.6569747924805
2024-02-22,182.381729125977,403.790832519531,78.3110198974609,173.70686340332,278.460845947266,174.580001831055,346.130462646484,142.731811523438,149.645645141602,311.830963134766,150.247131347656,96.6865386962891,431.526641845703,122.898651123047,52.2604370117188
2024-02-23,180.551681518555,402.505859375,78.5892181396484,174.579818725586,278.313659667969,174.990005493164,346.708374023438,142.603057861328,150.942047119141,313.563903808594,150.686950683594,95.8374557495117,432.038299560547,122.686813354492,52.3618850708008
2024-02-26,179.206359863281,399.759338378906,78.8634185791016,173.982025146484,278.853424072266,174.729995727539,346.372802734375,136.27326965332,149.962753295898,315.01611328125,149.929000854492,96.2158584594727,429.509216308594,122.088165283203,51.3242301940918
2024-02-27,180.660537719727,399.700531005859,78.4735412597656,174.067413330078,277.891693115234,173.539993286133,350.064025878906,137.570907592773,150.139953613281,317.194488525391,149.068054199219,96.012809753418,429.373992919922,122.023712158203,51.7057876586914
2024-02-28,179.463562011719,399.935913085938,77.4385452270508,174.949859619141,280.305847167969,173.160003662109,351.974761962891,135.094482421875,150.671569824219,319.063018798828,149.769897460938,96.2804565429688,435.552062988281,123.405212402344,51.2218627929688
2024-02-29,178.80078125,405.742919921875,78.8833465576172,176.543930053711,277.371520996094,176.759994506836,354.771179199219,137.154891967773,150.513031005859,323.322845458984,148.731185913086,96.4650344848633,433.254608154297,122.742073059082,51.3614540100098
2024-03-01,177.722564697266,407.5673828125,82.0412063598633,175.813339233398,277.881896972656,178.220001220703,358.350524902344,135.847320556641,151.203186035156,325.9755859375,148.646957397461,97.6833190917969,433.631072998047,123.967010498047,51.3800659179688
2024-03-04,173.211700439453,406.998474121094,84.9906539916992,177.132217407227,275.300903320312,177.580001831055,354.547485351562,132.093032836914,149.076705932617,327.863494873047,149.311401367188,96.3173599243164,439.799499511719,123.055213928223,51.1567153930664
2024-03-05,168.285400390625,394.962707519531,85.7195892333984,178.906600952148,274.172302246094,174.119995117188,352.757843017578,131.419464111328,149.197967529297,322.906524658203,149.086776733398,97.4987335205078,444.973541259766,121.977630615234,51.556884765625
2024-03-06,167.296188354492,394.413391113281,88.4477996826172,179.836471557617,275.202697753906,173.509994506836,353.920532226562,130.161437988281,148.610382080078,324.939666748047,149.320739746094,98.5416488647461,447.531646728516,122.567092895508,51.6778678894043
2024-03-07,167.177474975586,401.328765869141,92.4055099487305,178.261383056641,273.073211669922,176.820007324219,353.085998535156,133.113342285156,148.17204284668,329.383453369141,150.303283691406,99.0954132080078,449.153442382812,122.253944396973,52.3479156494141
2024-03-08,168.88883972168,398.464508056641,87.2791366577148,178.593460083008,274.820007324219,175.350006103516,350.085388183594,134.133636474609,148.778305053711,328.38623046875,150.050628662109,100.027565002441,446.508422851562,124.399879455566,53.7997055053711
2024-03-11,170.887069702148,396.796997070312,85.5301208496094,178.659881591797,275.330322265625,171.960006713867,348.369415283203,136.372329711914,150.373123168945,324.300628662109,151.173553466797,100.618240356445,453.198150634766,123.524925231934,53.8555374145508
2024-03-12,171.361846923828,407.351531982422,91.6516647338867,180.130615234375,278.627685546875,175.389999389648,351.201293945312,137.194488525391,151.781433105469,326.498352050781,151.529144287109,99.9721984863281,455.119049072266,123.939376831055,53.185489654541
2024-03-13,169.284545898438,407.175018310547,90.6295776367188,181.591842651367,279.824920654297,176.559997558594,355.373962402344,138.47233581543,150.251892089844,330.642028808594,151.875366210938,101.088935852051,459.776000976562,122.797325134277,55.4096908569336
2024-03-14,171.134353637695,417.101806640625,87.6939544677734,178.35627746582,281.071228027344,178.75,351.885772705078,141.75114440918,148.489151000977,331.029296875,151.126770019531,102.879432678223,458.856231689453,120.42115020752,55.4096908569336
2024-03-15,170.758453369141,408.469848632812,87.5872573852539,180.567108154297,277.764099121094,174.419998168945,349.972869873047,139.849227905273,147.52848815918,335.91845703125,151.014495849609,102.694847106934,453.327972412109,119.706741333008,55.9122352600098
2024-03-18,171.846588134766,409.352661132812,88.2034912109375,182.806381225586,279.736633300781,174.479995727539,348.735198974609,146.287948608398,146.204116821289,340.691436767578,150.855392456055,103.645469665527,451.275451660156,118.890258789062,55.9959831237793
2024-03-19,174.181137084961,413.364532470703,89.1438140869141,183.87858581543,281.993743896484,175.899993896484,355.767791748047,145.644088745117,145.691177368164,342.627716064453,151.435577392578,104.374588012695,451.875701904297,118.621192932129,57.0196876525879
2024-03-20,176.743225097656,417.111602783203,90.1150588989258,186.288681030273,283.887786865234,178.149993896484,360.456237792969,147.337982177734,145.271453857422,345.096496582031,151.585296630859,104.282295227051,451.933807373047,119.409828186035,57.8851661682129
2024-03-21,169.521911621094,421.172546386719,91.1750183105469,188.879028320312,284.95751953125,178.149993896484,370.573883056641,146.208755493164,145.262145996094,352.948181152344,151.463653564453,104.743751525879,451.459381103516,120.513916015625,57.1034355163574
2024-03-22,170.422103881836,420.554595947266,94.0209197998047,186.563842773438,277.979949951172,178.869995117188,365.960479736328,149.348861694336,144.777130126953,346.70361328125,151.276473999023,104.743751525879,453.337646484375,119.335601806641,57.4943008422852
2024-03-25,169.007537841797,414.786834716797,94.7318725585938,184.855911254883,275.968200683594,179.710006713867,359.6123046875,148.65544128418,144.767822265625,344.612426757812,149.900924682617,105.81436920166,452.040252685547,117.953163146973,58.2667198181152
2024-03-26,167.879837036133,413.599945068359,92.2978210449219,185.719360351562,275.369567871094,178.300003051758,356.25537109375,149.249771118164,145.280807495117,345.038421630859,150.237808227539,105.020637512207,452.669555664062,116.106811523438,57.1685791015625
2024-03-27,171.441009521484,413.384124755859,89.9933929443359,189.315551757812,273.819030761719,179.830001831055,361.844024658203,149.447891235352,147.323348999023,353.035308837891,152.165496826172,106.109703063965,451.391693115234,119.558288574219,59.3648719787598
2024-03-28,169.630752563477,412.687744140625,90.0990905761719,190.055633544922,273.877868652344,180.380004882812,359.696716308594,149.507308959961,147.537841796875,354.758636474609,151.828598022461,107.28182220459,449.542419433594,120.820114135742,59.4765434265137
2024-04-01,168.196380615234,416.464202880859,90.106071472168,188.765182495117,273.092803955078,180.970001220703,345.096893310547,154.024368286133,147.15544128418,352.154327392578,150.265853881836,107.974021911621,448.651672363281,118.686141967773,58.9833106994629
2024-04-02,167.019195556641,413.393920898438,89.1976623535156,188.68928527832,273.249786376953,180.690002441406,340.38037109375,153.103118896484,147.108825683594,353.209594726562,150.256469726562,110.087539672852,446.657257080078,116.51505279541,58.517993927002
2024-04-03,167.820465087891,412.4228515625,88.7110595703125,188.157943725586,271.797393798828,182.410003662109,337.473541259766,153.459732055664,143.872451782227,363.820495605469,146.120407104492,110.106010437012,447.751312255859,116.988235473633,58.2108879089355
2024-04-04,166.999450683594,409.901916503906,85.6607360839844,186.726348876953,268.892547607422,180,335.391876220703,149.111083984375,142.230972290039,358.011566162109,145.465347290039,110.493637084961,442.707122802734,115.689308166504,59.3090286254883
2024-04-05,167.751220703125,417.396057128906,87.7577667236328,188.444229125977,271.974090576172,185.070007324219,335.570007324219,151.062515258789,142.128387451172,367.218688964844,146.073608398438,112.016479492188,449.910339355469,115.735687255859,59.7278175354004
2024-04-08,166.633407592773,416.483825683594,86.8852691650391,189.42724609375,272.582489013672,185.190002441406,339.489562988281,153.390365600586,141.382247924805,361.574432373047,146.017425537109,111.259674072266,446.976745605469,117.062454223633,60.3606452941895
2024-04-09,167.840270996094,418.141571044922,85.1113052368164,188.157928466797,271.561889648438,185.669998168945,338.898803710938,155.123886108398,142.035110473633,360.054351806641,146.59765625,111.841117858887,443.365447998047,117.145965576172,60.8445663452148
2024-04-10,165.970657348633,415.179229736328,86.7915267944336,186.554534912109,269.363647460938,185.949996948242,328.715515136719,154.668228149414,140.085861206055,360.218994140625,147.140411376953,112.782501220703,436.152557373047,111.9130859375,59.5696067810059
2024-04-11,173.15234375,419.760040283203,90.3583374023438,186.516357421875,270.541290283203,189.050003051758,325.724304199219,157.90739440918,138.770782470703,360.131896972656,145.830322265625,112.404113769531,438.582641601562,111.569793701172,59.504467010498
2024-04-12,174.646057128906,413.845184326172,87.9352645874023,174.452850341797,270.816040039062,186.130004882812,321.504730224609,156.243255615234,137.586318969727,353.984100341797,145.353073120117,111.093544006348,433.170562744141,110.410026550293,58.7041244506836
2024-04-15,170.827697753906,405.742919921875,85.7564697265625,174.54833984375,266.223266601562,183.619995117188,316.872497558594,153.400283813477,137.651611328125,352.318908691406,145.465347290039,110.456726074219,430.595184326172,107.431732177734,58.3970146179199
2024-04-16,167.553405761719,406.664916992188,87.1664581298828,172.553665161133,266.292022705078,183.320007324219,313.965698242188,152.944641113281,134.723052978516,348.417297363281,145.933212280273,109.543014526367,431.592468261719,106.457527160645,57.419849395752
2024-04-17,166.188278198242,403.977203369141,83.7960586547852,171.866500854492,267.607025146484,181.279998779297,312.09033203125,154.004547119141,135.021499633789,346.906951904297,146.878372192383,109.487640380859,432.570343017578,98.8030471801758,59.3648719787598
2024-04-18,165.238616943359,396.5517578125,84.4302444458008,172.983123779297,266.311553955078,179.220001220703,312.146636962891,154.539459228516,135.926193237305,346.529357910156,148.137557983398,109.386100769043,432.221771240234,97.1329879760742,59.5696067810059
2024-04-19,163.220626831055,391.500091552734,75.9833450317383,177.325607299805,264.751251220703,174.630004882812,314.462677001953,152.637542724609,137.950057983398,344.615142822266,148.938125610352,110.641304016113,432.095886230469,96.0196075439453,59.8394927978516
2024-04-22,164.051559448242,393.304962158203,79.2919006347656,180.770935058594,267.253692626953,177.229995727539,315.165954589844,154.806900024414,139.078582763672,347.481628417969,151.198440551758,111.268905639648,432.744567871094,96.5670166015625,60.779426574707
2024-04-23,165.100128173828,399.788757324219,82.1886520385742,183.376419067383,269.000579833984,179.539993286133,317.875885009766,156.76823425293,139.488922119141,352.9619140625,152.102615356445,111.702690124512,430.895416259766,97.2628860473633,61.6076774597168
2024-04-24,167.197280883789,401.250274658203,79.4504470825195,184.273574829102,269.8935546875,176.589996337891,312.259124755859,157.63005065918,138.528289794922,353.224212646484,153.138595581055,111.721138000488,430.178955078125,95.7319869995117,61.9427185058594
2024-04-25,168.057876586914,391.421569824219,82.3970565795898,184.550338745117,270.031005859375,173.669998168945,311.293365478516,154.529541015625,136.933471679688,328.427032470703,153.091506958008,111.979568481445,429.704467773438,95.8897171020508,62.2591361999512
2024-04-26,167.474243164062,398.562652587891,87.4855499267578,184.66487121582,269.402893066406,179.619995117188,314.209503173828,170.329177856445,136.299255371094,333.654663085938,151.904830932617,108.869277954102,429.075225830078,96.548469543457,61.4122467041016
2024-04-29,171.628967285156,394.5703125,87.5074768066406,184.464416503906,266.772857666016,180.960006713867,315.812957763672,164.583892822266,136.933471679688,339.892822265625,152.253280639648,110.419792175293,430.905090332031,97.4298858642578,62.7430572509766
2024-04-30,168.4931640625,381.896942138672,86.1563415527344,182.994674682617,263.603057861328,175,313.393707275391,161.245651245117,134.853652954102,325.094177246094,153.703689575195,109.155380249023,426.925872802734,94.6835632324219,62.3242721557617
2024-05-01,167.474243164062,387.399932861328,82.8048934936523,183.109191894531,262.337158203125,179,311.283935546875,162.315460205078,140.999877929688,321.693298339844,153.892028808594,107.088005065918,428.533020019531,94.5258178710938,63.8504981994629
2024-05-02,171.164001464844,390.244567871094,85.5729904174805,182.918319702148,262.621673583984,184.720001220703,314.6220703125,165.049438476562,139.824691772461,325.939483642578,154.306427001953,107.28182220459,406.265014648438,96.9845352172852,64.0738525390625
2024-05-03,181.402420043945,398.896148681641,88.5365524291992,181.820739746094,263.485321044922,186.210006713867,321.485961914062,165.663589477539,139.218490600586,327.21240234375,154.890365600586,107.060325622559,410.118347167969,98.2463684082031,65.2743606567383
2024-05-06,179.750427246094,405.644744873047,91.8780059814453,183.242813110352,267.587432861328,188.699996948242,320.960845947266,166.515518188477,138.574951171875,332.410888671875,154.871520996094,107.752532958984,413.042236328125,97.1144180297852,66.3073654174805
2024-05-07,180.432968139648,401.524932861328,90.2965240478516,183.004211425781,271.306732177734,188.759994506836,319.460540771484,169.635818481445,138.705520629883,335.228759765625,156.114730834961,107.217224121094,416.314666748047,99.9813766479492,66.9588012695312
2024-05-08,180.769332885742,402.702056884766,90.1549377441406,186.726348876953,272.023101806641,188,317.716430664062,167.783416748047,138.920028686523,334.742919921875,155.464859008789,107.198768615723,414.097564697266,98.2370910644531,67.7963714599609
2024-05-09,182.579574584961,404.448059082031,88.4946670532227,188.491973876953,273.347991943359,189.5,325.789978027344,168.357971191406,139.759429931641,341.816741943359,156.378402709961,109.312286376953,416.179077148438,100.343223571777,69.4063568115234
2024-05-10,181.321578979492,406.821899414062,89.6224517822266,189.704040527344,275.506927490234,187.479995727539,324.842864990234,167.060317993164,139.815368652344,344.741485595703,157.141296386719,108.869277954102,420.565002441406,99.7308654785156,68.6711578369141
2024-05-13,184.521087646484,405.821319580078,90.1419677734375,189.665863037109,274.182189941406,186.570007324219,319.713775634766,167.545669555664,141.037185668945,346.577911376953,156.218307495117,108.823135375977,420.942535400391,99.9071578979492,69.4063568115234
2024-05-14,185.660217285156,408.607086181641,91.0962524414062,192.319061279297,272.562896728516,187.070007324219,319.282440185547,168.734375,141.186416625977,348.035491943359,156.114730834961,109.483726501465,418.357513427734,100.463836669922,70.1880950927734
2024-05-15,187.928588867188,415.751220703125,94.3609390258789,192.891693115234,276.252838134766,185.990005493164,326.943267822266,170.883941650391,142.389541625977,349.842834472656,156.821075439453,110.330421447754,417.108581542969,102.050399780273,71.7050170898438
2024-05-16,188.047439575195,413.697387695312,94.090705871582,193.235305786133,275.131988525391,183.630004882812,321.373474121094,172.538192749023,143.891128540039,340.786773681641,158.092514038086,109.669830322266,416.014556884766,102.79264831543,71.1094207763672
2024-05-17,188.077178955078,412.930908203125,92.2160491943359,195.449432373047,275.387634277344,184.699996948242,322.761199951172,174.400482177734,144.22688293457,346.179565429688,157.885330200195,111.316688537598,418.754425048828,103.45140838623,70.8116073608398
2024-05-20,189.236129760742,417.972045898438,94.5105133056641,186.659530639648,273.853912353516,183.539993286133,316.769409179688,175.252380371094,142.224258422852,352.47607421875,157.574508666992,110.414154052734,418.841552734375,103.961715698242,70.6068725585938
2024-05-21,190.533767700195,421.60791015625,95.1147918701172,190.419845581055,271.307434082031,183.149993896484,315.203491210938,176.173599243164,142.196044921875,348.900299072266,158.554016113281,109.651222229004,421.194274902344,102.616371154785,71.611946105957
2024-05-22,189.097457885742,423.062316894531,94.6800308227539,189.265014648438,270.943664550781,183.130004882812,309.989898681641,174.71745300293,144.320907592773,345.858917236328,158.045440673828,107.446075439453,420.952209472656,101.335983276367,71.0256652832031
2024-05-23,185.115417480469,419.603332519531,103.503875732422,187.938400268555,269.616333007812,181.050003051758,306.520446777344,171.914108276367,140.748123168945,340.767303466797,155.860427856445,105.613159179688,418.541442871094,98.0144119262695,70.0950164794922
2024-05-24,188.186126708984,422.708557128906,106.166282653809,191.555572509766,269.871948242188,180.75,304.842010498047,173.340545654297,138.181365966797,339.018310546875,155.709762573242,105.529403686523,421.707458496094,97.1886596679688,71.2955474853516
2024-05-28,188.196044921875,422.865783691406,113.577140808105,190.400726318359,266.421051025391,182.149993896484,308.217681884766,174.737243652344,135.746276855469,336.657104492188,153.618911743164,106.86922454834,416.237274169922,97.4206008911133,72.1517181396484
2024-05-29,188.493194580078,421.735687255859,114.498527526855,189.074142456055,264.336700439453,182.020004272461,305.6015625,174.241958618164,135.802673339844,328.533905029297,152.243865966797,105.724792480469,412.616241455078,97.4206008911133,71.3606872558594
2024-05-30,189.483749389648,407.486877441406,110.185813903809,190.238494873047,266.735656738281,179.320007324219,310.813537597656,170.487716674805,136.59245300293,329.6416015625,153.119750976562,106.059753417969,416.421173095703,99.8050994873047,72.7659378051758
2024-05-31,190.434707641602,407.938903808594,109.321273803711,193.387985229492,267.876129150391,176.440002441406,316.186096191406,170.874008178711,137.899337768555,328.932250976562,154.965698242188,109.102256774902,421.659027099609,102.514312744141,74.468994140625
2024-06-03,192.197891235352,406.356811523438,114.67301940918,192.614929199219,265.831176757812,178.339996337891,309.708831787109,171.537689208984,138.905334472656,321.975067138672,155.069274902344,106.487739562988,420.5068359375,99.6473617553711,72.7876739501953
2024-06-04,192.514877319336,408.862640380859,116.105934143066,190.076248168945,267.836791992188,179.339996337891,309.944885253906,172.151824951172,138.961776733398,318.292388916016,157.291961669922,104.831573486328,418.758605957031,100.918472290039,72.2631683349609
2024-06-05,194.0205078125,416.665100097656,122.09188079834,188.262893676758,269.8818359375,181.279998779297,311.833312988281,173.756591796875,137.241180419922,320.119140625,156.387847900391,105.250274658203,422.585388183594,100.890640258789,72.1694946289062
2024-06-06,192.643646240234,417.166198730469,120.653968811035,187.92887878418,272.379089355469,185,312.62646484375,175.064163208008,137.664276123047,318.992034912109,158.667037963867,106.041152954102,421.390747070312,102.068969726562,71.8416595458984
2024-06-07,195.030899047852,416.507873535156,120.544296264648,190.830200195312,273.981628417969,184.300003051758,308.783538818359,172.815521240234,138.284774780273,319.623626708984,157.339080810547,104.906021118164,421.2451171875,102.245262145996,70.6146392822266
2024-06-10,191.296493530273,420.458251953125,121.443725585938,190.505706787109,270.412719726562,187.059997558594,314.004974365234,173.559326171875,138.331817626953,320.274627685547,157.612213134766,105.213050842285,419.593902587891,103.145225524902,72.0945510864258
2024-06-11,205.19401550293,425.184906005859,120.576141357422,185.495193481445,270.048980712891,187.229995727539,316.988708496094,175.155975341797,137.983932495117,318.039794921875,157.734634399414,104.366363525391,422.973937988281,103.525634765625,68.1324920654297
2024-06-12,211.058120727539,433.419738769531,124.854263305664,182.79426574707,265.772094726562,186.889999389648,324.938934326172,176.316268920898,136.714660644531,319.419555664062,155.568466186523,103.21263885498,421.701538085938,104.666839599609,67.6829071044922
2024-06-13,212.217056274414,433.930725097656,129.252090454102,184.827102661133,266.627502441406,183.830001831055,328.47021484375,173.708068847656,136.752288818359,317.11669921875,156.726913452148,102.384552001953,427.169860839844,104.267883300781,68.5446166992188
2024-06-14,210.483581542969,434.903564453125,131.515838623047,184.941665649414,266.106384277344,183.660003662109,327.488250732422,175.324554443359,136.8369140625,312.365203857422,157.08479309082,101.519248962402,424.401763916016,104.184379577637,68.4322204589844
2024-06-17,214.624130249023,440.603118896484,130.618316650391,186.086898803711,266.607849121094,184.059997558594,329.999847412109,175.770843505859,137.222381591797,313.268798828125,157.753448486328,100.821426391602,427.976043701172,104.137596130371,67.729736328125
2024-06-18,212.266586303711,438.608306884766,135.205596923828,188.014755249023,269.016662597656,182.809997558594,334.1259765625,173.638641357422,136.940322875977,315.931274414062,158.751800537109,101.770462036133,427.383544921875,102.986534118652,65.9781875610352
2024-06-20,207.700103759766,437.979400634766,130.418884277344,189.608596801758,272.162780761719,186.100006103516,333.720031738281,174.838638305664,138.942962646484,319.808258056641,157.913558959961,103.966262817383,429.918640136719,102.153656005859,67.8702392578125
2024-06-21,205.530807495117,441.988677978516,126.220489501953,187.346694946289,270.589721679688,189.080001831055,335.948303222656,178.141036987305,139.854965209961,318.554779052734,158.469253540039,103.054458618164,430.035186767578,102.378257751465,68.1980590820312
2024-06-24,206.174652099609,439.915222167969,117.783851623535,189.809036254883,271.651489257812,185.570007324219,331.302825927734,177.734405517578,140.202819824219,320.653594970703,158.648208618164,106.115577697754,430.414001464844,104.465118408203,69.1721801757812
2024-06-25,207.095901489258,443.138427734375,125.741813659668,189.03596496582,268.928161621094,186.339996337891,319.443572998047,182.504547119141,138.388244628906,318.127258300781,157.141296386719,106.413314819336,428.500518798828,102.780662536621,68.3572998046875
2024-06-26,211.236404418945,444.327484130859,126.050964355469,188.425155639648,268.996948242188,193.610000610352,322.748321533203,182.35578918457,138.04035949707,317.476257324219,157.706390380859,106.450538635254,425.829498291016,103.323432922363,68.7226028442383
2024-06-27,212.078414916992,445.005554199219,123.647613525391,190.085800170898,262.104858398438,197.850006103516,322.436737060547,183.873092651367,137.081359863281,318.185516357422,156.924652099609,106.906440734863,427.577819824219,104.203086853027,69.050422668457
2024-06-28,208.631240844727,439.207733154297,123.198867797852,193.03483581543,258.05419921875,193.25,325.033325195312,180.64013671875,137.419830322266,323.665771484375,155.323593139648,107.111129760742,426.208282470703,105.10147857666,66.3247451782227
2024-07-01,214.703369140625,448.818267822266,123.956771850586,196.079345703125,258.811248779297,197.199996948242,317.432464599609,181.473190307617,137.683059692383,319.759643554688,153.251602172852,106.962257385254,416.621795654297,104.764572143555,65.4723968505859
2024-07-02,218.190139770508,451.324127197266,122.331268310547,199.305221557617,263.717315673828,200,316.280456542969,183.704513549805,137.297592163086,318.47705078125,154.362945556641,106.236534118652,417.738708496094,105.943710327148,66.0062789916992
2024-07-03,219.458053588867,452.788299560547,127.925758361816,199.171600341797,264.464508056641,197.589996337891,315.024749755859,184.279708862305,136.977935791016,321.246307373047,154.297027587891,106.776191711426,420.506866455078,106.027946472168,67.2801361083984
2024-07-05,224.202819824219,459.460662841797,125.482528686523,196.532455444336,265.811431884766,200,315.912261962891,189.020126342773,137.720687866211,319.050354003906,155.596740722656,105.482902526855,423.207000732422,107.113479614258,67.5236663818359
2024-07-08,225.668838500977,458.163543701172,127.845985412598,196.897125244141,261.918090820312,199.289993286133,320.652191162109,187.463104248047,136.780456542969,319.740203857422,156.830490112305,104.375663757324,423.226470947266,107.066703796387,67.5423965454102
2024-07-09,226.520736694336,451.579620361328,131.017227172852,199.257965087891,260.974243164062,199.339996337891,318.2822265625,187.413528442383,138.256591796875,316.825164794922,156.020538330078,103.22193145752,418.81689453125,107.104118347168,67.5517730712891
2024-07-10,230.780120849609,458.173400878906,134.537460327148,199.421112060547,258.575347900391,199.789993286133,324.976623535156,189.595275878906,140.494277954102,319.176666259766,157.094207763672,104.133750915527,422.459136962891,109.059982299805,68.2823638916016
2024-07-11,225.421203613281,446.823486328125,127.048210144043,199.085220336914,258.132873535156,195.050003051758,334.050476074219,184.031799316406,140.748123168945,321.751617431641,155.907501220703,105.371238708496,422.40087890625,112.681587219238,69.9683456420898
2024-07-12,228.363128662109,445.693328857422,128.88313293457,196.676422119141,261.269195556641,194.490005493164,339.696746826172,183.53596496582,140.917404174805,326.085266113281,156.915252685547,105.389839172363,428.044036865234,112.438285827637,71.1860046386719
2024-07-15,232.186721801758,446.096221923828,128.085327148438,201.580383300781,263.933624267578,192.720001220703,338.459899902344,184.983825683594,140.315643310547,335.976928710938,155.003402709961,107.194877624512,425.596405029297,113.36474609375,66.474609375
2024-07-16,232.602783203125,441.733215332031,126.011070251465,205.006439208984,264.720184326172,193.020004272461,348.525115966797,182.395477294922,141.97981262207,350.367462158203,157.235458374023,107.967124938965,432.929626464844,113.692276000977,67.3456954956055
2024-07-17,226.718856811523,435.837097167969,117.664169311523,208.125350952148,268.112152099609,187.929992675781,351.140594482422,179.519515991211,147.216735839844,347.666229248047,159.580596923828,109.455833435059,436.387390136719,115.301872253418,66.4090423583984
2024-07-18,222.063201904297,432.741729736328,120.75562286377,201.513198852539,264.621826171875,183.75,345.654724121094,176.21711730957,146.126068115234,345.946380615234,158.638778686523,110.535125732422,433.230712890625,114.74974822998,67.1302795410156
2024-07-19,222.191986083984,429.538146972656,117.604362487793,201.321258544922,260.993896484375,183.130004882812,343.086486816406,176.187362670898,145.439743041992,337.784271240234,159.138107299805,107.995048522949,431.977661132812,115.80721282959,67.4393615722656
2024-07-22,221.845275878906,435.267181396484,123.198867797852,201.80110168457,263.206024169922,182.550003051758,342.982604980469,180.164108276367,145.016662597656,339.394073486328,159.412872314453,107.250694274902,433.288970947266,118.53044128418,68.2823638916016
2024-07-23,222.885360717773,437.144073486328,122.251480102539,201.849090576172,260.335205078125,186.410003662109,339.555206298828,180.283126831055,143.239654541016,335.784210205078,157.868453979492,105.52010345459,434.561370849609,117.613342285156,67.5423965454102
2024-07-24,216.476455688477,421.470367431641,113.934509277344,200.179244995117,249.893844604492,180.830001831055,330.764587402344,171.199066162109,146.934646606445,327.852325439453,159.176010131836,107.0087890625,431.016143798828,115.180229187012,70.6333618164062
2024-07-25,215.436401367188,411.152252197266,111.969955444336,200.256011962891,249.471084594727,179.850006103516,333.578338623047,165.89338684082,150.093719482422,335.911010742188,158.133758544922,109.26042175293,430.307098388672,112.700302124023,68.7881622314453
2024-07-26,215.901947021484,417.903228759766,112.747802734375,203.682067871094,255.094848632812,182.5,339.451324462891,165.61572265625,151.033950805664,341.940460205078,160.227722167969,109.16739654541,438.427032470703,114.805892944336,69.5562133789062
2024-07-29,216.179306030273,419.337951660156,111.281852722168,202.348098754883,257.198852539062,183.199996948242,341.490783691406,168.124740600586,149.07829284668,336.135528564453,161.004623413086,108.02294921875,437.0380859375,115.994369506836,69.6311416625977
2024-07-30,216.734039306641,415.593963623047,103.443565368652,206.513122558594,258.673583984375,181.710006713867,343.398040771484,168.878433227539,151.682678222656,333.393920898438,153.206893920898,109.948951721191,437.902526855469,117.997016906738,69.5749435424805
2024-07-31,219.983032226562,411.103179931641,116.696853637695,204.219512939453,261.200378417969,186.979995727539,347.61865234375,170.118057250977,148.410781860352,337.764770507812,152.31623840332,110.339706420898,440.476440429688,117.959587097168,71.5512847900391
2024-08-01,216.298156738281,409.884613037109,108.908432006836,199.574645996094,261.455993652344,184.070007324219,338.573150634766,169.34455871582,151.146774291992,323.442443847656,156.987350463867,108.813812255859,440.321075439453,119.522415161133,73.4245986938477
2024-08-02,217.78401184082,401.413940429688,106.973785400391,191.110275268555,262.095092773438,167.899993896484,335.598937988281,165.278533935547,154.324645996094,313.051910400391,161.146759033203,108.748695373535,440.962097167969,116.022453308105,74.1833038330078
2024-08-05,207.294006347656,388.305023193359,100.17261505127,187.041244506836,252.125671386719,161.020004272461,330.481384277344,157.929946899414,151.607467651367,309.081115722656,159.232849121094,106.785491943359,430.763671875,111.305938720703,71.8229370117188
2024-08-06,205.273254394531,392.687774658203,103.962120056152,192.261901855469,253.915084838867,161.929992675781,334.163726806641,156.977890014648,149.463790893555,318.486236572266,159.261245727539,106.217918395996,432.861602783203,113.280517578125,72.0945510864258
2024-08-07,207.838806152344,391.528198242188,98.6368789672852,192.319473266602,252.204284667969,162.770004272461,323.295989990234,157.622528076172,149.397964477539,317.861755371094,161.089904785156,107.632179260254,429.170684814453,112.438285827637,72.6471862792969
2024-08-08,211.295837402344,395.714385986328,104.680130004883,195.831878662109,255.458587646484,165.800003051758,328.904602050781,160.686904907227,150.639053344727,327.969390869141,161.895233154297,109.688423156738,434.687591552734,114.160171508789,72.6284484863281
2024-08-09,214.198196411133,398.986694335938,104.460754394531,197.501739501953,255.901931762695,166.940002441406,329.187805175781,162.313323974609,151.015106201172,330.018218994141,161.582580566406,110.581642150879,434.182525634766,114.075942993164,72.5535278320312
2024-08-12,215.725402832031,399.763061523438,108.718955993652,197.876022338867,256.029998779297,166.800003051758,326.515686035156,160.944763183594,150.319381713867,327.842498779297,158.048492431641,110.721206665039,433.949432373047,112.288536071777,72.6659317016602
2024-08-13,219.434387207031,406.83837890625,115.819297790527,199.555480957031,256.266418457031,170.229995727539,330.5380859375,162.799255371094,148.918472290039,330.545013427734,158.503280639648,109.660522460938,436.785552978516,114.805892944336,73.1717147827148
2024-08-14,219.880676269531,409.638916015625,117.753929138184,201.762725830078,257.261474609375,170.100006103516,335.816131591797,159.040679931641,149.00309753418,329.364562988281,159.933975219727,110.674682617188,438.223083496094,115.498390197754,73.0686874389648
2024-08-15,222.85578918457,414.482452392578,122.52074432373,203.019882202148,262.837310791016,177.589996337891,339.980072021484,159.962982177734,149.576599121094,337.218444824219,159.100173950195,111.359367370605,443.040649414062,116.761749267578,72.5066986083984
2024-08-16,224.174743652344,411.962249755859,124.235984802246,205.342315673828,263.408721923828,177.059997558594,341.859039306641,161.609191894531,149.858688354492,335.111022949219,159.071792602539,110.834129333496,443.701141357422,114.964981079102,73.5932006835938
2024-08-19,224.016052246094,414.974670410156,129.641021728516,206.762634277344,262.512268066406,178.220001220703,342.812713623047,165.288452148438,150.084335327148,336.252471923828,159.573944091797,111.171775817871,445.410491943359,116.696235656738,74.3238067626953
2024-08-20,224.630889892578,418.193817138672,126.898635864258,205.8701171875,264.058990478516,178.880004882812,346.778381347656,165.794219970703,150.582656860352,334.935363769531,161.459426879883,107.467010498047,444.915222167969,116.181549072266,73.9772491455078
2024-08-21,224.52180480957,417.544097900391,128.145141601562,205.946929931641,264.216583251953,180.110000610352,349.790374755859,164.475250244141,151.77668762207,334.613464355469,161.222549438477,106.782318115234,448.489501953125,116.480995178223,74.5954360961914
2024-08-22,222.667373657227,409.087677001953,123.398307800293,207.895050048828,263.960479736328,176.130004882812,344.974884033203,162.442230224609,152.641708374023,334.018341064453,161.21305847168,107.607681274414,448.450622558594,117.894088745117,73.9210510253906
2024-08-23,224.95817565918,410.308349609375,129.012741088867,209.507339477539,263.467895507812,177.039993286133,354.634155273438,164.247177124023,154.315246582031,339.920867919922,160.284561157227,109.098968505859,452.364898681641,120.589233398438,74.6141815185547
2024-08-26,225.295333862305,407.059661865234,126.110801696777,210.332641601562,264.226440429688,175.5,353.236694335938,164.782669067383,154.766540527344,342.603881835938,161.402587890625,111.434394836426,455.006774902344,120.626647949219,75.5320892333984
2024-08-27,226.138305664062,407.404235839844,127.945724487305,211.30192565918,266.699157714844,173.119995117188,352.358612060547,163.314910888672,154.36865234375,342.564849853516,160.3603515625,110.374549865723,458.775390625,120.664108276367,74.5673294067383
2024-08-28,224.611083984375,404.214691162109,125.263145446777,212.367156982422,265.19189453125,170.800003051758,351.895965576172,161.500137329102,155.287582397461,339.716033935547,160.180328369141,109.286560058594,459.261016845703,118.755027770996,74.380012512207
2024-08-29,227.883712768555,406.695434570312,117.265289306641,213.250045776367,270.245697021484,172.119995117188,348.685089111328,160.438995361328,155.581237792969,343.072235107422,161.099365234375,110.796615600586,459.154235839844,117.28581237793,74.9607315063477
2024-08-30,227.100280761719,410.652923583984,119.040382385254,215.735641479492,272.265197753906,178.5,350.053100585938,162.025741577148,157.125396728516,347.423583984375,162.530059814453,110.618423461914,464.515625,119.615982055664,75.8987426757812
2024-09-03,220.921951293945,403.072631835938,107.701774597168,211.417083740234,274.403045654297,176.25,346.481292724609,156.055633544922,158.35693359375,331.949981689453,165.353546142578,108.301750183105,460.436309814453,120.13069152832,75.3519515991211
2024-09-04,219.017883300781,402.541046142578,105.916709899902,210.486175537109,276.324035644531,173.330001831055,346.414794921875,155.153182983398,158.546432495117,328.544982910156,166.661056518555,106.979270935059,459.919982910156,120.037101745605,76.4360885620117
2024-09-05,220.535186767578,402.038970947266,106.913948059082,208.854751586914,274.481781005859,177.889999389648,343.735931396484,155.936630249023,156.301239013672,325.432708740234,166.253631591797,106.144523620605,453.480895996094,119.232315063477,75.7290496826172
2024-09-06,218.988159179688,395.453033447266,102.546051025391,203.893218994141,275.220642089844,171.389999389648,342.026062011719,149.669006347656,155.723342895508,321.335021972656,166.367324829102,105.647430419922,445.035186767578,119.063858032227,75.3991088867188
2024-09-09,219.077362060547,399.410522460938,106.176002502441,208.067794799805,281.367980957031,175.399993896484,347.222290039062,147.67301940918,157.835906982422,325.901062011719,166.812637329102,107.870300292969,451.104034423828,121.890014648438,76.539794921875
2024-09-10,218.284027099609,407.758666992188,107.801483154297,197.271392822266,281.101959228516,179.550003051758,352.304382324219,147.62336730957,158.565368652344,326.018127441406,168.451797485352,103.940406799316,451.727478027344,123.902030944824,77.5862274169922
2024-09-11,220.812850952148,416.461151123047,116.58716583252,198.874084472656,279.742523193359,184.520004272461,351.943389892578,150.105941772461,156.140182495117,326.837585449219,164.785079956055,102.908699035645,453.08154296875,122.301773071289,78.6515045166016
2024-09-12,220.921951293945,420.359619140625,118.821189880371,198.269500732422,281.131561279297,187,355.686218261719,153.611312866211,155.969650268555,331.305999755859,164.358673095703,104.324966430664,455.253845214844,121.927444458008,78.6797866821289
2024-09-13,220.654190063477,423.893798828125,118.781272888184,196.081420898438,283.082183837891,186.490005493164,360.967834472656,156.362014770508,156.803314208984,336.896453857422,164.936660766602,104.249931335449,456.685882568359,121.637336730957,79.8016357421875
2024-09-16,214.525482177734,424.632110595703,116.467491149902,199.478652954102,286.165679931641,184.889999389648,362.886749267578,156.957824707031,158.195892333984,339.481872558594,167.930679321289,105.713073730469,462.628112792969,121.882469177246,79.7921829223633
2024-09-17,214.99153137207,428.382843017578,115.28067779541,200.812622070312,287.229614257812,186.880004882812,364.055206298828,158.209060668945,158.271697998047,345.072265625,166.642105102539,107.091827392578,459.462158203125,121.49592590332,80.1032943725586
2024-09-18,218.859191894531,424.110321044922,113.066627502441,199.161987304688,284.195404052734,186.429992675781,364.786682128906,158.695617675781,157.400131225586,346.467376708984,164.785079956055,107.467010498047,454.951904296875,119.75178527832,79.4528198242188
2024-09-19,226.971328735352,431.867828369141,117.554573059082,201.993011474609,281.003509521484,189.869995117188,370.799743652344,161.009384155273,156.140182495117,364.214202880859,162.530059814453,108.798851013184,457.036560058594,121.147102355957,77.5767974853516
2024-09-20,226.306884765625,428.5009765625,115.689575195312,202.578430175781,280.540435791016,191.600006103516,370.34375,162.449264526367,155.514938354492,359.833618164062,165.069320678711,108.114158630371,459.705718994141,118.290481567383,78.0198745727539
2024-09-23,224.591247558594,426.768402099609,115.948890686035,202.914337158203,284.343139648438,193.880004882812,372.338623046875,160.721389770508,154.624420166016,362.126373291016,164.642929077148,110.074417114258,465.014739990234,119.38410949707,79.9618835449219
2024-09-24,225.483779907227,422.495849609375,120.546546936035,203.058258056641,268.728576660156,193.960006713867,380.603118896484,161.158340454102,154.207611083984,376.526763916016,164.140777587891,109.783653259277,466.953338623047,119.43123626709,79.4622344970703
2024-09-25,224.492080688477,425.390106201172,123.179473876953,201.714721679688,265.625335693359,192.529998779297,377.059875488281,160.363906860352,152.142440795898,369.033874511719,163.212249755859,107.645195007324,464.673828125,118.215049743652,79.7733535766602
2024-09-26,225.632537841797,424.602569580078,123.708068847656,201.321258544922,267.654754638672,191.160003662109,376.841400146484,161.595245361328,152.89079284668,381.434173583984,164.112350463867,105.797500610352,469.223022460938,118.064208984375,78.6797866821289
2024-09-27,225.900283813477,421.363708496094,121.075119018555,202.012237548828,271.083099365234,187.970001220703,379.529693603516,162.806762695312,152.900283813477,381.55126953125,164.434494018555,108.630020141602,467.109161376953,118.403617858887,79.6979293823242
2024-09-30,231.067077636719,423.608245849609,121.115028381348,202.357696533203,270.866333007812,186.330001831055,384.915863037109,164.693511962891,153.525527954102,381.590240478516,164.10285949707,109.94310760498,464.527679443359,119.054138183594,79.6884918212891
2024-10-01,224.333404541016,414.147735595703,116.686897277832,198.69172668457,273.476989746094,185.130004882812,388.573150634766,165.825546264648,153.459213256836,382.829315185547,163.951278686523,112.48486328125,462.735260009766,117.479690551758,80.3861083984375
2024-10-02,224.898681640625,410.64306640625,118.531944274902,198.931655883789,272.885894775391,184.759994506836,390.672515869141,164.70344543457,152.682388305664,384.448852539062,162.890106201172,113.97615814209,463.534057617188,117.074295043945,80.5369567871094
2024-10-03,223.797897338867,410.062255859375,122.52124786377,196.954727172852,272.747955322266,181.960006713867,390.976470947266,164.70344543457,152.047698974609,381.56103515625,161.184631347656,114.970359802246,457.601531982422,115.056739807129,80.1787261962891
2024-10-04,224.918518066406,409.589752197266,124.585708618164,203.945373535156,273.802093505859,186.509994506836,387.917663574219,165.895034790039,151.848724365234,387.414825439453,160.009780883789,117.080688476562,456.072143554688,115.415000915527,79.0474319458008
2024-10-07,219.85090637207,403.171112060547,127.378204345703,203.66535949707,269.723541259766,180.800003051758,387.632690429688,161.843521118164,151.128753662109,388.546539306641,158.342224121094,117.587173461914,451.259918212891,113.133476257324,75.6913375854492
2024-10-08,223.897079467773,408.2607421875,132.534362792969,203.491546630859,270.876159667969,182.720001220703,393.446350097656,163.233779907227,151.280334472656,378.507232666016,159.327606201172,114.463890075684,457.299591064453,112.511245727539,75.8893203735352
2024-10-09,227.635787963867,410.967895507812,132.295013427734,206.069580078125,272.816925048828,185.169998168945,395.241760253906,160.731338500977,152.189788818359,386.536743164062,160.379287719727,114.510772705078,457.426239013672,112.039848327637,75.9647369384766
2024-10-10,227.139923095703,409.373107910156,134.449249267578,205.509567260742,273.348907470703,186.649993896484,389.437591552734,160.949798583984,152.057144165039,386.975769042969,160.076095581055,115.495597839355,457.280120849609,111.511894226074,76.3041152954102
2024-10-11,225.662307739258,409.845703125,134.43928527832,214.63410949707,273.713409423828,188.820007324219,391.280487060547,162.101715087891,152.957122802734,392.224670410156,162.103698730469,115.936416625977,461.780609130859,113.359741210938,77.1714248657227
2024-10-14,229.381195068359,412.621856689453,137.700531005859,213.852020263672,276.51123046875,187.539993286133,394.624298095703,163.809707641602,153.089736938477,384.351257324219,163.449111938477,116.377243041992,465.229064941406,113.56714630127,78.1612777709961
2024-10-15,231.910049438477,412.228057861328,131.247833251953,214.730651855469,275.141876220703,187.690002441406,394.776245117188,164.306228637695,155.458114624023,378.536560058594,164.45344543457,112.878799438477,468.278106689453,114.443939208984,78.0481643676758
2024-10-16,229.857192993164,409.648803710938,135.356811523438,215.937622070312,283.249603271484,186.889999389648,397.654510498047,164.008331298828,155.628616333008,384.029357910156,163.325927734375,113.169563293457,471.463562011719,119.704650878906,79.556510925293
2024-10-17,230.22412109375,410.239379882812,136.563583374023,216.69075012207,286.076995849609,187.529998779297,394.795288085938,161.793853759766,155.808624267578,384.878143310547,163.231185913086,112.878799438477,473.489776611328,115.678977966309,78.9814529418945
2024-10-18,233.050476074219,411.657104492188,137.630706787109,217.608032226562,286.303558349609,188.990005493164,394.225280761719,162.280456542969,156.424377441406,384.263519287109,163.237899780273,112.559906005859,473.869689941406,115.490417480469,79.5470809936523
2024-10-21,234.518188476562,412.267425537109,143.325439453125,215.31965637207,282.589599609375,189.070007324219,386.055786132812,162.925918579102,154.254974365234,382.334625244141,161.579544067383,112.625564575195,470.859558105469,111.031066894531,79.2171325683594
2024-10-22,233.903350830078,420.861694335938,143.20573425293,216.401062011719,280.560211181641,189.699996948242,381.733581542969,163.98844909668,154.842330932617,380.356750488281,161.732040405273,113.207069396973,469.486053466797,112.134132385254,78.9060287475586
2024-10-23,228.845657348633,417.996948242188,139.186508178711,215.715530395508,279.545501708984,184.710006713867,379.634246826172,161.644912719727,157.125396728516,377.683715820312,161.617660522461,112.803771972656,465.082916259766,113.915985107422,80.093864440918
2024-10-24,228.6572265625,418.124877929688,140.034255981445,217.231460571289,279.013488769531,186.380004882812,382.52197265625,161.585342407227,155.050720214844,378.985931396484,161.655807495117,112.165969848633,462.189727783203,113.501159667969,78.067008972168
2024-10-25,229.490264892578,421.491729736328,141.161224365234,214.653411865234,277.545623779297,187.830001831055,378.940734863281,164.117553710938,152.407669067383,377.918670654297,160.321533203125,112.072189331055,461.507873535156,110.814247131348,76.7660598754883
2024-10-28,231.463760375977,419.955963134766,140.143981933594,217.733551025391,279.969055175781,188.389999389648,382.721496582031,165.557464599609,153.089736938477,382.461883544922,161.350845336914,111.51880645752,463.68994140625,111.068794250488,78.1235733032227
2024-10-29,231.731521606445,425.232635498047,140.872009277344,215.223068237305,277.693389892578,190.830001831055,375.29296875,168.496780395508,151.659271240234,379.426574707031,159.320831298828,109.999382019043,462.384582519531,108.711845397949,75.0031509399414
2024-10-30,228.191146850586,425.803619384766,138.96711730957,216.681106567383,285.850433349609,192.729995727539,372.870635986328,173.243438720703,152.151870727539,371.329040527344,158.358276367188,109.446006774902,461.157165527344,109.239799499512,74.5600662231445
2024-10-31,224.035888671875,400.030731201172,132.404724121094,214.276840209961,285.545074462891,186.399993896484,374.039093017578,169.91682434082,151.441390991211,368.3525390625,157.424285888672,109.530418395996,444.353240966797,106.477462768555,74.7109222412109
2024-11-01,221.060775756836,403.988220214844,135.037658691406,215.26171875,286.421813964844,197.929992675781,372.937103271484,170.095550537109,151.697174072266,371.710968017578,157.348022460938,107.814018249512,445.483276367188,106.911140441895,72.9197311401367
2024-11-04,220.168243408203,402.10791015625,135.685928344727,212.210571289062,287.515350341797,195.779998779297,375.767974853516,168.059860229492,149.906707763672,368.665802001953,157.328964233398,111.24681854248,446.467193603516,107.34481048584,73.8813095092773
2024-11-05,221.596298217773,405.061248779297,139.535598754883,213.86164855957,288.933898925781,199.5,380.061645507812,168.556381225586,150.01091003418,375.372924804688,157.97705078125,111.575080871582,443.125854492188,107.882202148438,74.1452713012695
2024-11-06,220.872344970703,413.645629882812,145.220336914062,238.551025390625,302.834320068359,207.089996337891,368.928344726562,175.279159545898,149.565643310547,408.183929443359,153.488189697266,113.48844909668,450.665649414062,107.231689453125,70.2518310546875
2024-11-07,225.592864990234,418.813995361328,148.481582641602,228.238845825195,301.258117675781,210.050003051758,379.444244384766,179.489593505859,148.476211547852,399.694793701172,155.737380981445,113.629150390625,453.432250976562,107.674774169922,70.3460998535156
2024-11-08,225.324813842773,415.968963623047,147.234924316406,228.818176269531,303.297393798828,208.179992675781,385.580810546875,177.106353759766,147.282562255859,385.164337158203,159.835494995117,113.591621398926,447.597137451172,109.202087402344,72.5614929199219
2024-11-11,222.614471435547,411.509429931641,144.87126159668,231.048599243164,306.302093505859,206.839996337891,387.851196289062,179.092407226562,146.875198364258,388.268218994141,158.234375,112.991355895996,444.635803222656,107.571067810059,71.5622177124023
2024-11-12,222.614471435547,416.451324462891,147.893157958984,231.309310913086,305.828338623047,208.910003662109,382.901947021484,180.353515625,144.601608276367,384.811859130859,158.053298950195,112.878799438477,443.807769775391,106.298332214355,70.0067138671875
2024-11-13,223.498062133789,418.587585449219,145.878601074219,232.854202270508,305.463134765625,214.100006103516,389.656036376953,177.632659912109,145.170013427734,378.995788574219,158.758560180664,113.929275512695,444.44091796875,109.899742126465,69.9878387451172
2024-11-14,226.575744628906,420.251312255859,146.367279052734,233.539749145508,304.249053955078,211.479995727539,385.409881591797,174.35563659668,143.872161865234,379.279724121094,159.235046386719,114.004920959473,441.762084960938,108.183891296387,70.9682998657227
2024-11-15,223.378936767578,408.546203613281,141.600021362305,236.861267089844,305.62109375,202.610000610352,387.746673583984,171.287200927734,145.88996887207,376.058349609375,161.579544067383,112.822883605957,437.485626220703,106.929992675781,71.9770126342773
2024-11-18,226.377182006836,409.294403076172,139.774932861328,236.590911865234,308.108337402344,201.699996948242,389.893585205078,174.077590942383,146.619445800781,376.440155029297,162.732757568359,113.768516540527,436.969329833984,108.089614868164,72.0147094726562
2024-11-19,226.635299682617,411.292785644531,146.616592407227,234.717727661133,307.802337646484,204.610000610352,386.435729980469,176.8779296875,144.942642211914,374.354553222656,162.742263793945,112.17985534668,432.575897216797,108.542144775391,72.6652069091797
2024-11-20,227.350128173828,409.028533935547,145.499588012695,232.487289428711,303.400268554688,202.880004882812,379.976196289062,174.752853393555,145.046875,373.541931152344,162.866165161133,113.777969360352,438.498748779297,107.985900878906,72.4766464233398
2024-11-21,226.873565673828,407.262878417969,146.277496337891,236.330230712891,305.877655029297,198.380004882812,389.903076171875,166.46110534668,147.311004638672,381.463195800781,164.63883972168,115.300430297852,443.301208496094,107.448524475098,72.9291687011719
2024-11-22,228.213836669922,411.336791992188,141.57014465332,239.989685058594,305.897430419922,197.119995117188,398.975006103516,163.611099243164,146.998382568359,389.198394775391,168.003112792969,115.168045043945,443.018676757812,109.173797607422,72.1272201538086
2024-11-25,231.19221496582,413.102478027344,135.655990600586,241.66975402832,309.124969482422,201.449996948242,407.210968017578,166.480941772461,147.576248168945,397.188201904297,169.060989379883,113.446998596191,443.905151367188,111.313919067383,72.7346038818359
2024-11-26,233.366455078125,422.177581787109,136.553604125977,241.360778808594,307.772735595703,207.860000610352,408.018432617188,167.940689086914,147.557159423828,399.322692871094,170.890838623047,111.555740356445,444.791625976562,109.522636413574,73.5412902832031
2024-11-27,233.237365722656,417.245452880859,134.977798461914,241.186935424805,310.615356445312,205.740005493164,407.942016601562,168.049926757812,148.397521972656,395.278839111328,170.9384765625,111.262603759766,445.298217773438,111.059364318848,74.5188064575195
2024-11-29,235.620101928711,417.709106445312,137.880035400391,241.119400024414,310.990417480469,207.889999389648,409.794647216797,167.771865844727,148.02507019043,397.638549804688,170.843170166016,111.546287536621,449.068084716797,110.097724914551,74.6611709594727
2024-12-02,237.863815307617,425.126983642578,138.259033203125,237.768905639648,312.5400390625,210.710006713867,407.722381591797,170.294143676758,147.824523925781,394.113647460938,171.262512207031,111.442268371582,447.8017578125,109.211517333984,73.1427001953125
2024-12-03,240.901763916016,425.343994140625,139.884658813477,236.388153076172,308.947326660156,213.440002441406,410.004730224609,170.145202636719,145.494476318359,390.931488037109,167.183486938477,111.27205657959,447.625793457031,109.739471435547,72.4024505615234
2024-12-04,241.259170532227,431.479461669922,144.751586914062,235.017044067383,305.877655029297,218.160003662109,408.63916015625,173.154113769531,143.689636230469,391.176300048828,166.888031005859,108.066368103027,448.925415039062,108.466728210449,71.8804626464844
2024-12-05,241.288955688477,436.608856201172,144.681777954102,237.025421142578,305.068267822266,220.550003051758,407.3212890625,171.436126708984,142.782470703125,386.74072265625,167.764846801758,108.539192199707,438.304351806641,107.278823852539,72.317024230957
2024-12-06,241.090408325195,437.545989990234,142.068634033203,238.840682983398,306.973236083984,227.029998779297,411.933715820312,173.491714477539,142.581909179688,386.789703369141,165.658615112305,107.394973754883,439.144714355469,105.591247558594,71.4059448242188
2024-12-09,244.972229003906,439.962707519531,138.448059082031,235.41291809082,304.298400878906,226.089996337891,409.842315673828,174.346694946289,142.858871459961,390.931488037109,162.770858764648,106.761405944824,432.441802978516,108.815544128418,70.8934631347656
2024-12-10,245.984878540039,437.309234619141,134.717819213867,234.495635986328,308.325469970703,225.039993286133,403.54931640625,184.089508056641,142.505523681641,380.288208007812,164.190902709961,106.543907165527,434.620727539062,106.675445556641,70.3620071411133
2024-12-11,244.714126586914,442.892333984375,138.946762084961,235.142562866211,309.717163085938,230.259994506836,402.393798828125,194.259811401367,140.032241821289,380.758209228516,162.618392944336,105.834686279297,430.438781738281,105.553527832031,70.2101669311523
2024-12-12,246.173538208008,443.45458984375,136.981903076172,233.211441040039,310.151458740234,228.970001220703,395.747436523438,190.839889526367,139.650268554688,372.836883544922,162.828063964844,105.740127563477,428.455322265625,105.261276245117,69.488883972168
2024-12-13,246.34228515625,441.195709228516,133.899963378906,231.676223754883,310.654846191406,227.460006713867,398.192077636719,188.71240234375,140.013107299805,372.572570800781,163.028213500977,104.813415527344,425.328582763672,104.771034240723,69.8684997558594
2024-12-16,249.231307983398,445.457061767578,131.655822753906,231.32861328125,311.789886474609,232.929992675781,392.204528808594,195.512481689453,137.367965698242,371.015777587891,163.104446411133,102.572273254395,418.488922119141,103.53475189209,69.0807876586914
2024-12-17,251.653747558594,448.288055419922,130.050018310547,230.150650024414,314.168609619141,231.149993896484,390.065490722656,194.279693603516,139.812606811523,367.960815429688,162.332473754883,102.137283325195,420.345367431641,103.53475189209,68.5872802734375
2024-12-18,246.26286315918,431.449890136719,128.57389831543,222.435836791992,305.759185791016,220.520004272461,376.075622558594,187.300659179688,138.227386474609,356.299285888672,161.141174316406,100.633735656738,412.597045898438,98.8178100585938,66.9264678955078
2024-12-19,247.990310668945,431.094818115234,130.339248657227,224.936630249023,310.793029785156,223.289993286133,367.672119140625,187.410003662109,137.110122680664,352.852722167969,161.246002197266,99.7732162475586,409.978454589844,96.4308166503906,66.2146835327148
2024-12-20,252.656478881836,430.670623779297,134.348785400391,229.41682434082,313.586334228516,224.919998168945,374.910522460938,190.293106079102,137.960021972656,358.404388427734,160.169067382812,100.113632202148,414.59033203125,98.2567291259766,68.0178680419922
2024-12-23,253.430847167969,429.338958740234,139.30583190918,230.179611206055,313.102661132812,225.059997558594,374.767303466797,193.494293212891,138.723968505859,357.768035888672,160.216690063477,100.520263671875,412.655670166016,99.0365447998047,68.7960739135742
2024-12-24,256.339752197266,433.363494873047,139.854415893555,233.964584350586,316.488159179688,229.050003051758,378.291046142578,194.965667724609,139.27783203125,359.902526855469,161.007720947266,100.614822387695,416.016876220703,99.5690841674805,69.1946868896484
2024-12-26,257.153778076172,432.160125732422,139.565155029297,234.766006469727,316.744750976562,227.050003051758,377.336090087891,194.45866394043,139.019973754883,359.4619140625,162.170455932617,100.699928283691,414.600128173828,101.65177154541,68.6822052001953
2024-12-27,253.748550415039,424.683044433594,136.652740478516,232.863845825195,314.524017333984,223.75,375.158813476562,191.635208129883,138.513870239258,357.249053955078,161.570037841797,100.690483093262,413.290802001953,100.082641601562,68.4354400634766
2024-12-30,250.382949829102,419.060455322266,137.131530761719,231.077575683594,311.217407226562,221.300003051758,371.883361816406,190.124099731445,136.880935668945,355.437652587891,159.244598388672,100.009620666504,408.092681884766,99.9495010375977,68.1032867431641
2024-12-31,248.615783691406,415.775665283203,133.939865112305,231.454147338867,311.93798828125,219.389999389648,371.463195800781,188.195419311523,138.103256225586,355.192840576172,159.778289794922,101.721214294434,409.079528808594,100.520088195801,68.0368499755859
