"Date","AAPL","MSFT","NVDA","JPM","V","AMZN","HD","GOOGL","JNJ","CAT","PG","XOM","LIN","PLD","NEE"
2020-01-03,-0.00972206988510338,-0.012451762585024,-0.0160062915106629,-0.013196609886298,-0.0079527352532297,-0.0121390346559209,-0.00332333106416838,-0.00523137777734761,-0.0115776566041347,-0.013884370089657,-0.00672544921519669,-0.00803947484538758,-0.0260033959807587,0.0111986575598129,0.00712429097742384
2020-01-06,0.0079679707722744,0.00258464060750785,0.00419399306502899,-0.000795049968011718,-0.00216256395853442,0.0148855739305065,0.00470465009746368,0.0266542244835779,-0.00124771389221978,-0.000673577169284068,0.00138682513169486,0.00767786449662022,-0.00423878563299218,-0.00391509261193679,0.00499327089455903
2020-01-07,-0.0047029076529278,-0.00911759950128599,0.0121064933981334,-0.0170003974475154,-0.00264282357848977,0.00209162041563937,-0.00654671954783048,-0.00193149054713515,0.00610700306031675,-0.0132127229042455,-0.00619163728694183,-0.00818376138905585,0.00215273287725815,-0.00640183468315758,-0.000869520162340431
2020-01-08,0.0160862458331823,0.0159284513355078,0.00187577061588851,0.00780067395312645,0.0171179477542804,-0.00780864026128936,0.014964547665161,0.00711773635137836,-0.000138007718049948,0.0088804436574268,0.0042627847907295,-0.0150805983555207,0.0124983470885354,0.00542557391324938,-0.000455634501393853
2020-01-09,0.0212408126624994,0.0124928842636534,0.0109822240078112,0.00365133352143054,0.00692989618715933,0.00479917478646841,0.0153297834818127,0.0104977636900803,0.00296630918578256,-0.00250514436671678,0.0109377833499338,0.0076558639011659,0.00703996476293112,0.000112172217563433,0.00783553753279453
2020-01-10,0.00226051865667753,-0.00462698927413319,0.00534936034227185,-0.0099679541126656,0.00269105790100466,-0.00941059680203127,-0.00430716486481753,0.00645869726568082,-0.00226950660846792,-0.0080106917841738,0.000969013364354954,-0.00888772313550357,0.00110117902376161,0.00539589627320569,0.00189236210428456
2020-01-13,0.021364730009084,0.0120243068301262,0.0313525458144901,0.00830427943373269,0.00805076277561767,0.00432257824569948,-0.00392497868493402,0.00774694582333812,0.00441191255618412,0.00472257041128743,0.00734052528549678,0.00954586818888159,0.0130095121190008,0.0263866129144736,0.011701901195116
2020-01-14,-0.0135034358040866,-0.00704332631212778,-0.0186522100467513,0.0116621002108546,0.00368589077415504,-0.0115582117180526,-0.0023731445104983,-0.00655543650994006,0.00562802356736047,-0.000953697065726122,-0.00152141696441566,-0.00859603243723561,-0.00868744548890976,-0.012745190728557,0.0053978948437623
2020-01-15,-0.00428548888157887,0.00647642706633,-0.00691537787040253,-0.0149860147652967,0.0191279409064145,-0.0039691265489249,0.0079888665683816,0.00601842913766459,0.00334446044571513,-0.00756773343745365,0.0101851580143475,-0.00158954908069897,0.0070488836808229,0.0174333241774265,0.0155410822038264
2020-01-16,0.0125264400334439,0.0183229800737332,0.0136825359810837,0.00387690668656915,0.00575570685155635,0.00854991102959346,0.018834307738449,0.0076156195497501,0.00809432191901793,0.0158002238468589,0.000873328660624839,-0.00390790657546436,0.00766164126088542,0.0123631116059142,0.00274260735954668
2020-01-17,0.0110710782676844,0.00559700820699227,0.00140595383842745,0.00692164545845952,0.0186612805943276,-0.00703966144232826,0.01350415659755,0.020245930928934,0.0065453437906402,0.00640171267484768,0.00269693920640268,-0.00377793587138564,0.00488142888881904,0.00985546809138271,0.00447910799772822
2020-01-21,-0.00677694475932022,-0.0035905907726298,-0.00537541344223136,-0.00984079940002325,0.0126526660446775,0.0146295252069268,0.00448415576017447,0.00184512160446659,0.000670348548635458,-0.0130604316975558,-0.00253156122614573,-0.014294230880272,-0.0110697610945057,0.0137900103843449,0.0137730495512498
2020-01-22,0.00356958997790535,-0.00480486798487523,0.00875210679862892,-0.00116918503970864,0.00294260441853456,-0.00239954946247045,-0.000214409228680768,0.00109285426493244,-0.00683322066888614,-0.0220770897950499,0.00174485659845902,-0.00577084651355853,-0.00306976999446751,-0.0170552659055735,0.0117167346716385
2020-01-23,0.00481587787600368,0.00615545012613561,0.0109950901312228,-0.00102433398876633,-0.0066377365185204,-0.00152591122567813,0.00322023342725974,0.000552889668613998,0.00188856202516252,0.000841073699718642,-0.00457108750940116,-0.00625090099837511,-0.00691657635516374,0.0187350889459645,0.000692665235274559
2020-01-24,-0.00288193511573775,-0.0100765521908307,-0.00941219964884432,-0.0248280805281158,-0.00736009385185943,-0.0121724266388616,-0.00706186555570654,-0.012474229253531,-0.00141376700966434,-0.0166023879558704,0.00119984703156883,-0.00673974200948257,0.00176481845504561,0.00470232557072769,0.013995850500943
2020-01-27,-0.029405375059554,-0.016723131332799,-0.0410413046553268,-0.0084114496606178,-0.0161462546286003,-0.0178874637677121,-0.00349113263188516,-0.0234897227603771,0.00289911087951222,-0.0331243226138985,0.00439491023263106,-0.0238238136427958,-0.0243343951621803,-0.0120642342764798,0.0114514136580526
2020-01-28,0.0282895792821274,0.0195957863911889,0.0323481736871034,0.0181775218965166,0.00575147957749111,0.0136243659245137,0.0115488195065026,0.013109844465709,0.00504208773789205,0.00744130592176839,0.00270516217864514,-0.00139005626932531,0.0146426301444413,0.006000450197438,-0.00348658166389426
2020-01-29,0.0209320350598512,0.01559299211661,-0.00979962424706138,-0.00148741246579998,0.00990860536673566,0.00256309786233677,0.00068411778479649,0.00427456715905628,0.00695672716302487,-0.00702082021094919,-0.00769668135936341,-0.00835282205860743,0.00168338582201399,0.00983684564026865,-0.000187974068150742
2020-01-30,-0.0014492543940513,0.0282075545060405,0.00109962303108047,0.0123665968069067,0.0163527305965088,0.00682448918987077,-0.00525607994916522,-0.00168188647916601,-0.00119595098405623,-0.00301951292975811,0.00711658406268745,0.0106069428618376,0,-0.00300540331940125,0.0156909264127907
2020-01-31,-0.044338417278921,-0.0147588392413869,-0.03815961550781,-0.0259769321509898,-0.0443781627524155,0.0737913558648475,-0.0201466371413291,-0.0147636763142881,-0.00990960173464273,-0.0296961964755602,-0.0105596278964437,-0.0412102882211848,-0.0244919380045501,-0.0346118565202306,-0.00640906597507229
2020-02-03,-0.00274614756176583,0.0243786232331542,0.0164955477291027,0.00763088911756649,0.00924757916101626,-0.00225016858033289,0.0150809000368635,0.0347715892668576,0.00873221668661839,-0.0120292096530573,0.00393194294001153,-0.0223758120087497,0.0310638164903907,-0.0108740443301806,-0.00518265724729861
2020-02-04,0.0330134933519386,0.0329167140045028,0.028294200104084,0.0143957321390795,0.0136945015433041,0.0226873421407756,0.0149434894786653,-0.0250842071107904,0.00952297831372895,0.0288205448160177,0.00439632418909519,-0.0125145504739539,0.0193850367598454,0.0168717024707827,-0.00850812158595782
2020-02-05,0.00815423244251079,-0.00122156560265207,0.014688636160894,0.0170005677540002,-0.00368462249751045,-0.00478123673713959,0.0132342406052639,0.000442698988879275,0.0157652187074315,0.0294358787286089,0.00915145341218304,0.0460232171037878,0.0151759051105207,-0.00727898694483331,0.00820303613303475
2020-02-06,0.011696987971594,0.0207342097650234,0.0139177259897822,0.000145450411991987,0.00113443613012465,0.00507873288924432,0.0030655185708155,0.0206908012299327,-0.00298762026384469,-0.00138238563495119,0.00260231903382002,-0.0135501488278912,4.61748799200912e-05,0.00398983129972796,0.00607386175521518
2020-02-07,-0.013592785612876,0.0014154885020623,-0.0104623481902469,-0.00319726819772603,-0.00147760761499949,0.0141691363906087,-0.00644775478713921,0.0021274841521477,-0.0106816949246571,-0.0282697920128411,-0.00833727652177219,-0.00662578269280556,-0.0119493677083761,0.000322070903138183,0.00450964767396123
2020-02-10,0.0047495314763577,0.0261570864000529,0.0452325019847353,0.00415551505688883,0.0160302477417005,0.0262735795990965,0.013948644390501,0.0199779736256298,-0.000197291755228868,0.00712311705748081,0.000713956004656957,-0.0105611585692654,0.00597664822197363,0.0163192893509174,0.00816183558074046
2020-02-11,-0.00603306959086602,-0.0225755780358958,0.0187092814326437,0.00188734656500089,-0.00995185631485562,0.00791502598572613,0.00428074039886095,0.000928021322537997,0.000855683879261493,0.0139215541686326,-0.0159310250240087,0.00950643077357949,0.00362041270522462,0.0163744302551758,0.00150864231774306
2020-02-12,0.0237474865508138,0.00146372495334068,0.0173580060339582,0,0.0171617656216712,0.00427746959788466,-0.000206996836193185,0.00567537943567542,-0.00592144148896723,0.0249653133603893,-0.00571832164525932,0.0122254615529993,0.00453245021406867,0.00602845070556413,-0.00694458380007312
2020-02-13,-0.00712097370373099,-0.0054138993611681,-0.00645791714204547,-0.000869386466903488,0.00125526330072256,-0.00468981707537619,0.00318736674384468,-0.00345036014452649,-0.00661848316804181,0.000931584321248513,0.0122315110645388,-0.00554934439512744,0.0186925374652847,-0.00330584712675142,0.0192777957772123
2020-02-14,0.000246630350761334,0.00892711494741105,0.0702048290349164,-0.00304625699700212,0.0139343908359371,-0.00697716607705035,0.0110163299753949,0.00352846636501103,0.000266679288222438,-0.0123821430341692,0.00944300724858271,-0.00459539892784289,0.00623687733111655,0.0111950818618438,0.0110721321886358
2020-02-18,-0.0183110736103037,0.0101431575350648,0.0233961628487815,-0.0132403858331442,0.00432742082403204,0.00974299060744688,-0.0044481885598231,0.000467577364021921,-0.00659459421787301,-0.0102180579538315,-0.0100682161094455,-0.0126959186216361,0.00408732097842579,0.00820093091698926,0.01263803606892
2020-02-19,0.0144831036241968,0.00299914165863124,0.0611322868321837,0.013639425002993,0.00999050621745079,0.00674965009482631,-0.00122960594975297,0.00357352096895136,-0.00134090552016264,0.00205034404228033,0.00456476866695499,0.00768185222403406,-0.00478629910613682,-0.00589746257815849,-0.0261308302826152
2020-02-20,-0.0102590042044137,-0.0152710628073409,-0.0190660964070262,0,-0.00871973549006111,-0.00788862691430925,0.0138727908036738,-0.00516769553872587,-0.00382691842911842,0.000511332120497032,0.00908819602517208,-0.00795466562978819,-0.00575321828808806,0.0120690974419781,0.0085920642884949
2020-02-21,-0.0226349986114891,-0.031612741122669,-0.0473919568527248,-0.0122191289157063,-0.0124851669582224,-0.0265338233305619,-0.0068010601787839,-0.0221029903024299,0.0105140082852599,0.00204478768647309,0.000947920223056897,-0.0121950713544652,-0.0129296516965618,0.00282978471102924,0.00202124302660067
2020-02-24,-0.0475005191095466,-0.0431156051641371,-0.0706976354800694,-0.0268760361228375,-0.0479863467270538,-0.04135555023464,-0.0229886602843113,-0.0428726310732005,-0.020606663715637,-0.0367319522091779,-0.0268351945602947,-0.0468460435739514,-0.035678350955657,-0.0327522117629884,-0.0131487109330467
2020-02-25,-0.0338721459385271,-0.0165017380036223,-0.0410931306095178,-0.0446425954414044,-0.0522661669935635,-0.0181904989511381,-0.00967877945351348,-0.0236220643290512,-0.00863558290184585,-0.0239843624076577,-0.0151658049339286,-0.038324889324991,-0.0422701826289007,-0.0445924605907249,-0.013177947209523
2020-02-26,0.0158639947304118,0.0124949067457045,0.0213697276530402,0.00300946243679312,-0.0063164474560411,0.00347231541606097,-0.00884647051225851,0.00299363937745811,-0.00670585772686805,-0.00581413874300263,-0.0104591066162465,-0.0219558375197326,0.00872818484649218,-0.00479833470498903,-0.00318152861746857
2020-02-27,-0.0653685670038107,-0.0704590558619395,-0.0556658132645848,-0.041613856734118,-0.038459416022903,-0.0481362654672727,-0.0448401206329136,-0.0543127104176614,-0.0317369750672828,-0.0388303610980243,-0.0554261047959221,-0.0601774338495412,-0.0415908979088978,-0.0498573962540211,-0.0455848977289054
2020-02-28,-0.000584707876776003,0.0242129247078342,0.0691611815612934,-0.0433387663320711,0.00972175679954401,-0.000291846722490052,-0.0306593382707795,0.0184798649926796,-0.0333526654566554,0.00786905471518762,-0.00237871126790612,0.0325171788399055,-0.0202104326380929,-0.0280241252467518,-0.0120775212526996
2020-03-02,0.0931002406041104,0.0665390399022789,0.0235491330539555,0.046593775099774,0.0581536819881281,0.0372661142532764,0.055545640168422,0.0351465083875671,0.0411957361192077,0.0270445686985563,0.0559037512983624,0.0474338736190405,0.0373804071451498,0.0473418330840067,0.0616790147778763
2020-03-03,-0.0317590439449498,-0.0479193420809697,-0.0381287262991165,-0.0375247382098308,-0.0343160760844792,-0.0230098114023241,-0.00869811972270684,-0.0350568704812624,-0.0316383319704151,-0.0252352017688673,-0.0116257494264839,-0.0478841851968219,-0.0139289759257447,0.0126880433462733,-0.0119249484842386
2020-03-04,0.0463843490800635,0.0367153860030274,0.0700287364452501,0.0247094150636302,0.0460884972576765,0.0350132290156382,0.057646908484577,0.0328020455433951,0.0581901710857606,0.0242804998064716,0.0535667374521376,0.0218322758205862,0.0518962791158954,0.0557113166812391,0.0643788361040489
2020-03-05,-0.0324369551925165,-0.0250956696040083,-0.0394361988279438,-0.0490613067639277,-0.0377271971514033,-0.0262167943142835,-0.0260079059835291,-0.0483786232429408,-0.0102454337754423,-0.0426218512046898,-0.0230522137667789,-0.0440671010999033,-0.0393858983552349,-0.0493802502063959,-0.0214725647073463
2020-03-06,-0.0132799315448076,-0.0282672240543786,-0.0265286109497086,-0.0516801404629633,-0.0139068481873804,-0.0119229240142393,-0.0268302664012401,-0.014466573866578,0.000140836151875989,-0.00459110447047706,0.000246939113445643,-0.0482937218293112,-0.0371990132495194,-0.0426932095912232,-0.015715530962328
2020-03-09,-0.0790921956134725,-0.0677727894630609,-0.0774319890561223,-0.135455298441266,-0.0717616489297337,-0.0528538324516535,-0.0789898907194989,-0.0617021398006923,-0.0393577440211015,-0.142821854412926,-0.0460301201703074,-0.122247717513122,-0.0849366104946581,-0.0944340041474134,-0.0387756697179775
2020-03-10,0.0720216583116362,0.0683843840975484,0.0637222815413843,0.0776967150923036,0.0670249722407097,0.0506550666845869,0.072412848059636,0.0488405294159906,0.0381120550311613,0.0232537260352699,0.03868682231424,0.0370280007678989,0.0177901300235837,0.0397325620571389,-0.0212416274453925
2020-03-11,-0.0347304447943299,-0.0453018857845078,-0.0559597799281305,-0.0470702488049829,-0.0528477859506324,-0.037508896429749,-0.05044617073258,-0.0504010512938199,-0.0694721216706065,-0.0544655786774131,-0.0743259916316191,-0.0329418664428646,-0.012995704520156,-0.088671617470602,-0.0565830411829971
2020-03-12,-0.098754834516747,-0.0948383895127743,-0.122367606311142,-0.0824301497253485,-0.0744144535502376,-0.0792208251474794,-0.104748917451094,-0.082046365506771,-0.0484824450878567,-0.083722234610041,-0.087373481797709,-0.11433991242937,-0.0914213312115132,-0.0476321261795404,-0.134170460832723
2020-03-13,0.119808250628493,0.142168735624665,0.11340157798606,0.180124731076885,0.0983884542937505,0.0646483368737651,0.0791227982823102,0.0924114490751025,0.0708074475442346,0.0799913365634648,0.120090521595419,0.0252819729909566,0.116947290877717,0.118103474226443,0.0606537193706838
2020-03-16,-0.128646858377045,-0.147390347519047,-0.184520682246668,-0.149648645555222,-0.135472171028918,-0.053697516604298,-0.19793840819274,-0.116341354100159,-0.0533172253514498,-0.062525046348745,-0.0488296582449586,-0.0952252360058503,-0.102832907060536,-0.17270634888075,-0.091126703634675
2020-03-17,0.043970197802192,0.0823368906605719,0.106262819529365,0.0611133743983068,0.0386819937914813,0.0702661324787965,0.0526185311434768,0.0419942346315461,0.0744120428364845,0.072690363345042,0.0897694476668442,0.0672658652826654,0.0349227826938665,0.0980120188115139,0.101256623334345
2020-03-18,-0.0244799478603087,-0.0420963313892576,-0.0665073381032381,-0.105268693366793,-0.0595985298103557,0.012257741060411,-0.103720262523789,-0.0240325819562166,-0.0119336411299789,-0.000798296439018742,-0.00668124737633646,-0.100244576881994,-0.0388699617497964,-0.0408829169369362,-0.0501444310177211
2020-03-19,-0.00766213364473778,0.0164532006349416,0.0500445593750598,0.0168077568339571,0.02539055284587,0.0278306137668631,0.0353404320456088,0.0187684152157537,-0.0586098039377337,0.0288653909249077,-0.0563643927585866,0.0395531449020217,-0.0222210644587859,-0.0573746593353892,-0.0168057322735549
2020-03-20,-0.0634855591904264,-0.0375589380082909,-0.0339015187186131,-0.0211018022049827,-0.0355991637269946,-0.018522798541689,-0.0557314234700103,-0.0390943702222379,-0.0563556573912662,-0.0729056665649805,-0.0757914067529001,-0.049085139090435,-0.0175962082209834,-0.0170553387225735,-0.0741187131506835
2020-03-23,-0.0212441723082231,-0.00997422717940499,0.0337304165414014,-0.0535330807699453,-0.075529602174827,0.030735291504302,0.0673023254336116,-0.0131809426684872,-0.0729835762592113,-0.038219904992999,-0.0461782505928036,-0.0394011120144264,-0.00859209856556076,0.00875544083829416,-0.0526209971549397
2020-03-24,0.100325493601149,0.0908958928754426,0.171564024150076,0.118942012196214,0.138426105428743,0.0195865613472941,0.137508004805529,0.0719836457297638,0.0723410334637327,0.103320226269835,0.057011436291752,0.126867649456074,0.0987334308342973,0.113302784037355,0.136904461867348
2020-03-25,-0.00550881223535316,-0.0095726465617495,-0.0142869708248341,0.0373178318717617,0.0469168433302407,-0.0279676049001469,-0.0160244256683928,-0.025123815258222,0.00184611334791596,0.0328599536277627,-0.0227559895161074,0.0522012787742987,0.00297310173467791,0.0232456756648698,0.0181087751203115
2020-03-26,0.0526229978550252,0.0625509574875547,0.0473089846056571,0.0696609500676952,0.0438866822099635,0.0369331245037541,0.0739988862585923,0.0556454781075,0.0600500911998973,0.0556989190004833,0.0640109082292755,0.0410294802546034,0.0537811413087439,0.0761880292161554,0.0990630200447506
2020-03-27,-0.0414021343484227,-0.0410609245379608,-0.0175319473145544,-0.0712392331783697,-0.0433446174973322,-0.0283253894366501,-0.0238713681806262,-0.0452826219891199,-0.0269414063088261,-0.0457919282313562,0.0259825466643637,-0.0481711290103466,-0.0393251327895707,0.0190501696417502,0.00367798196739488
2020-03-30,0.0285378777732055,0.0703405593302586,0.0508839095765383,0.026006754168495,0.024821088803977,0.0336035469197138,0.0291259408210631,0.0324698969402428,0.079977106724163,0.0594652941602825,0.0438414601507207,0.014885333488794,0.0565314730908235,0.0468610162408081,0.0606167966412023
2020-03-31,-0.00204070308235671,-0.0157274360690721,-0.00749247627045291,-0.0371122423604527,-0.0268773495634657,-0.00724562295085918,-0.04788369385078,0.0136436903399719,-0.0141343054192327,0.038760927346442,-0.043478230234323,0.0125333184477932,-0.0214929805112778,-0.0302845724191063,-0.0219098659076747
2020-04-01,-0.0526170905813299,-0.0355078922164935,-0.0778831883592004,-0.062979124148109,-0.0497142179368009,-0.021551791267354,-0.0432757259610627,-0.0515081411657278,-0.0176924204690623,-0.0404169528933246,-0.00609077102703337,-0.0115883407246887,-0.0701158348753573,-0.0884658502669283,-0.0930511498602954
2020-04-02,0.0166865739957194,0.0207082992881635,0.0510141649340248,0.0373399022936338,0.0279539153227217,0.00583420510605137,0.0150032676593936,0.0135468702380126,0.0336932028133556,0.0484059180142979,0.0463730879295081,0.0764720316949095,0.0200161303443194,0.0307127284342359,0.037666443460189
2020-04-03,-0.0143712362185708,-0.00920977727914896,-0.045250067029763,-0.0295576113321627,-0.0351991297481778,-0.00637888219107319,-0.0143954701453383,-0.021781023943178,0.00766031198926953,-0.0177316235911051,0.00594418390146045,-0.0294552374997342,-0.0119443890756151,-0.0254273546621792,-0.0212407451277414
2020-04-06,0.0872374951527664,0.0743672795545025,0.100406045645435,0.0643664823881402,0.115837599290936,0.0477292247764471,0.0706772397168911,0.0828132414234879,0.0416634832455072,0.0502309262730314,0.0237224531347024,0.032134585349191,0.0850551541023361,0.0902298206350567,0.0580671511669906
2020-04-07,-0.0115823368850314,-0.0107701356460145,-0.0349107699066598,0.0131898276339837,-0.00501649608069432,0.00701345600312142,0.00501747121734031,-0.000532413252409603,-0.0163133409124456,0.0123723725101825,-0.0427804352074193,0.0190266890137047,0.0228512232674187,0.00897414316733225,-0.0256706031301052
2020-04-08,0.0255945963806636,0.0100312952656971,0.0305757493178724,0.0403798493911784,0.0376655755171198,0.0156094617840767,0.0131572515123408,0.0206669320490078,0.0420421691378579,0.0449475518284261,0.0206610923624369,0.0632878162233883,0.0389018417934242,0.0646077984298268,0.0219265381333718
2020-04-09,0.00721604663883424,6.04588957158203e-05,-0.0149843109864793,0.0897138858209239,-0.00714533382660676,-0.00011748445832982,0.0344420192708628,-0.000356320902451635,-0.0141697913854335,-0.0186029553657178,-0.00382247753208143,-0.0164196580485279,0.0135872585031003,0.0644000487067504,0.0504496908375491
2020-04-13,0.0196280105270998,0.00224045754557589,0.0262408006661123,-0.0444726002435814,-0.0270599317576838,0.0617350661426328,-0.0135960662909405,0.00318262536015834,-0.0103377534578051,-0.0870988613319045,0.0112505054867396,-0.00857868267864081,-0.0177854932112192,-0.0579963152867152,-0.0369782315320073
2020-04-14,0.050502389181853,0.0494835274490544,0.0522512081170272,-0.0273959826101842,0.0333154634121644,0.0527694498612836,0.0421549949452844,0.0452905184746741,0.044787325843723,0.0205009095720112,0.0432084318953223,-0.00771745037761673,0.0200419845532191,0.031709159566673,0.0261211080633506
2020-04-15,-0.00912693497633221,-0.0104778993243647,-0.0109526092118009,-0.0493192654843927,-0.0495932239432857,0.0106686957187687,-0.0419462202682159,-0.00626755233024823,0.0111628283436915,-0.042496510605779,0.00214953655711958,-0.0459580209038989,-0.0457755648488709,-0.0292765914846939,-0.0212890775762254
2020-04-16,0.00794576223234023,0.0300209104510216,0.0493521217236206,-0.0381099638345825,-0.0213305784351486,0.0435545423937085,0.0069028135737863,0.000103281313488468,0.0136119802769608,0.0151529475381802,0.00230966316663239,-0.0328556764771507,0.0109302261856554,0.0191818813321076,0.00109582866184232
2020-04-17,-0.0135688429003165,0.0088116747310989,-0.0080760246916266,0.0898887956385577,0.0438372293151545,-0.0137821361303545,0.0478857673139481,0.0171540140829067,0.0157009846933802,0.0366342097204568,0.0262552737261639,0.103959623107576,0.0295967380780218,0.0229027273965947,0.0369717997778622
2020-04-20,-0.0207568292848521,-0.0198208790787034,-0.0180282506102394,-0.0364573993442577,-0.0313789587680007,0.00783575760690791,-0.0160922405883075,-0.0139562052235054,-0.00230219537350818,-0.0146173345848968,-0.0328013465538531,-0.0472008074840743,-0.0188280496624612,-0.0190646767449547,-0.0351256012546246
2020-04-21,-0.030910160030045,-0.0413571428439812,-0.0611043608950972,-0.0290042433509853,-0.0224700270283825,-0.0273603309593146,-0.026401162741187,-0.0388454319846452,-0.0131203535288211,-0.0414485716346513,-0.00762859048045073,-0.00534226654777048,-0.0330811600932686,0.00564957276169276,-0.00921657904583317
2020-04-22,0.0288033981114635,0.0339647324506547,0.0617418802885634,0.00325678150818387,0.0377496963068886,0.0151925270916391,0.0177456504078755,0.0381549705863367,0.0221138427955767,0.0071916824657785,-0.00233938339188999,0.0285642320902479,0.0152057413058162,-0.0126961263785482,0.0499108496029401
2020-04-23,-0.00387506978482388,-0.0121023698909724,-0.00747875680146881,0.000559275404193205,-0.00126053215364952,0.0152148234840828,-0.00906114095272825,0.0101397554293756,0.0164714205545102,0.0205169004472674,0.00666874181196087,0.0313317194341909,-0.00165180687774913,-0.012746571952484,-0.0243963701053215
2020-04-24,0.0288694624472372,0.0182592782510926,0.0196471573402501,0.0147668627974857,0.00564999772200769,0.00448851118687421,0.04873493925257,0.00427176270513585,-0.00417991326301714,0.0100082172843068,-0.00519259655370452,0.00644425111535574,0.000937799976382214,0.026397849153206,-0.00597167961938094
2020-04-27,0.000706811582230626,-0.00286433269613739,0.0258641537128632,0.0431044056602037,0.0265359353435257,-0.0141978617107605,0.026298310521476,-0.00449636864249991,-0.00368050554655297,0.010171661894925,-0.0111971088573546,0.00480212558267734,0.0171376569801422,0.0314465895698217,0.0162705172376656
2020-04-28,-0.0162095501294105,-0.0243610269161131,-0.0192540571025822,0.00708131374283094,-0.00296927921214984,-0.0260606110425593,-0.000597106377436485,-0.030113444495056,-0.0187957876269818,0.00225722668701689,-0.00476799959062246,0.0234411677650666,0.0124606335342301,-0.024499091627687,-0.0176517048389652
2020-04-29,0.0328452757005206,0.0448738935655482,0.024368408623902,0.0269699632509588,0.0615473273102882,0.0253361647496579,0.0192069339289864,0.0889103147307593,-0.00759611698865958,0.0398403808685301,0.00162546162758259,0.0553701010403387,0.00968529000690066,0.00636229109701403,-0.0174261105084028
2020-04-30,0.0210961854883898,0.0100318307918483,-0.0207061958214391,-0.0214591762773756,-0.0168876167242035,0.042689574239964,-0.00892649283429847,0.00336776423905838,-0.00133145535038481,-0.0306515217678403,0.00674758276103415,-0.0208596604336695,-0.0249084734461168,-0.0103148952334352,-0.0170543031850109
2020-05-01,-0.0160993761322179,-0.0258912896487851,-0.0325030835435431,-0.0262114630379892,-0.0176253817380132,-0.0759740923764892,-0.00573174050264069,-0.021816421148858,-0.0116634873733031,-0.0472588503641787,-0.00890827616134127,-0.0716593942569522,-0.0198924866462179,-0.0266727925481092,-0.0176100201069673
2020-05-04,0.0141489138660713,0.0244600345761175,0.0300940632479392,-0.0119034987397281,0.00330380365071625,0.0131012364875978,0.0149608121419897,0.00423582744803097,-0.000134748808786056,-0.0284991980703372,-0.00898834683720096,0.0403338472692685,0.0129208543452921,0.00322380809955947,0.013389063522226
2020-05-05,0.0150085984457842,0.0107361718364674,0.00841072345333083,-0.0015194559153151,0.0130001110321367,0.000781522185426375,0.0169943070358773,0.0197445609217288,0.00829558043690448,0.011046942196264,0.00207350161503683,-0.00111375426664329,-0.00355875565611485,0.00700119564853052,4.36277285020825e-05
2020-05-06,0.0103173650664028,0.00984719985366866,0.0137879008341095,-0.0188042257393234,0.00190562432072428,0.0144361390905319,-0.00749094553416185,-0.00266134466246071,-0.00949827238698531,-0.0113854683387845,-0.0250841734877779,-0.018737519607402,-0.0168119853001876,-0.00911775867064701,-0.0323336947188281
2020-05-07,0.0103448939821713,0.00580677608004088,0.0237750148537048,0.010413118103894,0.0220379906194368,0.00695369485979103,0.0246965002383253,0.0177269009431327,-0.00330882962031021,-0.00352937118701158,-0.00822299527027126,0.00568316480094877,0.0326348231237883,0.012997472447086,0.0081736947708424
2020-05-08,0.0238017926299474,0.00588244492131262,0.0250272076605491,0.0163361337721581,0.0129706349439047,0.00506838938929599,0.0217038351828243,0.0109986041375487,0.0075204839804206,0.0449249068952691,0.0336990684967857,0.04385179621441,0.0195896620879612,0.0215738304189927,0.0233875303048807
2020-05-11,0.0157353542367025,0.0111545396072397,0.0323839365416072,-0.0294500541861238,-0.00826604588808932,0.0123507439429993,0.00908614596643553,0.0139051347651069,0.00275715693972822,-0.0312192267022809,-0.00551980085182391,-0.00952780564022826,-0.00822672298933569,-0.0121152716497764,-0.0102293480778655
2020-05-12,-0.0114281685658368,-0.0226521866055404,-0.0326080231784518,-0.0326773839211644,-0.0222818367680668,-0.0216064205236228,-0.0154717973656474,-0.0202407631372739,-0.0132116037669955,-0.0332381299933695,-0.00659078174765937,-0.0167153180089085,-0.0201755769181404,-0.0524302894550205,0.00241847057054079
2020-05-13,-0.0120742833021613,-0.0151221974508897,-0.00288360216534889,-0.0344710368020779,-0.0116088960428171,0.0046543205752394,-0.012022314404498,-0.0195247702334009,-6.78080106053525e-05,-0.00495251140376629,-0.00549989451807875,-0.0496369499945399,-0.0235402144150506,-0.0163857999569659,0.00960855364906021
2020-05-14,0.00614363671916784,0.00433959220179836,0.0321982177184801,0.0415330202715836,0.0215145885179318,0.00883892612389636,0.0190352933321849,0.00632642772185421,0.00346606732056443,0.0163670067273407,-0.00096550013189467,0.00882378680046303,0.00262878695598157,0.014969164644169,0.00916891350102689
2020-05-15,-0.00591218230376989,0.0145681436659255,0.0573125480405721,-0.0185099637667221,0.0143173587792766,0.0087615478890033,0.0206837196058249,0.011939378093816,0.0189652477884141,0.0162915154514682,0.00702931252162053,-0.00709195599284684,0.0186332600750634,-0.00951497427787662,-0.0188603489956261
2020-05-18,0.0235610660767027,0.00955455910021041,0.0305625933946807,0.052968254167346,0.0429995846173739,0.0068388412038094,0.0251538957663151,0.00882678251274149,0.00053195903812342,0.0657894152612282,0.0139603363072609,0.0795237138594356,0.0529052316393945,0.0426272028912145,0.0333552063677769
2020-05-19,-0.00577859316386442,-0.00692243133261072,0.0063137801681965,-0.0196793726424459,-0.010555164073584,0.00950842659001117,-0.0295498741470875,-0.00778228506776768,-0.0099655207221635,-0.0255605866561721,-0.0324413300294216,-0.0308778111673689,-0.010402944579961,-0.0247611409413639,-0.0210234887278251
2020-05-20,0.0194483456585506,0.01387066622376,0.0186818093199592,0.0299990380477433,0.0237643084050956,0.0198462751735322,0.000378027282635918,0.0252910523162861,-0.0089920208353389,0.0322089152986393,0.00747059269432993,0.0325441845254866,0.0301708662205193,0.0288143829636736,0.00993457726925961
2020-05-21,-0.0074555442692581,-0.012011192276882,-0.0217111786766845,-0.0127013207710214,-0.0167129680453367,-0.0204969304541706,0.0112937606822636,-0.00171020595602045,-0.00656802240869236,-0.0140894636154892,-0.0146537773408735,-0.0178531995978071,-0.0118374560563843,-0.00826430879876849,-0.0167102842594521
2020-05-22,0.00643826968191874,0.000436049519372261,0.0286029722858505,-0.0077630624481283,0.00125883519301184,-0.0040298211002151,0.00415133889580588,0.00461347627386344,-0.00912875188525941,-0.0139399442690307,0.00877961212081968,0.000897784160235338,-0.0144573705190285,0.0133099671541701,0.0216254756213552
2020-05-26,-0.00677309742756438,-0.0105714106166881,-0.0341783606719112,0.0709736582138902,0.0123654089429217,-0.00616361445597546,0.00248047630711712,0.00575267905374321,0.00131595167942877,0.0439228401599034,-0.00506217309975898,0.029372100300654,0.0111592212169682,0.028212613736311,0.00196706803470592
2020-05-27,0.00435658565435237,0.00132163760820792,-0.0220808400535667,0.0579209665881879,-0.00207032237983296,-0.00473604234703562,0.0201253702388786,-0.000766747665564949,0.00228297242031728,0.0426709510172356,0.0166026697177848,0.00718789306251888,0.000673722976715974,0.0193290956773309,0.0291065868219338
2020-05-28,0.000440403124055688,-0.00225531882895746,-0.00448675197584913,-0.0148958852218448,0.00746824214833541,-0.00385415160553459,-0.00897485211533589,-0.00143651810137535,0.0143556291600615,-0.0137232386885243,0.0190535872816933,-0.0259513167379789,0.0357789886818918,0.014058338526745,0.0424251069517001
2020-05-29,-0.000974189721564933,0.0101988296087823,0.0457757283961839,-0.025536020594757,0.00504478942608588,0.0171879509011557,0.0136249139865265,0.0107743419493458,0.012111647731702,-0.00505229504524285,-0.00120623747997861,0.00954727471312911,0.011497870456836,-0.0166577104890989,0.0167092650293781
2020-06-01,0.0122979918948707,-0.00229210079661368,-0.00780244839849031,0.0132567315440124,-0.00455843153647972,0.0117386161812625,-0.00478911866583176,0.000941418941099892,-0.0104878449903744,0.00308010561054028,0.0114733653770038,0.0178137101096096,0.0142331255709172,0.0240439486542752,0.00586244977064365
2020-06-02,0.00462974670330873,0.0113768690240648,0.00215746309625531,0.00334692622775412,0.0103420272101713,0.000554395744453817,0.0219177151840297,0.00518511902295304,0.00720164552077462,0.0234024511923454,0.00690843599151147,0.0222559112866256,0.0098063903277581,0.0187829092213916,0.00371597489194042
2020-06-03,0.00550462904560378,0.00243339647035734,-0.00631710160326748,0.0539772616405194,0.00259733649626503,0.00242273340564014,-0.000836193445085121,-0.00212170486130581,0.00269877253319883,0.0305710552498406,0.00398080745968832,0.0407943873127894,0.0321440392330432,0.0194846044033568,0.0116134083891506
2020-06-04,-0.0086124237567482,-0.0131634206428924,0.000114239643257186,0.020811712858277,-0.0164067503235523,-0.00718204811813394,-0.0081671903099646,-0.017335307355738,-0.0129168536193097,0.0147137984184638,-0.0209229160292268,-0.00284298541438921,-0.0015499406973436,-0.0407931072500566,-0.029624757483005
2020-06-05,0.0284812266764225,0.0233980423741929,0.0175099302736361,0.0450019405459898,0.0308303315175404,0.00910349311301872,0.023900509774017,0.0181857015316529,0.00388491366858523,0.047767183962798,0.019646650527652,0.0810588823459897,0.0410234000071841,0.0252811595166051,0.00988524861001783
2020-06-08,0.00591269785003457,0.00619663177411578,-0.0128922626423639,0.0199584207975119,-4.99891863392499e-05,0.0165364589494641,0.00733621678177054,0.00556931970627139,-0.00359816339823349,0.0192419586902886,0.00608479347339475,0.031273824690742,-0.021917833140246,0.021523166570165,0.0239798026913802
2020-06-09,0.0315777802710819,0.00764525341067013,0.0273706520212871,-0.0256501086053453,-0.00260516670867306,0.0304271392023059,-3.88871967682558e-05,0.0027898744556496,-0.00551892747195137,-0.0256318046396201,-0.00596400217924564,-0.0222874688734871,-0.0101650055231396,-0.00449988325183848,-0.0069485846633166
2020-06-10,0.0257275826625905,0.0370916256571736,0.0354576886243088,-0.0405282778320719,0.00703211329331421,0.0179132925581209,-0.00899687857454645,0.00869110539705042,0.0126063070566402,-0.0130414793266536,0.00752083585097263,-0.0536244867328352,-0.00406112158423888,-0.0094526137380434,-0.00726778377103476
2020-06-11,-0.048010482017225,-0.0536987135033894,-0.0609070635563811,-0.0834432866774473,-0.0578614047276159,-0.0338023004521875,-0.0588720868237633,-0.0428757110553977,-0.0468880689470191,-0.0822257757102938,-0.0249096964898913,-0.0882526693570475,-0.0667882618969152,-0.0570480604805286,-0.0329456097811457
2020-06-12,0.00863383214628932,0.00789189899564313,0.0154896920031788,0.0273634986175644,0.0178950906964377,-0.0050587433779371,0.01244421975064,0.00786087954035275,0.00908678370291494,0.0131635302300304,-0.00550492846454742,0.0214375970080605,0.01421301298197,0.0390493438915676,-0.00571794978016893
2020-06-15,0.0123670705192112,0.00639161266075083,0.0270080006047593,0.0138180070478129,-0.00260065972288248,0.0108683094107977,-0.00449603238576313,0.0055346287151139,-0.00633150528382598,0.00373518220347613,0.00925436587992134,-0.000636028383267262,0.00643758422300089,0.00543281788408256,0.00672296369508296
2020-06-16,0.02650223299218,0.024505399051761,-0.0114729584426111,0.0080000056753351,0.00584089049622882,0.0165547312399128,0.0355902388576741,0.0181102062549461,0.0227256041028214,0.0525846012543691,0.0123403905034936,0.0224864264857456,0.0247983331201198,0.0265918586606184,-0.0016090384269758
2020-06-17,-0.00139174860538416,0.00346112074172256,0.0184706150507927,-0.0252793109084636,0.00352532197637223,0.00983066301956059,0.00360054110301467,0.00419627589566218,-0.00304556879646234,-0.0144492890511523,-0.00169304391534231,-0.0325726104910411,-0.00384105524433065,-0.00206396457575564,0.00334423470604506
2020-06-18,0.000398106923964914,0.0107084888729392,-0.00194886043174647,-0.00542811061280379,0.00180843296417388,0.00492248464662959,-0.00653765894479319,-0.0126809786380915,-0.00423560453536898,-0.00499107618666428,0.0114474653454879,0.00621886926683501,0.00327740177836611,-0.0166496186021867,-0.000281014647538269
2020-06-19,-0.00571460141830027,-0.00595980795828444,0.00469197543382727,-0.0114212073990425,-0.00881869036408911,0.00792393591858476,-0.0102724761973462,-0.0066103777226737,0.00292854470906323,-0.00101891556078482,-0.0030181277365654,-0.0200339821607433,-0.000528466592608301,-0.0338624751917356,-0.0269954827368185
2020-06-22,0.026163615121386,0.0277735287000658,0.0286676782445068,-0.010837333875786,0.0143599257453459,0.0145082872310485,0.0101764650402709,0.0182642294465651,-0.00305922359913835,-0.0131021194087605,-0.00983853411572511,0.00956955493935174,0.0092285489267967,0.00751052916434292,0.0199414813703531
2020-06-23,0.0213448169073587,0.00668097368331155,-0.00805610356869402,0.0121964551259541,0.015439122888405,0.0186416977176083,0.0046155444095064,0.00918201479978831,-0.00369590120816654,0.00365692755774738,-0.000169987486399292,0.00603192512722317,0.0114303406230096,-0.0119925163394651,-0.0155037591948421
2020-06-24,-0.0176519403492742,-0.0201574808669223,-0.022698287887057,-0.0333912864257098,-0.0331361045046931,-0.010855867894828,-0.0166992405958334,-0.0213663796863247,-0.021279673976167,-0.0331881083756242,-0.0111271091281099,-0.047109429764603,-0.029665184654172,-0.0180426107394756,-0.00633192933574223
2020-06-25,0.0132755772187225,0.0126363734067649,0.0275565813778769,0.0348615821365954,0.0134263712381222,0.00738006638778521,-0.00304739196731163,0.00586301945448153,-0.00107310580242803,0.0217108239777095,0.0126269055323645,0.0150560927499648,0.0148977342773495,0.0185971744171958,-0.010386128592462
2020-06-26,-0.0307257118622012,-0.0200157562152392,-0.0353004720421362,-0.0548181525634582,-0.0242805345355439,-0.0224027631536964,-0.0178090662504112,-0.0545138246803707,-0.013316695272925,-0.0186033299529723,-0.0225636563229963,-0.0343147582487136,-0.0110930416570292,-0.0179295669978576,-0.0122929342839521
2020-06-29,0.0230465639611508,0.0107470311435014,0.00491525828600547,0.00442799296804108,0.0111480742556,-0.00463814806806351,0.0212025331880155,0.0254158869275496,0.00892503591564742,0.0233681189055801,0.0210883946652534,0.0160476297243055,0.0215647716494052,0.0149170428021812,0.00855131859084723
2020-06-30,0.00834799408175457,0.0255493112040244,0.0323640804225911,0.0113978457251924,0.00935296636507577,0.0292644860241904,0.0178368746909798,0.0149441257323719,0.0114356349476838,0.00997978614909889,0.0162331482564246,0.00902544875667433,0.00392831374609059,0.0236921291741752,0.00810099779108064
2020-07-01,-0.0018915598502629,0.00584740646406012,0.00339564026208961,-0.00850538498744136,0.00315802636658602,0.0434533861955746,-0.00942085089122413,0.0168894771214283,-0.00177749995105259,-0.00347825392883871,0.00342908373736628,-0.0225849948956255,0.0125405673492109,0.0195007425878606,0.0253571860370994
2020-07-02,0,0.0076208920494889,0.00863056605889057,0.00324849431489427,0.00975313035039482,0.00402960948270126,0.00141062610941467,0.0193689663261551,0.00420252186152048,0.0131684141604353,0.00750129724063631,0.0084649141615889,0.0302182888086313,0.00420394520007039,0.000568427884962253
2020-07-06,0.0267499222630283,0.0215262484861525,0.0236158636784731,0.0252535624258927,0.0106811256406905,0.0576895522986907,0.00422512926968865,0.0202188539327468,0.0142586919984906,0.0133884536161213,0.00620414433852678,0.00703240766172164,0.0153215504708681,0.000104623273197157,0.00227285549636091
2020-07-07,-0.00310272369692777,-0.0116278679216737,0.00330303222315909,-0.0282105694304722,-0.0180013845355852,-0.0186193717294735,-0.00881582672126124,-0.00648823456663816,-0.000909647835161675,-0.0172291612386448,0.00485106212759656,-0.0259065065105653,-0.000534103939751507,-0.00763905822492028,-0.000971861652976247
2020-07-08,0.0232899513022904,0.0219927047285651,0.0348722162084012,0.0106154893777686,0.00447991568455541,0.0269955841812557,0.00735794381111043,0.00918168187883306,0.00294021627863961,0.00731121818319425,0.00548184665172102,-0.00231297740733338,-0.0134058160795262,0.0098069754905461,0.02654831511843
2020-07-09,0.00430026392025051,0.00700119560808821,0.0286804759655463,-0.0216507023702703,-0.0146614048490065,0.0329491913823652,-0.00485608503199042,0.0100157666494896,-0.00544424946685307,-0.0187309933799513,-0.00333622505345554,-0.0412609140032557,0.00194117132004612,0.00845834784947286,-0.00505379627751756
2020-07-10,0.00174932636644765,-0.00303296578275769,-0.00283085349192291,0.0546667379733945,0.00176888829822586,0.00545774880854455,0.00867065321184346,0.0134001090388103,-0.000842029762736063,0.0181341102712886,0.0115118880599048,0.031189753787626,0.0180219646136661,-0.0181215724168419,0.0301995470355494
2020-07-13,-0.00461312014881166,-0.0308889254552525,-0.0407472607173909,0.0143347557744549,-0.0183329939332512,-0.0300000190734864,-0.00195913011207183,-0.0174005866288459,0.019947991523112,0.0199988168476879,0.00129156482054937,0.000234439118107943,-0.000575351076429254,-0.0131826845835373,-0.0129431665120135
2020-07-14,0.0165484686293844,0.00618145738326192,0.0323063921290943,0.00573489574791819,0.0228017640434377,-0.00644329909576924,0.0327297877839872,0.00570655229794115,0.0186627344965595,0.0483263296978915,0.00838358538667405,0.0330520140546584,0.0323710243299618,-0.00203058067208584,0.0246253829398666
2020-07-15,0.00687713760263797,-0.00148779667833743,-0.0144309971674295,0.0154770481248716,0.0166553943853303,-0.0243612212612527,3.89404658274195e-05,-0.00261689319668534,0.00229828415805322,0.0108122705768212,-0.00471659497420385,0.0127070355271017,0.0193023880244079,0.00385512245921604,-0.0135210894828467
2020-07-16,-0.0123048699924156,-0.019803967318506,-0.00904454597624671,0.002807553941921,-0.0155177842059758,-0.00298119624137816,0.00108587198254217,-0.0012920265318862,0.00667756757106797,0.00144542845834161,0.00208830311040797,-0.00784212017989017,0.00530242759004018,-0.0174950043945942,0.0362161482582639
2020-07-17,-0.00202003778123483,-0.00509968670096794,0.00658598194436433,-0.0184982140605809,0.00821741195294123,-0.012643752761933,0.00891210584319668,0.00127397174749788,0.000670081562191838,-0.00458075268702995,0.00697367346685684,-0.0171638509583469,0.0155300840803791,0.0351789877605495,0.0260823572970696
2020-07-20,0.0210736606709738,0.0429807756720428,0.0303144496911802,-0.00876101422497388,0.0173252934570396,0.0792951995732853,-0.000806539539338069,0.0309785788281192,0.00167414277807154,-0.0165813873443152,-0.00310442093974528,-0.0234373884297709,-0.00939788028286204,-0.00639815790235043,-0.00381278712360855
2020-07-21,-0.0138017283170967,-0.0134687095886835,-0.0173391926694785,0.0216852004636587,-0.0100267880291512,-0.0183149004740151,0.00864834334722131,-0.00506443100824583,0.000935507441649275,0.00921040778161131,-0.00135755314792008,0.0505886344359627,0.0153126604802742,0.0337803896424833,0.00729051801567371
2020-07-22,0.00280948093101907,0.0143712958706061,0.0106741766591003,-0.00724251180005264,0.0121133666481048,-0.0122296300625397,0.0104793329147161,0.00573926996794905,0.0018032152176557,0.00816970227203306,0.00855534400614988,-0.0232926574098995,0.005491785603428,0.00459519195755798,0.0148009798128079
2020-07-23,-0.0455165323764105,-0.0434948259653239,-0.0296011098969023,0.00293832164458796,-0.0071911493250334,-0.0365687992017945,-0.00512891180039687,-0.0307378882779968,-0.00266656555473532,-0.00277377203110718,0.00646997496554813,0.00206396148579224,0.00260851116946825,0.00528556006540648,0.00196138830205617
2020-07-24,-0.00247728195518737,-0.00612221787936018,0.00639171276938333,-0.00707211494623572,-0.0115484543823922,0.0074868742889953,0.00568612270714741,-0.00563023823246389,-0.00995941601388706,0.00717369534781098,-0.00158541572516835,-0.00617844830528724,-0.00776466538604725,0.0102122102466264,-0.00256260469243719
2020-07-27,0.023700258936582,0.0126678228654096,0.0222673481787967,-0.0140413121015581,0.0090188063874812,0.015387648743417,0.00795262144749076,0.0140697047718235,-0.00634622175546085,0.0167903790760584,0.00285813874888774,0.0147362325649927,0.0114311336915323,0.0185166104635888,-0.00934877161711911
2020-07-28,-0.0164275747816164,-0.00897724074587947,-0.0197670708227771,0.00433391110861914,-0.000863090356438834,-0.0179627805026954,-0.00800215804684778,-0.0168560250116983,-0.00237802491563099,-0.0132962212928359,0.0123496650992538,-0.011799494895648,-0.0128006574654655,0.00766526466343276,0.00868095362377685
2020-07-29,0.0191684039156819,0.0100979316655803,0.0244725606074805,0.0242501079967283,0.00935223098510085,0.0110654742657794,-0.00233748714395488,0.0132078954792914,-0.00197503028270785,0.0181121589579523,0.00336246692941744,0.0110216658884132,0.00414435247589817,0.0354007545594746,0.00499886343003397
2020-07-30,0.0121001730824797,-0.000784168266162899,0.0141893625193736,-0.0266853687021128,-0.0227616737452695,0.00604903025279691,0.00623472221362897,0.00975383914158057,0.00204754459364609,-0.0270405273089575,0.0242382657136659,-0.0490572604406678,-0.0109926249961593,-0.0092303700536488,0.00319790685696586
2020-07-31,0.104688555611673,0.00544410638823689,7.07580290482124e-05,-0.00391676687098574,-0.0188600234881315,0.0369608215671373,-0.00307919832838932,-0.0327749613465973,-0.00735487731786333,-0.0281579669717891,-0.00228304202720664,0.00501553073651317,0.0127675584859011,0.00218632384295292,-0.00580866486317932
2020-08-03,0.0251976887800471,0.056240995493942,0.0372597345270684,-0.00558771635390398,0.00152291287063466,-0.0166809658956397,0.00259897518574359,-0.00348806404629298,0.0109082892186085,-0.00827792114192261,0.00129654185688954,0.0040398053756705,-0.0032638340018859,-0.0041736237751363,-0.0110795034635519
2020-08-04,0.00667816301650315,-0.0150086167799106,0.0197542365602039,-0.00572302297231342,0.00839049456831509,0.00865711925645885,0.00634936831625432,-0.00638013177059205,-0.000882424387859571,-0.00197319379874739,0.0190420274706189,0.0288758923392365,-0.00188285666934895,0.00581046144091779,0.0268744394283569
2020-08-05,0.00362465432309889,-0.00164140487728071,0.00525467579436278,0.0173729585249871,0.0198140882322857,0.0210906459090521,-0.00145614753395784,0.00393009246993481,0.00801503095150502,0.0262318323400716,-0.00261613369690739,0.00874155208815997,0.0181257709815621,-0.0065346381494813,-0.00445539210086632
2020-08-06,0.0348891867196035,0.0160140531687383,0.00431935176155918,0.00030853220992122,0.0136154035222924,0.00623086003921824,0.00706577710472622,0.0174835541988931,-0.00572746348126363,-0.00429718803477697,-0.0054704468390776,-0.00478871996958474,-0.00648478570538391,-0.000190767751691245,-0.00341811044993201
2020-08-07,-0.0227356066401193,-0.0178875126556979,-0.0119975271832989,0.0220075731216636,-0.0121244916401803,-0.0178418536518895,0.00842710735169283,-0.00437211459884024,0.00711630550484732,0.003943686467762,0.006329495400347,-0.00458321113943505,-0.00547316036502843,0.00181152211261115,0.0175737239389773
2020-08-10,0.0145345101092724,-0.0199078211389769,-0.00308042418180943,0.0126784432732716,0.00218982826276126,-0.00609318716698204,0.0113754647717037,-0.00103432071673148,-0.00383572010384947,0.0526239123214711,0.00411825555212153,0.0246316531886306,-0.00803066962142396,-0.0127531261892971,-0.014386100813368
2020-08-11,-0.0297396946551025,-0.0233853695585804,-0.0282134225219766,0.0315979173630039,0.00498001350146371,-0.0214379930924047,0.000691462303157087,-0.0108765005511935,-0.00716089970224965,0.0035909170120576,-0.00648770302943502,0.0103349985461365,0.00620538947047766,-0.0310422178159727,-0.0206249444131511
2020-08-12,0.0332342490502253,0.0285670700050273,0.0544007867091139,-0.00847634946219011,0.00490447795774029,0.0264780496058392,0.024225309766357,0.0180340903226666,0.0183029260314642,0.000280663199393683,0.0167379985006506,-0.000226877510910439,0.0154380119338104,0.0235796235719286,0.0244789728794943
2020-08-13,0.0176975738788061,-0.00234232983279381,0.00024062424804927,-0.00553692972323216,-0.0043335551323086,-0.00038583180821361,0.000284255704219305,0.00624298588996886,-0.0110917196214104,-0.0133269273500735,0.0023623793935641,-0.0244956138119692,0.00245342982732399,-0.00233284661172106,-0.000667581754718483
2020-08-14,-0.000891209776201607,0.000958167101013041,0.0105738555495392,0.000390524805056858,-0.00475752331885138,-0.00411255808295596,-0.00394110242430212,-0.00792538808573418,0.00162142347456462,-0.00504694922844307,-0.00500804487983209,0.00441799234211637,-0.00296894639845058,-0.00311755970024075,-0.0137131577429281
2020-08-17,-0.00261079236671402,0.00660627926058388,0.0668455602734099,-0.0263645471745803,0.0141883074085443,0.0109243122343301,0.027410749116584,0.00771607102728922,0.0050596090016084,-0.00885965291283108,0.0029606782068099,-0.0129632844263385,-0.000281887021743477,0.0184713696765353,0.00887718137611659
2020-08-18,0.00833281415381149,0.00575429822718321,-0.00618057196880173,-0.0139401722717392,-0.00210626191266972,0.0408746695593578,-0.0112408866937888,0.0260778952783882,0.00738309067916942,-0.00252352754583041,0.00745386599976894,-0.0049248195444942,-0.00623895251753703,-0.00537375093420434,0.000211541344225852
2020-08-19,0.00125460351681372,-0.00606679374581964,-0.00997094207628657,0.00233919048905862,0.00994956329980101,-0.0157011459074491,-0.00750867514525611,-0.00717960944580087,0.00199875242414049,-0.00252917528446084,-0.00542079506860715,-0.0110771930760016,0.00145823561845271,-0.0184274214168159,-0.00250799828198511
2020-08-20,0.0221896175352285,0.0232712608757895,0.000206000843283816,-0.0119737160394254,0.0157220216248586,0.0113142706422658,-0.00770718680508276,0.0204838970255321,0.00684882295773681,-0.00391270093713691,0.00795435070835904,-0.0152526892278659,-0.00780636842223892,0.00933750983907689,-0.000814655330013681
2020-08-21,0.0515325480127025,-0.00727003949182181,0.0446835749546035,-0.000513862366526618,-9.78416965078388e-05,-0.00383643525085375,0.00908552707674271,-0.000431165106429487,0.00884988676997134,0.00691026295472752,0.00431158800730524,-0.00750203171421215,-0.00411728885646012,0.00340861499767775,0.00106328930569788
2020-08-24,0.0119601904682691,0.00314519839221816,0.00289741857201897,0.0281548932568378,0.0111692578641027,0.00692301760508096,0.0124277853313637,0.00608007546102107,0.00263557730538611,0.0234776003838286,0.00778527380278926,0.0295048173799484,0.0188703308558698,-0.0100935643619791,0.0007789130529674
2020-08-25,-0.00820352282608705,0.0130095054243502,0.00233874579252347,0.00439734557903826,0.00818733331623944,0.0118005496459872,-0.00216203667927006,0.0130589175508788,-0.000591582101294397,-0.00374082821791677,0.00397071748250788,-0.0317387606241168,0.00470058152454134,-0.000195572963385571,-0.00466996752317761
2020-08-26,0.0135989080813308,0.0216197697978748,0.00180383026181419,-0.0140299306130163,0.0103798146540461,0.0284955613728457,0.0202702765748213,0.0238378328653353,0.00157864385972029,0.00481762145307019,-0.00481840282067436,-0.0212815747560227,0.0111961273923176,-0.00931579650316439,-0.00821180487097528
2020-08-27,-0.011954390535643,0.0245534214652259,-0.0113325247809103,0.0328994432437806,0.00366210469197781,-0.0121591515849883,-0.0113040266517642,-0.00949443879488887,0.00446427780228142,0.0108580846267339,-0.00130023094094955,-0.00674829444838543,-0.00771113680525259,0.00861127431495645,0.00461081004164177
2020-08-28,-0.00161987462675439,0.0102834298748871,0.0411379709233481,0.00410357116855953,0.0221771666911543,0.000529390222886006,-0.00810712145018977,0.00669925694764739,0.004314811122619,0.00181344436898634,0.00405161549534894,0.0239055395129166,0.010521134514907,0.00578996864843262,0.00240244476537743
2020-08-31,0.0339120951997871,-0.0147659200529678,0.017246169033788,-0.0251046575372808,-0.0172455279751065,0.0144512191511668,-0.00436633332695058,-0.00603848972267218,-0.00149728915002956,-0.00919042035820528,-0.00317039242108286,-0.0184324063516288,-0.01510451118068,-0.00614705706707519,-0.00135903740772436
2020-09-01,0.0398327429881513,0.00771536418791285,0.033693777426848,-0.000499043979770519,0.0064152257518626,0.0139554758329998,0.00315735707158327,0.0156793519309597,-0.0123195476811233,0.0262810284812252,-0.00108498029276927,-0.012768904251988,0.0288299942936687,-0.0035341780575826,-0.00730767317799164
2020-09-02,-0.0207186968668999,0.019272258214641,0.0380219336656229,0.0150788662076391,0.0146708062857612,0.00923947114212242,0.00970313267963152,0.0376475686333053,0.0152453272068582,0.0220468158715208,0.0168623139574455,-0.00608687012168851,0.0166149401481732,0.0303448382433966,0.0401620830870453
2020-09-03,-0.0800608292177714,-0.0619468413594005,-0.0927754475055126,-0.00314790279483312,-0.0347377532839981,-0.046284109159681,-0.0437668649864649,-0.0511705269245769,-0.0278228563440681,-0.0168150059168419,-0.0160131013926523,-0.00204117497576217,-0.0375824098563984,-0.0283994043280085,-0.026608137044439
2020-09-04,0.000661999348746445,-0.0140360683384553,-0.0301946722504116,0.0216122639383518,-0.0205780671554168,-0.0217873587995646,-0.0180972280603127,-0.0296408865683742,-0.00641941269963309,0.0096756163841949,-0.00216958155507918,-0.000767224383772303,-0.0109800714244594,-0.00836517714456253,-0.0116541568755656
2020-09-08,-0.0672950794866179,-0.0540955061552434,-0.0562093882534062,-0.0347756922326328,-0.0221829199624781,-0.0439443595298213,-0.00148334412421536,-0.036434114568619,-0.00895094028046051,0.00229438804034032,-0.0146419068068355,-0.0230298500898475,-0.0187727134598563,-0.0194522912687092,0.00212767705629013
2020-09-09,0.0398866386647561,0.0425833155526456,0.0673215226585013,0.00950772346798745,0.0196879810871751,0.0377066241814576,0.0288938765147677,0.0155093355074429,0.0165694706004227,0.0280771693265172,0.0162568240185315,-0.00602384250887311,0.0333263852651315,0.0220650088554548,0.0160483480336913
2020-09-10,-0.0326457729014042,-0.0280182318490252,-0.0317145210462088,-0.0103103661664913,-0.0123491953949897,-0.0286054510021445,-0.0156656051185404,-0.0136890916164991,-0.0186371995235326,-0.0185340560860949,-0.0104956369879255,-0.0250331000749691,-0.0153691492611868,-0.00960577894630565,-0.0193364354292055
2020-09-11,-0.0131288431393577,-0.00652479135550887,-0.0119598864588839,0.0124208842226623,-0.00426721435670963,-0.0185473174294997,0.01331099965336,-0.00674280926833448,0.00592208861826227,0.0264914256541671,0.0105338863383646,-0.00270242240204988,0.0116461189823343,0.00199951111844987,0.00447797721970433
2020-09-14,0.0300000597455332,0.00676361546533655,0.058181525236257,0.0138517463893268,0.0214272692429138,-0.00425198531420801,0.0156337149464729,-0.00457213123917055,0.00385682971738799,-0.00208025966198844,0.00354726649773274,-0.00650420792111917,0.00431729137066372,0.01736365978417,0.0135541376391526
2020-09-15,0.00156027617652632,0.0164062478641258,0.00922536410480879,-0.0311309789043779,0.00200000513280463,0.0171320044076346,0.0175662167417978,0.0174242934703821,0.00364017086848034,-0.0319852007946673,0,-0.0106382172217954,-0.00206988467851321,0.0076508016055985,0.048879253727828
2020-09-16,-0.0295136911072531,-0.017865813311692,-0.0366794315204052,0.00423055451835497,-0.00126566028550978,-0.024723344317984,-0.0138313945594469,-0.0150020088840438,-0.00329104146738834,0.0168909341641648,-0.00670851410066964,0.0424593831525077,-0.00753785667305185,-0.00107691373528751,-0.0519109055391551
2020-09-17,-0.0159637538958952,-0.0104363976704612,-0.00407525744759107,-0.0114341769381467,0.000682319235721707,-0.0225366679892504,-0.00592964580865141,-0.0165666519902863,-0.0082885710481686,0.0182651676622696,-0.00130726218545663,-0.000264555961871471,0.00622883662050855,-0.00921190391967519,-0.00296094149189519
2020-09-18,-0.0317200809324281,-0.0124194202536184,-0.0220042863474594,-0.00213086462545486,-0.012958254615309,-0.0178879087810678,-0.0170383049285694,-0.0241752199489434,0.0136578116664545,-0.00961854889945113,-0.00109072496016493,-0.0161376694842915,-0.0171333334921806,-0.0156284341076447,-0.0093012541781099
2020-09-21,0.0303260262796923,0.0107292960361232,0.0269089028548692,-0.0309098572647052,-0.0254679893417661,0.00188161318250812,-0.0103199671719001,-0.0144377640196742,-0.0273494362771469,-0.0463283718111945,-0.00480444307628769,-0.0204355512960277,-0.0311256838137299,-0.0298431014582949,-0.00259995691701997
2020-09-22,0.0157158115341252,0.024094006114425,0.00962688486277874,-0.0109120183245556,0.0157508756788354,0.0569233598477992,0.00352487693550163,0.0207531726685897,-0.00613368085773558,0.0125230256391076,0.00914350933122798,-0.0247050248170508,-0.000880539452567053,0.0273435374926452,0.0067338756612545
2020-09-23,-0.0419463078978891,-0.0329281760946838,-0.0406719041510464,-0.0162297443002201,-0.0258774264483738,-0.0412688916514208,-0.0247336816742441,-0.0345452772722208,0.0015948237916863,-0.0188243485986035,-0.0119602221391182,-0.0320853483096294,-0.0213238139110248,-0.0392177203746681,-0.0170824546022929
2020-09-24,0.0102688939233473,0.012961483019994,0.0184969706633158,-0.000862632260452245,0.00076781051121988,0.00664368178812058,-0.00318921582342058,0.00955733823676308,0.00159234666974806,0.0052638012572368,0.00447517612578685,-0.00203556157403628,0.00579014071792661,0.000629595108458059,0.0154767403060971
2020-09-25,0.0375163228386328,0.0227868090507617,0.0425774692445666,0.0087416325263121,0.00884815848104181,0.024948743073443,0.0107264147517272,0.0113855653142987,0.006843052415203,0.00530540610255126,0.00511239811067155,0.00932390748989143,-0.00746259954661577,0.0242237842849522,0.0154214160599699
2020-09-28,0.0238689734405584,0.00779503875013798,0.0125256817889303,0.02877927114685,0.0155639108256709,0.025498115680328,0.0140757820834911,0.0136199176054874,0.00995462485342902,0.0121305162946295,0.00283400516879961,0.0193417790365975,0.0184746511304514,0.0241632305153909,0.00823211812762636
2020-09-29,-0.00756816729595489,-0.010408704921857,0.0146335625124687,-0.0084236425688744,-0.00439283592370676,-0.00919012680555886,-0.000808061658439718,0.00504595555816523,-0.000339502044504392,-0.00182803749196425,-0.00543451906512282,-0.029170204589401,-0.00261558054905164,-0.00419894843492397,-0.00358955040184228
2020-09-30,0.0150760852742411,0.0148123811248315,0.0230421288320202,0.00964868041600897,0.00265727414108974,0.00122414604047716,0.0205802357148626,-0.000286745567054325,0.0123759962302536,0.011803579803483,0.0126040375707235,0.00145863846091809,0.00719027797034255,0.0101398559552859,-0.0196385710191587
2020-10-01,0.00846197931490478,0.0101269569429638,0.00620823580736762,0.00727128773301322,0.0169029700293029,0.0230347523173156,-0.000324320181991578,0.0152157478034129,-0.0104783603218681,-0.0163592015682821,0.00179856299120451,-0.0349547720822,-0.0228027347080179,0.0153049743972837,0.0187347645994325
2020-10-02,-0.0322801519575089,-0.0295115510469449,-0.040563444760404,0.00948721172239453,-0.00929452455351198,-0.0298827380233387,0.00608748835301975,-0.0217085535554334,-0.00733130191270026,0.0220162974764153,-0.00804380086377987,-0.0045276632068495,-0.00236336630532596,0.020164294640999,-0.00562330050047566
2020-10-05,0.0307909854803778,0.0203209945194633,0.04442207122953,0.021136666140122,0.0103243821224139,0.0237440429687501,0.00998879146767107,0.0187072312072352,0.013607898547791,0.0236759115960636,0.00919501518045873,0.0230442860646747,0.0126642722166053,0.00930732900126574,0.0239715470320012
2020-10-06,-0.0286696230224092,-0.0212471292275278,0.00689006989735508,-0.0102991841886854,-0.0151813894795739,-0.0310202888657681,-0.0199571833659071,-0.0214522232119901,-0.0132900950360795,-0.0127695006962104,0.00157833660639128,-0.0103734504295331,-0.0128036602672098,-0.0067497096019502,0.00823160657949806
2020-10-07,0.0169673711945595,0.0190371937878171,0.0165619520737901,0.0174456809407979,0.0100777021693861,0.0308810371069987,0.0228597597412399,0.00559599650522258,0.011076191926795,0.0213817876582447,0.00780756532479465,0.00329439324497516,0.0296019645240007,0.0122512054317954,0.0235633895020551
2020-10-08,-0.000955928442592513,0.0035745066242614,-0.00896966297705415,0.0205552387090755,0.00251885380814043,-0.00160844001754457,0.00611725316456169,0.0166468496169379,0.00682982394380338,0.0122119328104435,0.00675162740845514,0.0525372864520401,-0.00502214196449313,0.0102117862307549,0.0131935258557998
2020-10-09,0.017395865251784,0.0248362681442249,-0.0054918702166995,-0.00569855835553834,0.0180312474500328,0.0301202491412074,0.00492061385175857,0.0182143202041085,0.0139698700594268,0.0145533556175188,0.00896593355591824,-0.0147475931405283,0.0092113995565497,0.000655133937934593,0.00621194334660369
2020-10-12,0.0635205345096344,0.0259022929946251,0.0336597649185375,0.0122534352224277,-0.00116157261364025,0.0475499074022059,0.00346242102207373,0.0358436836506408,0.00576253048821562,0.0230907549023955,0.0109849142277356,-0.00316623254187809,0.00133385963876242,0.0129080598471987,0.00911129522517062
2020-10-13,-0.0265272332136323,0.00659445749598753,0.0015640902932712,-0.0162047871036656,-0.0100773567677942,0.000203336473200588,0.0120248223821069,0.00158520514578808,-0.0229185299991242,-0.00301338258593498,-0.00193776050785899,-0.0118396648978766,-0.0178142625981396,-0.0153291776580168,-0.0137403282033841
2020-10-14,0.000743290412873243,-0.0089742733178475,-0.0107381199860963,-0.00555657108109064,-0.0103759323995002,-0.0232080805474116,-0.0112619285763808,-0.00231658918489919,-0.00175222188867363,0.00919100312695287,-0.00117885428281306,-0.00204546064969291,-0.00474586836335666,-0.0243833550866486,-0.00275321279017504
2020-10-15,-0.00396085975503402,-0.00543325147870832,-0.00888600508961246,0.0149668933437428,-0.013105802898059,-0.00745014268923505,0.00156787911956036,-0.00509764986311256,-0.00614466536378666,0.00874007821561751,-0.00145772181003578,0.00878486002306156,-0.0223965204027307,0.00913218796849957,-0.00725097045338197
2020-10-16,-0.0140007343441544,0,-0.0113457763618151,-0.00206439366545108,0.00355812156425372,-0.019750480983334,0.000416740531175464,0.00786247355870162,0.00618265571420995,0.0224792685152222,0.00389348910667753,-0.0101596570100246,0.0151566038034101,-0.00685892219986184,0.0239228822071282
2020-10-19,-0.0255416939424348,-0.0247656272541109,-0.0227165369418566,-0.0168457917806811,-0.0164286531351023,-0.0200139574577285,-0.013661770425459,-0.0240797253949354,-0.0255235319408204,-0.00722960597228139,-0.0171755452666411,-0.0199413350522348,-0.0137720627100791,-0.0118931998562224,-0.0197972497677539
2020-10-20,0.0131917893771849,0.00200723274889469,0.0109462364506705,0.00571168428345326,0.00370597340659984,0.00305555433971127,0.00814165256121258,0.01381088058409,0.00159373299598364,0.00871503941250418,0.00401649812994087,0.00837813342919747,0.0146606715605984,0.00495061694344723,0.00480695917995022
2020-10-21,-0.00544619982605921,0.000698833070613691,-0.00884924534659381,-0.00996319255779199,0.00369253177908435,-0.0099688867749157,-0.0053491062787161,0.0225069346643441,-0.00428914871331143,-0.00940890032415753,0.00540406174805175,-0.0160238394218859,-0.00998991047321307,-0.00849995285884486,-0.0109971174861271
2020-10-22,-0.0095832260907539,0.000419126542078985,-0.0121073191247162,0.035322461769087,-0.00221729792844116,-0.0026812857408548,-0.0117747155454996,0.0130327678661877,0.00798981908026031,0.0135007225807446,-0.00708237030001846,0.0512667062402852,0.00991739131620539,0.00146119898475749,0.0154195463436457
2020-10-23,-0.00613397293325779,0.00623573132662969,0.0171580987889841,0.00903974590299406,0.00010080529095724,0.0088149718670294,0.00654459757097747,0.0163819218044294,0.00110264960871453,-0.000237585030761434,0.00657464410229691,-0.020080333081427,0.0045884667576539,0.00428024374981084,0.00264627946675833
2020-10-26,8.69079175713772e-05,-0.0284419735077922,-0.0330385398125066,-0.0247569568711374,-0.0249481633670082,0.000823890794994231,-0.0245933782351937,-0.0298166535264242,-0.00874377174993635,-0.0319707419561911,-0.00758546089990209,-0.0237120212209133,-0.0268067292994586,-0.0268307266595086,-0.00138549192364168
2020-10-27,0.0134724304827869,0.015089520180448,0.0194428590337448,-0.0188661315362605,-0.0155901721261745,0.024723687101579,0.00289773493313161,0.00920910049504453,-0.0056956788046868,-0.032414299372816,0.00750182291231738,-0.01589192482318,-0.0110531148471404,-0.0132378150642005,0.00155316511358006
2020-10-28,-0.0463122487987236,-0.0495663040564338,-0.0574578419296662,-0.0280881147199287,-0.0483532438165389,-0.0375950699837286,-0.0257192131786337,-0.055088466374107,-0.0334614893883141,-0.04274572163763,-0.0330151823050653,-0.0380868081384059,-0.0379651143817031,-0.0164413602754705,-0.0174190257377663
2020-10-29,0.0370503909840609,0.0100650024315252,0.0314404944455822,0.00652594201119649,0.0221151226635343,0.0152492358496374,-0.000333337031243164,0.0305003613941526,-0.00845609168685368,0.0232201714461229,-0.000653549659404895,0.044346166659279,0.0135079103407867,0.027381813602432,-0.00604337642047403
2020-10-30,-0.0560180793768199,-0.0109904828934261,-0.0376229739448081,0.0089531398822138,-0.0170928474679045,-0.0544564552314909,-0.0108296457365878,0.0380438535928684,-0.000583163380645124,0.0153878128347698,-0.00341630577677809,-0.0106158652637096,0.00227433312173075,-0.00978234037666492,-0.0108092574565259
2020-11-02,-0.00082679226368898,-0.00069158162030114,0.00372993655833564,0.0225419304816958,0.01667536500335,-0.0104309480406591,0.0151101004784242,0.00508039696504881,0.0115234754244362,0.0396051823047574,0.0102116533235272,0.041998915558153,0.0373968164047089,0.0269151467963793,0.026225600957257
2020-11-03,0.0153533678210469,0.0202640344217295,0.0348746811427671,0.0315211210915634,0.0194862129490614,0.014621516534147,0.0244885915636368,0.013137560451574,-0.00136987145615663,0.0270717379650831,0.0196389391672274,-0.0170639201090624,0.0241052403389883,0.0247374972899768,0.0118459226817491
2020-11-04,0.0408367305609922,0.0482488059148245,0.0595069561045638,-0.0305579017695802,0.0298929352935355,0.0632296629402453,0.019288247036735,0.0608815391670225,0.00649827534001601,-0.0743036424700518,-0.00410709078690952,-0.00538761839436086,0.00512598361704319,0.0136028732746867,-0.0355166435640214
2020-11-05,0.0354938691181383,0.0318867172131578,0.0265146235863265,0.0408977661304992,0.0189204215550791,0.0249417336989235,0.0110708982500778,0.0095369098767355,0.00258250233969082,0.0506347507232183,0.0123719599492487,-0.00180538058879853,0.0614989264102377,0.000661426589060765,0.0195035499736207
2020-11-06,-0.00113617687295742,0.00192584328488898,0.0283896752751185,-0.0133204359707072,0.00419970116208024,-0.00319993606190971,-0.00563213237747096,-0.00157159982254607,0.0178161255484273,-0.0110371050542089,0.00596965356268786,-0.0117578886999248,0.00224221108341816,-0.00935027400837829,0.0129766103088678
2020-11-09,-0.0199680510124397,-0.0238242706067759,-0.0639505803440791,0.135392248379349,0.071597537464178,-0.050622554477376,-0.0502043985236763,0.000960183167478812,0.0269243533581582,0.0590861563071763,-0.036584380017698,0.126601766025693,0.029282345876728,-0.0503383824365859,-0.00277366131404266
2020-11-10,-0.0030089346495823,-0.0337929014328219,-0.0631477078042973,-0.0032506394336056,0.00296241296604904,-0.0345829458053643,0.020743373176493,-0.0134549430594996,0.0150600457996273,0.00866391018211821,0.0164506348686306,0.0221854385952405,0.0170386061453036,0.00331294384084635,0.0063566392029959
2020-11-11,0.0303525526953288,0.0262548062322134,0.050743985972908,-0.0149332637311671,-0.00286002284431108,0.0337295933275643,0.00791075803983587,0.00547275342133524,-0.00323668267876598,-0.0164829775519317,0.0129046877655512,-0.0103096658445335,-0.00923523891325151,0.0208126642280186,0.0203978964328893
2020-11-12,-0.00234310360929768,-0.0051255757538935,0.0028879229765244,-0.0122841787085494,-0.0193990110878258,-0.0086409353539677,-0.00543666552710897,-0.00252408726870834,0.00338294400135575,-0.00194736320884326,0.000563086638011967,-0.034265123879619,-0.0175256917919486,0.00588106452381232,-0.0112203837507153
2020-11-13,0.00041927632115879,0.00496609210905152,-0.0118713596971896,0.00626261841297482,0.0106597372374886,0.00595765248142466,0.00336692157702512,0.0168922203512012,0.0107884735277337,0.0152545276241374,0.0149843119615962,0.0241272285816858,0.00780183697916104,0.00886775845800258,0.0067825282795928
2020-11-16,0.00872078503078089,0.00332571534523751,0.0164134815683474,0.0282257939954997,0.0105471544825502,0.000719045187581369,0.00865885125135923,0.000998678511045847,0.00633798239153216,0.00861920292455687,-0.0128226961789754,0.0576494609851503,-0.00622422569003933,-0.00260795779061485,0.00725480525916877
2020-11-17,-0.00756469213686317,-0.0127515581864766,-0.00688122748781839,-0.0101446766322359,-0.00935564175475789,0.00146922125717741,-0.0253962465757173,-0.00697292122201043,-0.00994363567295697,-0.00739065387507287,-0.00386170851342593,0.0133647049370789,-0.01299622745208,0.00910315309661369,-0.0146622238183119
2020-11-18,-0.0113913357890723,-0.0131836520171253,0.000484287655293958,-0.00740702689491779,-0.0136681032568182,-0.00963120822903818,-0.00968909473079005,-0.0119319131239765,-0.0132572983878619,0.00482819314383209,-0.0153652422918219,-0.0377551171794275,-0.00729720902770903,-0.0268711024746745,-0.0107038803396103
2020-11-19,0.0051684414263391,0.00634823759890102,0.000856572149066315,0.00268975496596746,-0.00125106342305659,0.00372249488525478,0.00407643019543902,0.0103007708631142,-0.0015607483630885,0.000926067193480762,-0.00121626623222559,0.00510615479258836,0.0110664310291495,-0.0139055956517865,-0.00870813240917911
2020-11-20,-0.0109575321109942,-0.00955657178450642,-0.0262270867212674,-0.00856680523074638,-0.0177770780803305,-0.00565281400717521,-0.00413366073777088,-0.0126183294121954,-0.00530122801132316,-0.00387484945191419,-0.00164849441859471,-0.0122996373675915,-0.00395132727570979,0.00280015020429891,0.00559041303636731
2020-11-23,-0.0297426603429298,-0.00133088995821207,0.003992296013829,0.0288032265002665,0.0209927070075777,-0.000325912056520883,0.00589300252950986,-0.00507945424321654,-0.010182354368456,0.0148056626885851,-0.00387639936849726,0.0655113975565469,0.000277510669466796,-0.00708081285739959,-0.0129717991151578
2020-11-24,0.0115939469961805,0.017847805812095,-0.0138700768247362,0.0462375268828696,0.00730193802788648,0.00634849249527525,0.0070376373141039,0.0210354562993529,0,0.0121296125641261,-0.0032431159187658,0.0665654467721915,0.0159435962411254,-0.00753310893838477,0.00549853326492378
2020-11-25,0.00746725484695676,4.68434019833541e-05,0.0213770566531444,-0.0104606693819651,0.00577084419510165,0.0214908910501339,0.00237804926239593,0.00013055708138987,-0.00132069047797378,-0.0128320377574112,0.00267489016354472,-0.0278705104964516,-0.0110086549671282,0.00202388916732632,0.0179550685254133
2020-11-27,0.00482649116462897,0.00635910550054208,0.00200226947057813,-0.00663761665536544,0.00052154344253097,0.00322444434075186,0.00740979096199901,0.0129750685990084,0.00222715431767129,0.00257681600365833,-0.000504450155385361,-0.0151921862956383,0.0161442582809195,0.0160590092318256,-0.0110567792406128
2020-11-30,0.0210996393879079,-0.0053896541422348,0.0105760140980742,-0.0275533649758655,-0.00308070747491374,-0.00854372622484711,0.00514537978498164,-0.0182537381839064,0.00472233325767335,-0.0085104799037381,0.00187534640664233,-0.0512566744765081,-0.00392348123628861,-0.00546699851722177,-0.0204980456854558
2020-12-01,0.0308274639926303,0.00999656195775978,-0.000858099174026794,0.0157787648557459,0.00404102606633217,0.0164265926136637,-0.00291974091934533,0.0233471729811394,0.019145719335979,-0.00190093470160435,0.00360084995741428,0.00970357182567905,0.00967161016675289,0.00149917126307098,0.00761000183708593
2020-12-02,0.00293340729342373,-0.00388519436075041,0.0115386099945096,0.0192084130176686,-0.00482974442464246,-0.0051396201395093,-0.0145403811854038,0.0164923433951949,0.0046797714325606,0.00352067419205504,-0.0072470155859603,0.0374025654430352,-0.0268940263419969,-0.0267462785474172,0.00215780514519537
2020-12-03,-0.00113737973963568,-0.00524653311071532,-0.0106717874746688,-0.00655535239476901,-0.0101338730270308,-0.00524419216434813,-0.0109183549126913,-0.00171497731947134,0.00580506527592162,0.00437117761074601,-0.0073722951897478,0.00676030227295965,-0.0191235403598662,-0.00430720593475664,-0.0129192523332398
2020-12-04,-0.00561263845338134,0.000560003262764175,0.012111803731218,0.00907292332327581,0.022254101803467,-0.00757832798344649,-0.0154771958058937,0.00105376911219501,0.00852373275904772,0.0434061963274113,0.000946923563498459,0.0365578355624399,0.0179528049719524,0.0160663045339515,-0.0113157218529889
2020-12-07,0.0122699406222275,-0.000326616383421241,0.00357702159731166,-0.00375983653460743,-0.000140776648529406,-0.00144820943300783,-0.00511369673874595,-0.00369001072001829,-0.00865148234336022,-0.0192086025363146,0.00152712050152193,-0.0187140425397758,-0.00335169421765547,-0.0114536155416889,0.0103422935677997
2020-12-08,0.00509084766385826,0.00802678367660037,-0.0188690916041112,0.000984456303122716,0.000564158952552019,0.00610834764992418,-0.00350281977528288,-0.00313720662972483,0.0173190121662423,0.000727252389833843,0.00268764483902673,0.0327629780931764,-0.00216170831473406,-0.00635684831414263,0.00559566188993821
2020-12-09,-0.0209036489500692,-0.0194896631929985,-0.0314045463638553,-0.00778688024416563,-0.0149926907163457,-0.0230038504154699,0.0147485664853861,-0.0184781863650133,0.0102274967714062,0.00687744365388232,-0.0118795142323748,0.0132575674321593,0.007622944683918,-0.00495308296857933,-0.000135809560247613
2020-12-10,0.0119888242235182,-0.00604384374559641,0.00320951012529491,-0.00644360650695519,-0.00939990442654559,-0.000873096448696709,-0.00289932255429215,-0.00574281318740733,-0.00555175164458521,-0.00677468064369591,-0.00659797378771387,0.0282708396855196,-0.000756310548316597,0.00777734400416419,-0.00529392513297344
2020-12-11,-0.00673468864595461,0.013015313989813,0.00316029907083504,-0.0059035459440564,-0.00659883038263465,0.00481385249693944,-0.00098204078288755,0.00404495752825085,0.00459784523835105,0.00245975324682801,0.00737948365268926,-0.00477128913947278,-0.00617671520284091,0.00195527178591415,0.00709641533040428
2020-12-14,-0.00514676831588123,0.00440786448870845,0.0227079278341835,-0.0105382951618693,0.00489719842556147,0.0130117015614648,0.00389361754245265,-0.0127001311960083,-0.0253680562087159,-0.00691574172391729,-0.0048345608849456,-0.0360731317273728,-0.00721720286484917,-0.00513496520812984,-0.00338767685352581
2020-12-15,0.0500904264741613,-0.000326785641842742,0.00388846852926994,0.0170750964946746,0.00535595804539213,0.00258159711598882,0.00903672035411685,0.00503359672414905,0.0100624039875832,0.0207239647808093,0.00588855020247991,0.0194220367585658,0.0163975332549138,0.0276659818265061,0.018490760100478
2020-12-16,-0.000547497615106751,0.0240509599495446,-0.00883207949488585,0.0029089922847414,-0.000432079289910958,0.0239612243786196,0.0060079159742068,-0.00220894170926988,-0.00597711839301784,-0.0123250396279105,0.00453731806664326,0.0153346805902637,-0.00607990378280487,0.00301349178873234,-0.00627427967536898
2020-12-17,0.00696352796122413,0.000638357094929987,0.00745701817864886,-0.00828733012959115,0.0139722973703151,-0.00150574699872263,0.0162468864140595,-0.00949237203667452,0.0263912654289038,-0.0018384406982952,0.00713909273976099,-0.00503435989577639,0.0259866473577925,0.0131964027535729,0.00832899042067914
2020-12-18,-0.0158508277502513,-0.00378269912375429,-0.00519079623248919,-0.00493006719633149,0.000615495703552016,-0.0106393944089143,-0.0128479745472659,-0.00821030938163414,0.00579330305288139,0.00999049215579295,0.0057145319425298,-0.0172494652349325,0.00405251275220353,-0.024955213407449,-0.00732741588024588
2020-12-21,0.0123953773958589,0.0182992558006871,0.00453981592998343,0.0375377250555924,-0.0108844692422995,0.00141490455732907,0.00199663271295014,0.00483147096129155,-0.00964295371812462,-0.00442084537192056,-0.0109320488108704,-0.0182540715392919,-0.0135832684285109,-0.00836141552797709,-0.0014763719843881
2020-12-22,0.0284644885207546,0.00606483565767046,-0.0040504366870312,-0.0152165095598956,-0.0151666008682948,0.000106034535848121,-0.00350555067725877,-0.00826724589694861,-0.00196035564350261,-0.0198714675986943,-0.00705374400198777,-0.0169247978187648,-0.00279325943624753,0.00411301019180943,0.00416667410885729
2020-12-23,-0.00697596119467025,-0.0130391455209201,-0.0202586004009877,0.0279445748553568,-0.00262351828285323,-0.00662712207192739,-0.000851772759391634,0.00465633442007096,-0.005107801991728,0.0104204264299403,-0.00153760384813273,0.0128518417224974,0.00647030766711287,-0.0149511852507482,-0.00508629314375553
2020-12-24,0.00771231150011698,0.00782718758423928,-0.00119171673969642,-0.00439782323528815,0.0165612441796925,-0.00394941582236275,0.00411401529851108,0.00343138788489572,0.00348835226253619,0.00638927420263702,0.0101215459384161,-0.0040706229661418,0.00595837204020655,0.010915744298456,0.00874464432399646
2020-12-28,0.0357656389514129,0.0099215522049303,-0.00721475204177346,0.00658547433004375,0.0188309543875438,0.0350711327167212,-0.00616449125381402,0.0229504439784987,0.0047220132691761,-0.00662730875450901,0.00697046716030858,0.00336578413591693,0.01324895099523,0.0100782144366613,0.00680188758051758
2020-12-29,-0.0133147023552924,-0.00360076438614465,0.00335262683369186,-0.00263292574225793,0.00818283374579387,0.0115836251310302,-0.0113649206080126,-0.00913197521621212,0.0062015281416461,-0.00964296504729245,-0.00187440038785625,-0.011260463330522,-0.0023073925968371,-0.00509053417221117,-0.00211944442390721
2020-12-30,-0.00852725970459278,-0.0110196023667571,0.0156450821880616,0.00279978555673743,0.0186129648999616,-0.010882060864285,-0.0034937468064562,-0.012237150024117,0.0123914210153426,0.0191909090935156,-0.00469607796875038,0.00799600845607418,0.00905870823477395,0.0112563307513334,0.00769971590164031
2020-12-31,-0.00770246776347394,0.00333835583448505,-0.00690323475920318,0.013640847428229,0.00169436199660633,-0.00880137062319541,0.00135737597787733,0.0094398822226065,0.00852297062257712,0.0109974641362167,0.00994405993149861,-0.00913439182698939,0.00664700622018755,0.00850040498301352,0.0163348081907337
2021-01-04,-0.0247189898571842,-0.0212659257368311,0.00448097765289912,-0.009443654509245,-0.00443468274116665,-0.0215847406203045,-0.0064003945884632,-0.0151259018192742,-0.00559153254638023,0.00071393476934678,-0.00948692823037511,0.00679281537716636,-0.0178360240680842,-0.0363233973120326,-0.0379777658022178
2021-01-05,0.012363526258488,0.000964492701098552,0.0222100567919614,0.00544134189342604,-0.0149247021835511,0.0100043583817542,0.0080707783259224,0.00806444272191364,0.0117571681123283,0.0081803397117417,0.00638528021232032,0.0481932534745346,0.0156871063454891,0.00156197357969101,0.00741040388118597
2021-01-06,-0.0336613920176206,-0.0259291813251434,-0.0589529526427118,0.0469558027038168,-0.00881070474878565,-0.0248966141477094,0.00571334508875698,-0.00986774021693504,0.00941015384243804,0.0556523138167058,0.0105263513408884,0.0255167117995763,0.0328300210368246,-0.0237032301994816,0.0489499138075158
2021-01-07,0.0341234318647796,0.0284568332628243,0.0578303972900844,0.0328390659558735,0.00559687008878607,0.00757712777440034,-0.00489581736707811,0.0298687440403733,0.00337853891525164,0.00190866303623549,-0.009346313609773,0.00784590415840936,-0.00287287260502733,0.0150143755669165,0.01096525907719
2021-01-08,0.00863116599647018,0.00609288694487353,-0.00503965801530404,0.00110403422177763,0.00767022877577173,0.00649551437467322,0.0106283451460594,0.0132385530110761,-0.00205805110394175,0.000154203224377314,-0.000432220036791553,0.0111210275312674,-0.00118207584643115,0.0134284801311519,0.0232058310386496
2021-01-11,-0.0232489352688957,-0.0096985442455868,0.0259660576156289,0.0149245198544943,-0.0118821337721164,-0.0215194622800056,0.00795321233304813,-0.0231054278322952,-0.00418622854753281,-0.00205891271505054,-0.00677305915040249,0.0303564202223787,-0.0106140263196444,-0.020082870912461,-0.0177490530402301
2021-01-12,-0.00139548747497742,-0.0117707161329595,-0.0100391481386425,0.0157187870609921,-0.0189298758021064,0.00212579705140103,0.0188026025383285,-0.0107387351292971,-0.00778049946933557,0.0189827320687701,-0.00580337378165341,0.0222031424907303,-0.00340120625531637,0.000528405191606796,0.000752735879754329
2021-01-13,0.0162264572525839,0.00656034825710994,0.00348540891104543,0.000927054630597723,0.00234636002115907,0.0144384068741727,-0.00825075283905796,0.00565231719471004,-0.00151762783095966,-0.00835282705218221,0.00153218771163277,0.0112782668884892,0.00416298773527157,0.00739084899403397,0.0262068541088505
2021-01-14,-0.0151270265189485,-0.0153461374756022,-0.0244980853974917,0.00584255727569616,-0.035777530606797,-0.0121355451731774,-0.0208355287406014,-0.00934624508632931,0.0174803222863329,0.00770834584846747,-0.0106367216192518,0.0390334066232723,-0.0150897139480828,0.000943241676655715,0.00843105516411735
2021-01-15,-0.0137304254838316,-0.00173703517199475,-0.0258137276082619,-0.0179216795149869,-0.00133781964730795,-0.00742460012564283,0.0270179550748093,-0.00190640937823128,-0.00217838386454172,-0.0140829807862706,-0.00751081746461613,-0.0481018271551382,-0.021237138086292,0.0228271648057399,-0.00593714562725778
2021-01-19,0.00542716661551723,0.0178227604997416,0.0128891187815035,-0.00432771379762953,0.000347338932920049,0.00531851829422836,-0.00870842485744794,0.0329064236533863,0.015470603534472,0.00242769464780301,-0.00875500504750903,0.0198372825669735,0.00368093598987995,0.0033785747056474,0.00938583202301135
2021-01-20,0.0328560636464506,0.0364996548956573,0.0261416325418575,-0.0149956451112612,0.0215708697160102,0.0457004846223967,0.00406285746035917,0.0535733708272146,-0.00245716214130343,-0.00886322927273198,-0.0125000661568181,0.0141277436494025,-0.00633112248640955,0.0237730533390081,0.0149738471723151
2021-01-21,0.0366583001434262,0.00280827923061078,0.0375399257337423,-0.00838439812699909,-0.00422297029742746,0.0133634215506249,0.0173169538734348,0.00216991488876728,-0.00400297144114892,-0.000779798137844456,-0.000983743577093743,-0.0286696862990836,-0.0163171749584713,0.000896897386910567,-0.00404497366487722
2021-01-22,0.0160736943245463,0.00435612189202716,-0.0111772048202132,-0.00771304989134647,-0.0152092355204998,-0.00446331304512726,0.0177386698269391,0.00446361305510146,0.0112531017520527,-0.00130059044744102,-0.00770931003750674,-0.0141340990272633,-0.0067928888159714,0.00786608585764692,0.00597272459999276
2021-01-25,0.0276838399421342,0.0158442201392364,-0.00432071691729807,-0.0124827021415674,-0.00514785912691562,0.000537635455167385,0.00380286628676441,0.000908989686613459,0.0148583326713629,-0.0239660013182084,0.0172309147071548,-0.0111743726517416,0.00652138359771137,0.0146215959286811,0.0315877623116989
2021-01-26,0.00167953407665977,0.0121988902912125,-0.0159670069392006,-0.00408671161627927,0.00512476020750574,0.00975413708210993,-0.00869915048748338,0.00721644102429986,0.0271115742200219,-0.000693934096251514,0.00642759504981893,-0.0219617618745349,0.010785418397681,0.0326194211419588,-0.0188786172534919
2021-01-27,-0.00768367648302037,0.00245339712983261,-0.0385178576665092,-0.0282719874159993,-0.0348496798975673,-0.0281258122831293,-0.0302550389183676,-0.0466522133437063,-0.0152512174568697,-0.0351476210309812,-0.0353895836632566,-0.0113362313193607,-0.050576431149475,-0.0261197438031119,-0.0591341825660902
2021-01-28,-0.0349855088658966,0.0258907047931669,0.0103152134203965,0.0175974934921332,0.0166692464766816,0.00155911937086151,0.0145957743314953,0.018835320180203,0.0076245413427547,0.0205392699621567,0.0154231110979717,0.0156560095610758,0.0272939038512399,0.00116170634852164,0.0283077347990002
2021-01-29,-0.0374209075912662,-0.0291715220231469,-0.00469322495661317,-0.0110675713805412,-0.0250731040231202,-0.00970465451469515,-0.0260022471265412,-0.0139436321536329,-0.0356468066364973,-0.0081373080542313,-0.0164930717021742,-0.0264871802080869,-0.0165903599080495,-0.00193410295267415,-0.0192820989065581
2021-02-01,0.0165205043350825,0.0331521683637919,0.0190343251910308,0.00738311690783733,0.0264424253017033,0.0426299029247457,-0.00276942441526695,0.035958992158917,-0.00257447361375429,0.010282547078091,0.00592794045252654,0.00178421111196991,0.0204970936620343,0.026259512454591,0.0102631561938531
2021-02-02,0.00633648173290435,-0.000583963968788792,0.0241556703908228,0.0307825000301987,0.0214257955482215,0.0111042145622551,0.00773871850650232,0.013760712414195,-0.00897290456956079,0.0421175769362807,-0.00139559388252075,0.0158057702767957,0.0072674250905691,0.00915870437454736,0.0150551931578897
2021-02-03,-0.00777810521947631,0.0145712816909558,-0.00193617372418087,0.0114512472546049,-0.00616979502155246,-0.019961565909301,0.00738534928488721,0.0728250832838895,-0.00465141846042716,-0.00545439809646997,0.00124214789466204,0.0392286223253746,-0.0084044201586958,-0.0078592916407263,0.00144697517024794
2021-02-04,0.0257575250845932,-0.00407400272974379,0.00988498431166285,0.0230128556228899,0.0391838590566174,0.00557584514732978,0.0169603499330233,-0.00254992372374752,0.00928351336299049,0.00104430081056339,0.000620678162089439,0.0191901261738121,-0.00379794436929348,0.00348937095689039,-0.000602168532091274
2021-02-05,-0.00309787188476773,0.000784845946623536,-0.00536077455001838,-0.00195278479677563,-0.00229413959495983,0.00634941517748788,0.00014336533643422,0.0171402858487011,0.0151864225483624,0.0070440647055694,0.00418503828386729,0.0335196658918817,0.0328676686031926,0.00272546354235059,0.00722920218123813
2021-02-08,0.00109684518726749,0.00111486395858185,0.0623759041702123,0.0156544298726717,-0.00900499285373701,-0.00871378077396656,0.00419577134144955,-0.00206329954332196,0.00285764397213928,0.023057251648348,-0.00308718402979968,0.0430430626022855,-0.000116371478287247,0.00356149215530488,-0.00239240331409751
2021-02-09,-0.006573975247262,0.0053615972855412,-0.0121547501252123,-0.00399570718636821,-0.00178829754519927,-0.00539885256244832,-0.0116415220154357,-0.00437987812898577,0.00818593609692786,-0.000861086225741881,-0.00387096431922163,-0.0117119031202896,-0.00668379806287589,0.00317502667423519,0.00515564119669087
2021-02-10,-0.00455812012796242,-0.00389727593108791,0.035125204444497,0.000572845649775999,-0.000387526606807631,-0.00557340544038387,0.00693721424726701,0.00534362250029141,0.00324746581589475,0.0022305043474915,-0.00349729014637479,0.00967795237141078,-0.0113449644145343,0.000930861179737397,0.000954716488621665
2021-02-11,-0.00192064487486077,0.00687766194950679,0.0329511444759325,-0.00279256602602018,0.022025873651121,-0.00743927391007815,-0.00584906358999771,0.00108799773201529,-0.00449595383438428,0.00318627174099806,0.000858000034944961,-0.0250392025976878,0.00154321269954094,0.00223220464707663,0.000476691778064531
2021-02-12,0.00177614488640887,0.00204500918398476,-0.0189826868819297,0.014217109043162,-0.00332283911159303,0.00477596949785908,0.00162421804118229,0.00300653357622771,0.00313136741686182,-0.00181511314103644,-0.00553264899591821,0.013643724392127,-0.00169895618402116,-0.000835140019299407,-0.00976789470373929
2021-02-16,-0.0161039678331054,-0.00526549055534598,0.0246637320076795,0.0240707679848016,-0.00981138256625858,-0.00267261926930096,-0.007639118030773,0.00747976003946893,-0.00906482673863196,0.0221728916392323,0.00235073225375104,0.0300873112488813,-0.0100522374737617,-0.0101235805485032,-0.0233369634708136
2021-02-17,-0.0176436784114833,0.00435964160449531,-0.0276739665157849,0.0031109423291944,-0.00187599863808352,0.0121415891695946,0.0200804494282301,0.00375214407450897,0.00357409408612686,-0.000395243436515091,0.00422149084023848,0.0155648436044478,-0.00343786123895939,-0.00703685885296246,-0.00628141128469517
2021-02-18,-0.00863693034103674,-0.00167888156856366,-0.00516583528710268,0.00337685112370312,0.00886710410679314,0.00592081427429814,0.00758199325026765,-0.0060464404082331,0.000483600933760764,-0.0117644490246502,0.00832931818920124,-0.0157049762261765,0.00260729328118448,-0.000472633724272864,0.00061996709101364
2021-02-19,0.00123347387599249,-0.0115673374886731,0.00657518402790425,0.0166907480546887,-0.0220681961158912,-0.0235350557457474,-0.0120471194143245,-0.00807282749612648,-0.016653039730453,0.049969578278412,-0.0186056051494915,0.00672834163171743,0.00380098349795643,-0.00453759273809939,-0.0325778174152855
2021-02-22,-0.0297988045650647,-0.0268082504539038,-0.038237471585443,0.00939070287913002,0.0175352580242527,-0.0212806096041119,-0.0135528808128844,-0.0165406962188069,-0.000616990607751666,0.0388263963299345,-0.00424819558120759,0.0368530431948464,0.000757620878272913,-0.0055080477107996,-0.0384124347060754
2021-02-23,-0.0011111074436102,-0.00528758381528083,-0.0148895163736736,0.00803163006120378,0.0181932490966963,0.00432605952670961,-0.0312129249524593,0.00285275170112298,-0.00883476529075211,0.00972199492085735,0.00742601161292966,0.0138123473713931,0.0301508301051521,-0.001623375241949,-0.00519317972698141
2021-02-24,-0.00405209465461676,0.00548694187914123,0.0252439934342206,0.0175951498633362,0.0345103960440178,-0.0109469686765182,-0.0272040198032876,0.0114993038700637,0.0134008226547868,0.0104006571726474,0.00109798834645591,0.0299725351542541,-0.0155814892038485,-0.0125301250003729,-0.0127156735689087
2021-02-25,-0.0347826985148477,-0.0237047462656839,-0.0821782635782472,-0.0135717428861528,-0.0258853747534866,-0.0324003868195452,-0.0181559356714689,-0.0325654021358053,0.00104587828379832,-0.00292170268595249,-0.00845997185400282,-0.0165782381674247,-0.0298888174199984,-0.0179191715887564,0.00933517098906123
2021-02-26,0.002231605324436,0.0148039227512167,0.0305843956206706,-0.026524767987258,-0.00636253907347262,0.0117003879732098,0.0121057515962553,0.00295640127620933,-0.0264195989769285,-0.0267786340869113,-0.0240955309141604,-0.0249285243100464,-0.0110527849710628,-0.0228820144427412,-0.00783121605302906
2021-03-01,0.0538512337971404,0.0196230747054018,0.00927839663267149,0.0226268451689586,0.0199635021858582,0.0172037983947173,0.0126965054243333,0.0236164629191506,0.00542744156416486,0.0179729318479269,0.00615259464550943,0.0373367768297945,0.0295576268380788,0.00363375969459079,0.0330703603303437
2021-03-02,-0.0208935636294437,-0.0129568750615735,-0.0314624296251256,-0.00325568873718618,-0.00397002923215095,-0.0164042621050254,-0.0050836926665202,-0.00250285188018673,-0.00188298515794805,-0.017928578524649,-0.00313789113103968,-0.00585105597075819,0.010020099942988,-0.0034194885393718,-0.00487434216407556
2021-03-03,-0.024456610019185,-0.0269805849621081,-0.044867517953993,0.0193316913086983,-0.0042639017079692,-0.0289317047982299,-0.0112568582018916,-0.0257062902521182,-0.0176079437389225,-0.00421637320781765,-0.00597254892311672,0.00802577760470391,-0.0254319458619057,-0.0300736848400422,-0.0399787201400924
2021-03-04,-0.0158119774058952,-0.0036476371817632,-0.0339325019715011,-0.01536803483078,-0.0155922714586426,-0.00912815798538891,-0.0249843362951083,0.011196209323785,-0.0201636845636051,-0.00995795312101588,-0.00820090081221481,0.0387472674635501,-0.00434101983619162,-0.00488992091603657,-0.0169607797386936
2021-03-05,0.0107385239476041,0.0214792747817933,0.0073765300482147,0.00232448159586895,0.0184871048708954,0.00768748191664548,0.0103215816081164,0.0310432810862229,0.0197950027050882,0.0347326913914987,0.0313550635034527,0.0378129707374208,0.00904565296538462,0.0180881316918777,-0.00827611638718639
2021-03-08,-0.041673538721162,-0.0181778096828227,-0.0696746280395157,0.0132526104987987,0.0225616353410016,-0.0161674637483857,0.0217340750098702,-0.042712060170064,0.00832749780847841,0.00644981612981899,0.0105572455718461,-0.000984707301978083,0.0243903021934251,-0.0145834427753532,0.00226306853520142
2021-03-09,0.040649375198478,0.0281013777410035,0.0803330474067585,-0.00706260307566631,0.000408516125420144,0.037568373660569,0.0228931852129419,0.0163686656708362,0.00190618036162582,-0.0215724861348749,-0.0088759605560097,-0.0154425179271322,0.0341375666889341,0.0247003656444658,0.0445945894684856
2021-03-10,-0.00916660148502679,-0.00581727459486625,-0.00415336101475305,0.0217345365392092,0.0127519368104327,-0.00170101731237471,0.0111275038977268,-0.00204376361436398,0.00919462537011628,0.0196493327444105,0.00919315598174819,0.0307021901924722,0.012579023884842,-0.00610228395161316,0.00594462989621758
2021-03-11,0.0165027827402413,0.0202650247789657,0.0421270838718077,-0.00522112121598961,0.0133529235366081,0.0182984297766056,0.00980339058271373,0.0316032194053979,-6.27141921212271e-05,-0.00588067802831971,-0.00337678967645083,-0.00744706264687978,0.00651265214749741,0.0188291577595237,0.00537203610678638
2021-03-12,-0.00762521997497256,-0.00581959249790209,-0.0105822333911652,0.0118580964423443,-0.0079150239987632,-0.00774027278504763,0.0158077391705136,-0.024060635038434,0.00289039047836193,0.0420458974300191,0.00969201323392754,0.010765027789732,0.00422619761685783,0.0173764859949033,0.0108201639541501
2021-03-15,0.0244565518665976,-0.00398741197958719,0.0260774201665839,-0.00499509957036659,-0.00485830475722293,-0.00252794424456582,0.0199198668617024,0.00216602629904283,0.00513785650611731,0.00759810500223668,0.0032776836952273,-0.025496130786115,0.00186253398302516,0.0147102010164224,-0.00198247520799566
2021-03-16,0.0127431482130183,0.0123505168532938,0.00758089492727221,-0.0119711799006504,0.00640472801580572,0.00330341039145288,0.0127086948725814,0.0143347859015779,0.00592175249333016,-0.0185488460393812,0.00295583179674908,-0.0211953188325175,0.00665419096261144,0.0141079154043555,-0.0018536122449504
2021-03-17,-0.00645075535754336,-0.00281853612502503,0.00376174843437127,0.0102923755348385,-0.00747666221881538,0.0141888485972383,-0.00726724267194467,-0.00080143397694199,-0.00371790947877626,0.0316610992272328,-0.00403308477259245,0.00439828848967738,-0.00457952776059811,-0.020435679015565,-0.0321037537426944
2021-03-18,-0.0339050468235883,-0.0266621995489504,-0.0463786859691939,0.0165065285349084,-0.0105818789945266,-0.0343587837075043,0.0111770756214256,-0.0292378517214357,-0.00186622335669007,-0.0126268779839319,0.00218038131599774,-0.043119479247795,-0.00612121870821747,0.0063071735982676,-0.0250825125961258
2021-03-19,-0.00448030931497689,-0.00160368952393664,0.00968732786944382,-0.0159213368884975,-0.0623583623039777,0.0155119098563432,0.0209779496127995,0.00278025259352699,-0.00267972964313545,-0.0233654296824665,-0.0053611707907939,-0.00563280883291406,0.00455418670919761,-0.0169425138256054,-0.00407714725325947
2021-03-22,0.0283358380648562,0.0244844237163913,0.0265068773862873,-0.0268790643951179,0.0053166055299918,0.011678211724083,-0.000553499604759922,0.00184007930283547,0.00287447011563136,0.00324025634611069,0.0169515767575079,-0.0102672479505863,0.00460757904449216,0.0325763660772138,0.0119991129830115
2021-03-23,-0.00688880840505601,0.00673773013180812,-0.00875908547095694,-0.0100019085356039,0.00072104988898114,0.00856028807599674,0.00359919480076343,0.00523967249960844,-0.000934792160891318,-0.0343774947141039,0.0185896456459309,-0.0123411470960871,-0.00917313649040175,0.0149540516819464,0.0325006237223986
2021-03-24,-0.0199935028271923,-0.0089233367230992,-0.0327257861945995,0.00776125028384689,-0.000384277763572083,-0.016073304438496,0.00955238850447349,-0.00431083434532209,0.00972914062746599,0.0136540392933464,-0.000301332781375785,0.0202825792956949,0.00705551787034753,-0.0131177074739447,-0.0160764204443643
2021-03-25,0.00416353999306307,-0.013250760952646,-0.00852235217859976,0.012813881916413,-0.000480818290862439,-0.0132196342896708,0.0151324273447837,-3.44831976640814e-05,0.000370419202215588,0.0136510149027198,0.00694009967922371,-0.00283989874514978,0.0133817985211317,0.00587548346040778,0.00851302574073554
2021-03-26,0.0051413624135368,0.017818715107198,0.0242514133050464,0.0166501719616008,0.0267348180329634,0.00189411224320613,0.0223095457570572,-0.00380328680922182,0.0182750690098492,0.0234111115046955,0.0147587245933438,0.0272337429888836,0.0293364139157815,0.0225028594369732,0.00830462228267903
2021-03-29,0.00148512300366188,-0.0052436040406485,0.00848963555872673,-0.0155393716006673,0.00458952263427159,0.0077653073345858,-0.00529925833423572,0.0104014738064979,0.00673023755901547,0.00313742369474568,0.0156514616718078,-0.00537176945691664,-0.00142130017651743,-9.34726482194614e-05,0.00999244604778848
2021-03-30,-0.0122744331545381,-0.0144107420879582,-0.00590799294533983,0.0117890780759446,-0.012167452837877,-0.00664559750249838,0.00866991103091563,0.000332431939548794,-0.00620370817029436,0.0124227616845725,-0.015410268445875,-0.0123691338816951,-0.00619234496934717,-9.35643332761193e-05,-0.00775420853205644
2021-03-31,0.0187654867508578,0.0169075535207073,0.037018998802371,-0.0145648703643642,-0.000802129772672133,0.0126960056430687,0.00141032824606291,0.0078426360385957,-0.00399967840699966,-0.00519128250162626,-0.000147625927315875,-0.0151702660077596,0.00315108092566407,-0.00711885474503493,0.0187279156978408
2021-04-01,0.00695880504077961,0.0279085673731201,0.0347237607097275,0.00972226499814521,0.0242289788320698,0.0216284544311041,0.00819012284782961,0.0326105018992091,-0.00924834816191988,0.00375221041523388,-0.00849136591659982,0.0279419711002609,0.0024986974824881,0.0235849781751623,0.00211610868651246
2021-04-05,0.0235771846826516,0.0277283412603784,0.0127245536505656,0.00530099441447085,0.0100525812784149,0.0207940459346985,0.0248579727998322,0.0418729423064683,0.0036847903146644,0.0041677367001185,0.0161601133198226,-0.0155078730747614,0.0162371706132818,-0.00119824810902491,0.0133300269773524
2021-04-06,0.00246213446858001,-0.00485797118692244,-0.00900791534096912,-0.00703057177908106,-0.00178044337603811,-0.000901890214727641,-0.00513648447541737,-0.00437136786674608,-0.000244939191183402,-0.0131361218019654,0.000366231286260454,-0.00283185655926077,-0.00452003827182323,0.00876644940207361,0.0101587569046948
2021-04-07,0.0133906277356868,0.00823051417555809,0.020343953004003,0.0156678697562078,0.00283537201637762,0.017237336556412,-0.00417464044519089,0.0134750537786152,0.00134640865301527,-0.000997119973250915,0.00175865685061005,0.00443712886128833,-0.00971439965901233,0.00283559128016386,-0.00193382498400974
2021-04-08,0.0192335973747726,0.0134054370676071,0.0122670722446649,0.00122651439897137,0.00652178387868885,0.00607124295254802,0.00627236249167784,0.00509136560669532,-0.00391167703329109,0.000303793209536662,0.00380238446211845,-0.0104255606580519,0.00302109154534946,-0.0108545149566857,0.00452134266367343
2021-04-09,0.0202518297436527,0.0102663507744243,0.00579730302087578,0.00747822341207849,0.00824643354602905,0.0220956224252267,0.0152657616768672,0.00899393664270076,-0.0105537248289931,0.00117159489703722,-0.00648375170465876,-0.00232144249951027,0.00921307673629679,0.00986708586080587,0.00231475709784035
2021-04-12,-0.0132331048519182,0.000234580248942073,0.0561805895356435,-0.00211155472481239,-0.00471871174291372,0.00213212187302747,0.00488672290805403,-0.0114723128211411,0.00241829538425753,0.000780052206293069,0.0040330976602081,-0.00662256927365834,0.00221225119822566,0.00301336089656967,-0.00384901895246081
2021-04-13,0.0243062963086975,0.010081652714734,0.0309358602403478,-0.0119271911497741,-0.00203187244706327,0.00609874760522455,-0.00121552153685733,0.00437025702521798,-0.0133628625545281,-0.00684198997820062,-0.0132192117559657,0.00378358612772245,0.00301304227071597,0.00855801609414342,0.0180319082037537
2021-04-14,-0.017853002550429,-0.0112190973578535,-0.0256706604740192,-0.0186901098920944,0.00434353456833247,-0.0197059182559742,-0.00118608697475941,-0.00555339754081974,0.00275894831896806,0.0140834478738376,0.0036265864446221,0.0288998076472204,-0.00433118646049424,-0.0101102715597547,0.00113830107143476
2021-04-15,0.018707914799251,0.0152979601178955,0.0563104720681309,0.00634854106969862,0.019371236668976,0.0138284097145704,0.00849937453615168,0.0193317493111387,0.00293870519729489,-0.00025821219106692,0.0120942016548595,-0.00593167971232733,0.0102436497411404,0.0246216362699387,0.0132695344319611
2021-04-16,-0.00252798106902152,0.00477838731412406,-0.0139275861954297,0.00742604386525048,0.000574515624682803,0.00602234235457932,0.0165457712223476,-0.00109393415566572,0.0115344650955342,0.00361250974053018,7.29782714239402e-05,-0.00561616676488963,0.00691068472354472,0.00177984371331164,0.0094789141725149
2021-04-19,0.00506865892683028,-0.00767055245123338,-0.0346112344767374,-0.00424019601447667,-0.00273847292282514,-0.00806900981526193,-0.00374902535261989,0.00307081022369871,0.0027736433170007,-0.0041564487421698,-0.00466284322569099,-0.00317675010235119,-0.00520802267726017,-0.0027540490886846,-0.0142080624793259
2021-04-20,-0.0128299912101664,-0.00185487885467106,-0.0124007981374381,-0.0221419980868344,-0.011116649755111,-0.0110675672764915,-0.00884239449348734,-0.00469480662370902,0.0232960341636452,-0.0204827226371899,0.00834470355867478,-0.0210693583573011,-0.0090483352244114,0.0222717050818062,0.00927418660061941
2021-04-21,0.00292978421771961,0.00898313429750219,0.0124742705103857,0.0085080115496996,0.0186762183569003,0.00819566963347684,0.0061433530430417,-0.000289626126128595,0.000660548978927977,0.0212185409454178,-0.00653352202566737,0.0128415917772087,0.0214459368290525,-0.000348462093614277,-0.0317894069162715
2021-04-22,-0.0116851377457411,-0.0130860861449049,-0.0332183974804986,-0.0210574327649716,0.000527610313771909,-0.015758395892333,-0.0137754056218121,-0.0113372291726713,-0.00846366708303958,-0.0153576149218519,-0.00992764898390863,-0.0130360754455019,-0.0111997601756699,-0.000261649986898149,0.00448909577883039
2021-04-23,0.0180386187021402,0.0154758377763169,0.0279455839519351,0.019135449297857,0.0106780033870488,0.00962218974677076,0.00755937337910773,0.0210475768048699,0.0020583126953726,0.00987464625052881,-0.00512558018355391,0.00542807729817874,0.0100450082974759,0.00165695821671252,-0.00102172493274399
2021-04-26,0.00297758526994962,0.00153182434624322,0.0139367437282329,0.00246339816240426,0.00147842570188761,0.0203897803642072,-0.012041036127755,0.0043480083778813,-0.00845818536247878,0.00195540025111995,-0.0200087831515742,0.00197934205473826,-0.00713338550252685,0.00304684057689442,-0.00396221969007815
2021-04-27,-0.00244929664704396,0.00160584869310987,-0.00621843528539323,0.00458304671242216,-0.0018670377927501,0.00247291755124235,0.00187481741010953,-0.00820363861204398,-0.0057274343760334,-0.000954111016233328,-0.000609669435728932,0.0131107475355865,0.00238310557132704,-0.00321122114950922,-0.00834034855512067
2021-04-28,-0.00602750975350907,-0.0282855431985336,-0.00682619584114896,0.00647932865563239,0.0153973110403376,0.0120177867315698,-0.0027447903895873,0.0297078313714765,-0.007353991115569,0.00850911872744997,0.001677131268363,0.0301366816229838,-0.0105781572597626,0.00217670481683463,-0.00245879626065904
2021-04-29,-0.00074828542888894,-0.00805327537895362,0.0031419909559085,0.0194442362601406,0.0146070945029666,0.00370393476006359,0.0176097752364706,0.0142937944081412,0.0137051815892704,-0.0207918343717699,0.00844755253303675,0.0142830695222009,0.00766168533259437,0.010164926525343,0.00168656523268029
2021-04-30,-0.0151335864915699,-0.0013070356405116,-0.0205713894095069,-0.00889229128549407,-0.0139321524666295,-0.00112063617180058,-0.0051331719024138,-0.0164076974876041,-0.00895232973646598,0.0028134594784297,0.00686742158103804,-0.028842826255431,-0.0120966917140803,0.00223619311848466,0.00375525686315314
2021-05-03,0.00821530646336166,-0.00126866899161016,-0.0115094403586897,-0.00292578678222821,-0.00406759399753287,-0.0233401707193126,0.0203911136159438,-0.00442759056460529,0.015240097314509,0.000262966856868108,0.0118424201032659,0.0276029868414778,0.0100059873041545,-0.00446225543246959,-0.0104502308749462
2021-05-04,-0.0353853453403244,-0.0161599110664145,-0.0327226316115129,0.0138235861146079,-0.00249351291053612,-0.0220345413338019,0.0075695630445094,-0.0154709797588118,0.0154951711425011,0.0229652298710137,-0.00340755953658844,0.00629034935897077,-0.0197436762709955,-0.00353418367494951,-0.0131682797105541
2021-05-05,0.00195541441540414,-0.00532702163992604,0.00747320217909464,0.0131207706664414,-0.0121534535584977,-0.0124794329994943,-0.00216367305272058,0.00344201300534164,-0.0041721646445223,0.0191511261112847,-0.00802719017393494,0.030072702193088,0.0304238724093253,-0.0224048106970162,-0.025234714861933
2021-05-06,0.0128023594374835,0.0132265708338362,0.00446102631507794,0.0201244505410787,0.00920551329580488,0.0109554017694475,0.016653888226134,0.00975451992186116,0.00401031460655532,-0.0034053017511444,0.0125878211523773,0.009512898911052,0.0164259693131592,0.0151315042408728,0.00311779666862866
2021-05-07,0.00532764808938335,0.0109318691868543,0.0199166760196816,0.00342274752550531,0.00345848668621063,-0.00446405785027626,0.00494705471608814,0.00623778022807531,0.00453066648822942,0.0165352608227702,7.42871310013271e-05,0.0142972732704811,0.00853585470532514,0.0113317216256117,0.0070257025613254
2021-05-10,-0.0258046630397096,-0.0209141209068227,-0.0368949762472821,-0.000124150777937815,-0.0264949985789648,-0.0307205263737597,0.00551229948135012,-0.0255872340088302,0.0105045869625706,0.00672215810564714,0.0186457828971949,0.00240276946138662,0.00695814006694162,0.00155148716055642,0.00362308558238977
2021-05-11,-0.0074103620939544,-0.00384326973056415,0.00283883571865529,-0.0166229513926571,-0.00216843108398701,0.0104748169178768,-0.0306637820702895,-0.00946453682212967,-0.00816340153899509,-0.0136430723694828,-0.00493935083379249,-0.0317992454378299,-0.00797332975050169,-0.0115318140651319,-0.00975962354138782
2021-05-12,-0.0249385030066752,-0.0293628844788401,-0.0382873977576118,-0.00687557853216991,-0.0215096227779147,-0.022323796765425,-0.0413113654679942,-0.0307524011434478,-0.00402653904514583,-0.00827414092203438,-0.0105848718067018,0.00535827520853727,-0.0155052271714256,-0.0216784891521968,-0.0341565448318408
2021-05-13,0.0179197081759099,0.016861958899113,-0.00677773564024153,0.0257226667738863,0.0155691633465562,0.0030235440044839,0.0265613772898043,0.0130848999274695,0.0104636638450322,0.0115876509788733,0.0160837479954972,-0.0123250813110601,0.0135044767559103,0.0100559590889109,0.0152362579626268
2021-05-14,0.0198448003581579,0.0210672100585576,0.0422790838314016,0.0155415690503973,0.0143021595592789,0.0194308511844918,-0.00550005974467993,0.0221350412631456,0.00152968086629324,0.00899727131935402,0.00210579160833713,0.0247891492507153,0.0108072389034115,0.0101321104668537,0.00674615096759101
2021-05-17,-0.00925852964247675,-0.0119684598606365,-0.00544164000713165,0.00402438831704721,-0.00220323247987186,0.0147351540352203,-0.01118586402156,0.00462617216080807,0.000998788787315075,0.0105685841250034,-0.00202862428013595,0.0233668064696304,-0.000963138709878852,-0.00401200682144665,-0.016684928531646
2021-05-18,-0.0112458256538434,-0.00856526907737221,-0.0105713734288907,-0.0140887331958627,-0.00384207691652683,-0.0116530585697791,-0.0101869921091087,-0.0115557485962804,0.000352088380228821,-0.0217330787599409,-0.0102372637923226,-0.0283004434583219,-0.00957149822955639,0.00691826079753821,0.00542437196449908
2021-05-19,-0.00128126101181725,0.00247396377273668,0.00356750264149297,-0.00763775670182432,-0.00434465316399169,-0.000148514828115065,-0.0072613993262457,0.00399120044505685,-0.00217044748873674,-0.0108571778039843,0.00205383701607031,-0.023994449110316,-0.00647683214819628,0.00321815495068312,0.00511800337217805
2021-05-20,0.0210119944683058,0.0138205311009452,0.0388709868945321,-0.0017378937923328,0.00823733694132978,0.00491370979423733,0.00461106930438948,0.0156064803757339,0.00582056775335293,-0.00793688436422768,0.0102489039618674,-0.00237411224076034,0.00695805642629055,0.0174247578789999,0.0224332212773988
2021-05-21,-0.0147672343369688,-0.00531475388371072,0.0259537384237856,0.0113783173737347,0.00145716068819857,-0.0137328535487415,-0.000411593531721821,-0.00555724043786998,-0.000643137155564744,0.00957503179464059,0,0.0013598192240325,0.0014758723219348,0.00144872656497252,0.00201930163860964
2021-05-24,0.0133143985655777,0.0228819374440132,0.0413729065044171,0.0054100273153026,0.0112450022348363,0.0130842152610178,-0.00294485368281283,0.0291658058088815,0.00382567464302919,0.00762923531542037,-0.000289724997839746,0.0117108301449562,0.00904272224560554,0.00527532704043665,-0.00550785167502121
2021-05-25,-0.00157384019349327,0.00374843796558122,0.00228983915638459,-0.0103338948070083,-0.00130813675873287,0.00433285122620375,0.0060666251575352,0.000775144740224443,-0.00275532611004969,-0.00786443499135414,0.00340652085352655,-0.0226473965270617,-6.62470293882889e-05,0.00025380703049982,-0.00891532123370231
2021-05-26,-0.000393848773553085,-0.00091386570509,0.00333921642595381,-0.000123682860811436,-0.00851447684881479,0.00187475624470057,0.0018307915065594,0.00738089074361148,-0.00593847669241809,0.00227678626814298,-0.00223940332018924,0.0116718684992767,-0.00491286465020779,-0.00566934173047073,0.00136290103271297
2021-05-27,-0.0123769733468678,-0.0086682879326907,-0.0135033328944854,0.0155718895877315,-0.000924901868079475,-0.0107345581140257,0.00453811855247399,-0.00740673437972317,-0.0015381159196981,0.0150183672382849,-0.0227338947598882,-0.00644708584298204,0.00336939906917322,-0.00553141455937589,-0.0063969704684852
2021-05-28,-0.00534794401860794,0.00148407654300331,0.0488442711249342,-0.000669114477836241,0.00193951709060403,-0.00217942894200007,0.000439179222343045,-0.00246744937086751,0.00260650876500002,-0.00082884898914648,-0.000963126334468711,-0.00324457842897852,-0.000598724826528896,0.00838601480555434,0.0030134221693876
2021-06-01,-0.00264811475453119,-0.00913153388626042,0.00123123969886785,0.0110206195173812,-0.0029476290538103,-0.00137141480696223,-0.00815263645920572,0.0103229618320211,-0.0219793673212473,0.00696846762505121,-0.0146088100836563,0.0358059074264971,0.00552268149649038,0.01688732419559,-0.0098166463645194
2021-06-02,0.00627608588016204,-0.000404354954368746,0.0315871920943114,6.01201166414711e-05,0.0133696823249201,0.00476596283713304,-0.00454478411500914,-0.00444721780098123,0.00404758538463534,0.00288363017856175,0.00436505047962155,0.00793938446187648,-0.00438245720449548,0.0159394253207079,0.00818088667773509
2021-06-03,-0.0121541072471192,-0.00642939679911192,0.0114133185539018,0.000662224119976518,-0.00674915013721911,-0.0145269411420329,-0.00574676550615738,-0.0097065796599205,-0.000962445305591531,0.00156072553136299,0.0179079307204439,0.00393819641643889,-0.00520229388666549,0.00106785820990485,-0.00467610411748187
2021-06-04,0.0190222674382992,0.0206747374279692,0.035857882164481,0.0016247926358921,0.00889928507404569,0.00602765782192694,-0.00134837545408872,0.0195903840131013,-0.000421787716623268,0.000738283351340296,0.000736032728330782,0.00441313848640212,0.00516206296684407,0.00426665841138418,-0.000414466359873966
2021-06-07,7.93394625713262e-05,0.0120419451083953,0.00231826939766644,-0.00468621962818294,0.00512736351102028,-0.00256069259296132,-0.00337632966769463,0.00364742392479966,-0.00680834420150223,-0.0174575091151973,0.00345727182911326,-0.00650926225382553,-0.0276127753762694,0.00236967802032462,0.00179712914995722
2021-06-08,0.00667176390050894,-0.00488536464251232,-0.00919463111339691,-0.00398419884585266,0.00315579645716579,0.0206691535520853,0.00303270375441289,-0.00160689294232874,-0.00879664353394716,0.0016682768356362,-0.0115820571477644,0.0176903695927144,0.00315545997619116,0.00798810483162171,-0.0045535036374984
2021-06-09,0.00307713475141713,0.00403835548426712,-0.00542867817153847,-0.0124845357054053,0.0011203396006334,0.00522034930228932,-0.011450772351241,0.00396095015534104,0.0134647550053859,-0.0229430138523515,-0.000370643506400259,0.0083695143597704,-0.0069060391325042,-0.000404354336148827,0.00429695880748948
2021-06-10,-0.00802312183322751,0.014393359487431,0.00384558706245519,-0.0155886590440074,0.00705969518948835,0.0208768459454491,0.00315620799638405,0.0112917620457158,0.00899832734265549,-0.0380141287530212,0.00741853311420226,0.00159610906158503,-0.000516715888714714,0.0216002960446302,0.0146307275892907
2021-06-11,0.00983254844558434,0.00252677796982015,0.0229695164521253,-0.000685917164280125,0.00431716584886033,-0.000841826533989676,0.00797901713632143,-0.00202436179815102,-0.0126885332488248,-0.0222832340081374,-0.00684844013109931,-0.00924306261077967,0.00306589778655431,-0.0124326400229808,-0.000271668094573907
2021-06-14,0.0245782701193458,0.00775536734362459,0.0108554941615762,-0.0169693855341185,-0.0037455111108049,0.0110671272164322,-0.00466575740078123,0.00769888663707774,0.00248545319772875,-0.00765740494829281,0.00037058849193583,-0.00160835817802629,-0.00106444583280318,0.0116268343222978,-0.00244961382348041
2021-06-15,-0.00643787659221573,-0.00588728597287358,-0.0127783850299986,-0.0151674962135619,-0.00469923665115779,-0.000218699679345735,-0.00927800657254041,-0.00837934675389163,-0.00532124375667986,0.00205465774330249,-0.00192725218318701,0.0364104989876,0,-0.019039139049989,0.00163708611108815
2021-06-16,0.00393361896389011,-0.00379297360856634,0.00122288814015015,0.00702377762229167,-0.0145075731800245,0.0094941835711142,-0.011976403029923,-0.00532861933674023,-0.000364816417940506,-0.0104801526757101,-0.013887787635428,-0.00357523017642314,-0.00464086538483199,-0.0139679430522348,-0.001770571514769
2021-06-17,0.0126010745167624,0.0136758847437206,0.0475567107145443,-0.0288601758065107,0.0111063281312207,0.021664643777805,0.0011233391679355,0.00803989367808033,0.00480434624868353,-0.0355037393751305,0.00911300381134073,-0.0329172892235299,-0.0080123093259008,0.0098007240065956,0.017462341434985
2021-06-18,-0.0100917570797798,-0.00563425480386159,-0.000991459725722899,-0.0253032808978875,-0.00749528972385294,-0.000670658313932759,-0.00168260116425567,-0.013409333771374,-0.0196102707850507,-0.0028170124821143,-0.0146280382699743,-0.0256492288691662,-0.0181728213454567,-0.0247940857513729,-0.0174308821873392
2021-06-21,0.0141041940769771,0.0123349313826153,-0.0113473096490118,0.0169688575456401,0.0169700299083795,-0.00944680468207504,0.0164897623129872,0.0141660745352632,0.0114827054436477,0.0208272331890964,0.00787696767985602,0.0362582106039979,0.022373882386346,0.0252573156046088,0.0143284543784652
2021-06-22,0.0126982702134395,0.0109659165279008,0.0249360437627761,-0.00146252378190848,0.00687065893796546,0.0149046610618755,0.016612534359725,0.0042524806031472,-0.00134289583756153,-0.00037504706711311,0.000375573512233496,0.0191723300240807,0.00700614989824411,-0.00497597158641438,-0.00295974603857541
2021-06-23,-0.00209017233104847,-0.00090383913547265,0.00902724741238048,0.00605792759386548,-0.00529823276547459,-0.000462189680416114,-0.00332568659228349,-0.00166354319464013,-0.00605018651721412,0.00309657386802598,-0.00142703700334956,0.00736795879012364,-0.0192523119599686,-0.00705020671585788,-0.0102549507178714
2021-06-24,-0.00216884508179105,0.00535299810409406,0.00777907155267843,0.00919807257434968,0.0066473826615443,-0.0156229463919514,0.000545145778460432,0.00305419642514781,0.00454995838022576,0.0259599043116154,0.000677006942391367,0.00404586684872976,0.00129927062730184,0.00123813745653911,-0.00640768755181831
2021-06-25,-0.00224895496993216,-0.0062619065282209,-0.00908564226485786,0.0100978147402004,0.00457183070321077,-0.0138065616139523,0.00574033892718839,6.94751257988013e-05,0.00514179809524218,-0.0138140059001223,0.0142834576538722,0.00217011719162064,-7.00962340856037e-05,0.00601968179149082,0.0134466560363982
2021-06-28,0.0125461457010638,0.0139612659230643,0.0501289792341471,0.0018176534568044,-0.0136104096470104,0.0124740891362423,0.00207237366491309,0.000224505374612161,-0.00115704303866915,-0.000185029290894145,0.0029648780710636,-0.0255181635280214,0.0160638504239166,-0.00311454947485679,0.0174657914305434
2021-06-29,0.0115001359487414,0.009972907003158,0.00208866425294985,-0.00123116986267469,0.00794554908514056,0.0012340341405479,0.0126005129673139,-0.00215051884551321,6.11204585239111e-05,-0.00540974565900787,-0.00679868055781341,-0.00618941367793124,0.00234745368288958,-0.00139817335393289,-0.0142384074672081
2021-06-30,0.00462153550040068,-0.00184216735514631,-0.00121078510540096,0.00908273493923839,-0.00902731108149368,-0.00231430325081328,0.0020424625212121,-0.00149671489316672,0.00432852734951839,0.0117618237110699,0.00394298177498675,0.00734572092302832,-0.00437371999210134,-0.0158088479106726,-0.0107990283365548
2021-07-01,0.00226318804079462,0.00258412337086922,0.0104738457518128,0.00990087828279829,0.00568797706782709,-0.0020900020900021,0.00831009052630249,0.00290783169020514,0.00740557022130028,-0.00422725010727909,0.00229768690202015,0.00285357273011488,0.00601848089797574,0.00376492878417034,0.0124180575981818
2021-07-02,0.0195965615221707,0.0222754118744171,0.0136057175468167,-0.000960495883818413,0.0147994043066495,0.0227237492306089,0.00360738602950295,0.022973602332101,0.0181969815516105,0.00484516083341857,0.00488034801091253,-0.0014227265114819,0.0031636011699534,0.0087513694900998,0.00121319199475267
2021-07-06,0.0147181351573451,3.61447898318268e-05,0.0103234153886125,-0.0167915348109157,0.00406457837555729,0.0469271074220547,-0.0106600461302726,0.00744469177483098,-0.005976927455701,-0.0194710677890121,0.000588725227772091,-0.0284944865580474,-0.0111739058415944,0.0124761342193376,0.0114433193368257
2021-07-07,0.017955437234572,0.00817519698772173,-0.015786189837889,0.00117351920272379,0.00166961372564489,0.00566956407670949,0.0132181631064205,0.00225060073595884,0.00857293626114153,0.00547981115612073,0.00750101160714478,-0.0156428630236327,0.0139688308295973,0.00612067702106245,0.0026618355650263
2021-07-08,-0.00919948236587964,-0.00896646940600898,-0.0230220232412681,-0.0172539638237575,-0.0141250153488214,0.00942222759388245,-0.0152716550255744,-0.0113067190290643,-0.00194780150344109,-0.0120173554778324,-0.000145856193057736,-0.00446946576692764,-0.0189381410956082,-0.00146000040597261,-0.00265476900646799
2021-07-09,0.0130548822638934,0.00187454157105726,0.00741105791840924,0.0319995939861839,0.00786099298885667,-0.00323470420257188,0.0111448729649526,0.00379463805883939,0.00396260137718696,0.0250341444559556,0.000364789270148158,0.018124391037172,0.0199309517312871,0.0185198056069629,-0.00186382165001597
2021-07-12,-0.00420359509790391,-0.00223095873339585,0.0230545000215499,0.0143159189012891,-0.0025159548886301,-0.000212348142975327,-0.0010864753759452,0.011607924557848,-0.00159090783849369,0.00533537892332325,0.000803148377314766,-0.000979904977175705,-0.000649005609902442,0.0161098862994846,0.00133375371885114
2021-07-13,0.0078892747520547,0.0131979809730247,-0.0127968978666575,-0.0148734114526986,0.018833762578814,-0.0110769478237284,-0.014577267047031,0.00288237508823364,-0.00123895102909899,-0.0155092371101628,-0.00123988022087407,-0.00474086554741471,-0.00957227306986697,-0.014127476643193,-0.00306299882014538
2021-07-14,0.0241002712770462,0.00544533731724539,-0.020172568988848,-0.0034052338236118,0.0150197169308655,0.00117477441650693,0.00684430571686101,0.00703229597759125,0.00679406179875852,-0.0164971435732321,0.00737401103268653,-0.0221748801312253,0.0047289149370946,0.00493560956644234,0.0112209233014795
2021-07-15,-0.00449216261326124,-0.00523868234745384,-0.0441124422380638,0.00219196425436152,0.0104067766977953,-0.0137111431749445,0.0109329883290568,-0.00960717652326493,-0.0120291142884957,-0.00108664415121451,0.00855204888989181,-0.00974279045598125,0.00329786822124256,0.00554572678298904,0.0147951764924417
2021-07-16,-0.0140758707965145,-0.000996594166925657,-0.0424572596145346,-0.0228351988552813,-0.00173003863216614,-0.0158542316666773,-0.00362537979475708,-0.000275562834360255,-0.00160384251314782,-0.01636650222745,0.00970059861457662,-0.0276507337694898,-0.00677969866684591,0.0027572582483788,0.0143193939928568
2021-07-19,-0.0269143431963783,-0.0133213394260627,0.0340706244299398,-0.0325194561919229,-0.0310733968225867,-0.00672703009230258,-0.00830397200109712,-0.018839219784508,-0.0072573388672541,-0.0181782427556637,-0.000497899676011104,-0.0343683146860662,-0.0186162077610851,-0.0039283765857927,-0.0119353814163574
2021-07-20,0.0259737731487795,0.00833906372971338,-0.00893237202548447,0.0186430816601828,0.00952508886637204,0.00664861364987934,0.0203216018291146,0.0130962587911594,0.00940765839299118,0.0240301360952191,-0.00534057352750861,0.0110207687110808,0.0200234085430708,0.00954407961165882,0.00233802623809032
2021-07-21,-0.00513142337796602,0.00744659058454022,0.0428753868953096,0.0210407321351926,0.00395574653640862,0.00336111085251733,0.00310455848193714,0.0106133663717083,0.00617395841628143,0.0133197439011479,-0.00350756898603344,0.0321657713223198,0.0131898784168807,-0.00851632877552477,-0.0167164107213594
2021-07-22,0.00962873790023311,0.01684442560023,0.00947954973816922,-0.0126258526918994,0.00196965678655592,0.014735635895966,0.000918958310507811,0.00684030535759805,0.00289095802425177,-0.00745038220948413,-0.00383128739208438,-0.0112533974050384,0.00346692367711743,0.00212759663451001,0.00316293182996352
2021-07-23,0.0119891753227583,0.0123365573166696,-0.00183717165336161,-0.00192147534843712,0.0199887078848371,0.00511538493479247,0.018918767108731,0.0357691172562555,0.0106482250137501,0.00176896786727521,0.0144410304862701,-0.00122584427479333,0.0121606761704862,0.00566189200697509,0.0141880286363374
2021-07-26,0.0028942093349773,-0.00214039758756812,-0.0134983361839194,0.00670476379390816,0.00493942783495172,0.011808636198162,-0.004987043624053,0.00766846761045792,0.00046612895570064,0.0071590099399963,0.00350543166282424,0.025245591106138,-0.00113784853533117,0.000703639965647707,-0.00375623939093461
2021-07-27,-0.0149003941330126,-0.00868400241381495,-0.00445723248585805,-0.00131872627803564,0.00271732168598993,-0.0198468767862932,-0.0118365067135039,-0.0159289625022411,0.0045961678576325,-0.00535475170977517,0.00406330455965787,-0.0111150825963729,0.0012731811063349,0.00945459012253114,0.0123518905012727
2021-07-28,-0.0121961594976827,-0.00111641255429873,0.0153580269327589,0.00165078432807619,-0.0159009702344806,0.00108373716806964,-0.00531698098634326,0.0317970335817475,-0.00277981880577982,0.00733684416591784,-0.0148385927332901,0.00674389807681619,-0.00665909152704114,-0.0120751307515613,-0.000128470244782575
2021-07-29,0.0045527470910034,0.000978523245798613,0.00815253405862304,0.00856952103447051,0.00396867041411642,-0.00837394068998787,0.00586746071727662,-0.00232586673029245,0,0.00529702323212478,0.00518864471234703,0.0121953684182494,0.00872485162233683,0.00203713179300258,0.00398207581664245
2021-07-30,0.00151038177696416,-0.00555003443334323,-0.00828998861183916,-0.00797375918820031,-0.00617153005220328,-0.0756489071327776,0.00232136317642362,-0.00774036957777335,0.000116242620284979,-0.0273334043684067,0.0197163050342846,-0.0230784035710337,0.0265152675631246,0.00117273327607936,-0.00332628393539225
2021-08-02,-0.00233079401136638,-0.000315671990523847,0.0128725433760599,-0.00401932429233165,-0.026827248387991,0.0011690369463182,-0.00295579807768098,0.000950125825929238,0.000406289409252691,-0.00769040147973576,-0.00246079396210397,0.000173687017917423,-0.0233253877305297,0.00328042623724345,0.0116814102724971
2021-08-03,0.0126441590679762,0.00807494045863955,0.00329120754544543,0.0113782015168724,-0.0112186751482466,0.0104337488414428,0.014424542502482,0.00575040093574519,0.0123063686126077,0.016279989261933,0.0145896273686514,0.0107676065773876,0.00899368178793636,0.00941912384655863,0.00773999421566662
2021-08-04,-0.0027823250855914,-0.00212467685449291,0.0231642041826692,-0.0107922424338939,-0.00177135907029347,-0.0034222398904129,-0.00491046498797343,-0.00371942229191102,-0.00590627784160047,-0.0190886796255528,-0.0105593314924386,-0.0233676421234382,0.00891286747785491,-0.00593818634859333,0.00566628117307344
2021-08-05,0.000748352164570587,0.0105057841358756,0.017904557980073,0.0126289200829259,0.0149574777230017,0.00634036299938168,0.00847718820108301,0.00833276999509702,0.0019039299798469,0.0130549568133163,0.000491894191585907,0.00633352386347386,-0.00258499239950916,0.0120248421524123,0.00776239930262324
2021-08-06,-0.00476684458923238,-0.000207097091892483,-0.01313175091993,0.0284034338349948,0.00495390460636824,-0.00919733469385242,-0.00981695174889408,-0.00376497604522408,-0.00333959420450081,0.00559862312203419,-0.00764946770231856,0.0115387044773678,0.00341202172283239,-0.00567246619643014,0.00149105232460944
2021-08-09,-0.000342341474380614,-0.00390385138399119,-0.00348632743591792,-0.0010790363375478,-0.00579948236633654,-0.00091773344017565,-0.00327404300452372,0.00865261060971245,0.00346589280691134,0.00259161603314095,0.00544514066332202,-0.0114070815345909,-0.00853350592518587,0.00231276020930138,-0.000620111200228424
2021-08-10,-0.00335391083994263,-0.00655512258659341,-0.0176889987758563,0.0122670182635238,-0.0080416913994561,-0.00634081660980546,0.00827315299370701,-0.000774176592144626,0.000345453150710551,0.0247981187924997,0.000633033113947024,0.0171329638514912,-0.00487993503647932,-0.00507642701307687,-0.000372602284169576
2021-08-11,0.00178563907376694,0.00178092191293611,-0.011888086482297,0.0119301951767596,-0.0126433054827009,-0.00860364349386333,0.0166525378199169,-0.00385946967956841,0.000172666927021226,0.0354555260662712,0.00245991959742242,0.00292195905926285,0.0149779235391303,-0.00347917007861953,0.022848794126801
2021-08-12,0.020773407327237,0.00996684638521672,0.010457409916929,0.00390921077140849,-0.0125670882363604,0.0034598101929384,-0.00884241607437763,0.00671425721389007,0.00805514638866001,-0.00640631830400984,0.00231446773476862,-0.00226167304020886,0.00117506198625805,0.00907708228993753,0.00764802645582829
2021-08-13,0.00141058395023386,0.0104894878114765,0.0142176504364744,-0.0111876413298237,0.00371034110155022,-0.00288482794635969,-0.00808345755590645,0.00388844152000423,0.00599310980252388,-0.00758260616920892,0.00482658362318755,-0.0101134144932205,0.0089347340457131,0.0146840603922835,0.00542198630550783
2021-08-16,0.0135477128791408,0.00597592484810239,-0.0117891396332194,-0.0065629052364562,0.0116484536325456,0.00152394720577709,0.0112579532176833,0.00422591227764868,0.00902147864767855,-0.00393477306049161,0.00696209993110131,-0.0146202679316209,0.00630304693863804,0.0129563933646248,0.00599154414259684
2021-08-17,-0.0061539066737889,-0.005159629937598,-0.0246616304780652,-0.0120808510573478,-0.00352666363076204,-0.0172870261504718,-0.0426801800514567,-0.0119153847970088,0.00916540907604957,-0.0196130266194576,0.00165891717613542,-0.00679304272165693,0.000546062687028392,0.00291735244662772,0.000119255029909837
2021-08-18,-0.0255009304787679,-0.00611928990017685,-0.0214823749597368,-0.00910780675286316,-0.0123652151678532,-0.0125664873901643,0.00249421250000137,-0.00887201800395998,-0.0127040394756434,-0.0170071861756047,-0.0109052480383469,-0.021058308487636,-0.0051686196150702,-0.0117838658477676,0.0054787079976335
2021-08-19,0.0023227764634155,0.0207750714017982,0.0398111526375291,-0.00835591839855887,-0.000258761385466766,-0.00420781871230969,0.00419825445387123,0.00170508403449743,0.00778837843251678,-0.0255468673095113,0.0117931702951226,-0.0305202925258683,0.00406592125129479,0.00490567729245295,0.00154002256969021
2021-08-20,0.0101568194408972,0.0255755886982032,0.0514193351201846,0.00285196555852285,-0.000906994251300253,0.00382715471433537,0.0196347359869955,0.0128945966602589,0.00487175348630853,0.00239647588558345,0.000689572066832733,0.000189819175253847,0.00861275527196415,0.00826154044188576,0.0204612777007223
2021-08-23,0.0102570691075059,0.000952816963652348,0.0548616253697485,0.0127971797720938,0.0120158257417571,0.0206003550012799,-0.00455586791388163,0.0190059389005552,-0.00431640368151343,0.0204937706220549,-0.00510021382033576,0.0411452801223438,-0.00325006918872395,-0.00640610306096279,-0.0217896972931748
2021-08-24,-0.000601165129705539,-0.00666336977381077,-0.00751443457488088,0.00619022821245485,0.000427096952971162,0.0122203187690666,-0.00866582941104355,0.00871167331225076,-0.0124993665360948,0.0164960701700987,-0.00810523688557985,0.0081950392351462,-0.00111900815072385,-0.0197916385214197,-0.00308035972568843
2021-08-25,-0.00842116533495363,-0.00201567779753442,0.019272449406732,0.0206128389711819,-0.00704395590046403,-0.00199651415478408,-0.00313907832639637,0.0057870660654602,-0.006613892244825,0.0102076622586282,-0.00356185073490323,0.0018063717299539,0.00118443247219768,-0.00168261033073946,0.00463471229994483
2021-08-26,-0.00552730929238143,-0.00966874664063933,-0.00652796333202676,0.00515769288424939,-0.00889989070859531,0.00509825726293078,-0.00741021671011233,-0.00449372907523371,-0.00533792240048303,-0.0163904481995231,-0.00175235857589473,-0.0135232778001346,-0.00489068638329559,0.000689543711630103,-0.0039810111183316
2021-08-27,0.00718457425528629,0.00210634109457453,0.0257384205109255,0.00803707372602358,0.0094134764661713,0.0101417567246578,0.00591011376625139,0.0181241227470226,-0.00213510607849687,0.00752701774748554,-0.000772247526590664,0.0193748628606034,0.0103431454836025,0.0052824317603537,-0.00477275453441361
2021-08-30,0.0304172202016739,0.0129121499356653,0.0022975111931931,-0.0160071820368477,-0.00627440462455464,0.0214769988669896,0.0115033648020335,0.00407285070346664,0.00422141577886426,-0.00648411883904987,0.00435616481445344,-0.0109377797885766,0.00321085607689731,0.0184295784321931,0.00647401860483909
2021-08-31,-0.00842473694599477,-0.00563252704767225,-0.0131809561773513,-0.00305427366046263,-0.00921165168424509,0.014385200022726,-0.00281248067437379,0.00073988735388153,-0.00305159369591901,-0.00274283684843268,-0.00377784432656914,-0.0116026142325862,-0.00304223261392977,0.00695447867372279,0.000476510743841141
2021-09-01,0.0044789091281896,-0.000165795450547512,0.00250172832524376,-0.0014379756381997,0.00445229501097799,0.00236540920955042,-0.0027422787417305,0.00358002531322432,0.00352345941125343,-0.013799928868785,0.0101833515042902,-0.0137565217376805,-0.00225674082589755,0.0232436590117693,0.0160735388820672
2021-09-02,0.00747461157520557,-0.00225283215894734,-0.00200547142322738,0.0046331362458627,-0.0258128110300311,-0.00456447888931799,0.0126682646895282,-0.0132803826569633,0.0068490861203252,0.0183685228833095,0.000764744552401275,0.0243632110103453,0.00879069465935012,0.00493535441634974,0.0133583332975431
2021-09-03,0.00423077620127543,-3.30494110869495e-05,0.0199589203574675,-0.00604495898506163,0.00414868474407193,0.00431108626472865,0.00793328338874599,0.00315805022220084,0.000628876252298793,-0.00665744886992736,0.000694975948239529,-0.00381282921880577,-0.00678145555019549,0.00375518519176121,-0.00913495343218185
2021-09-07,0.0154890600421467,-0.0031880536685267,-0.00792382221392507,-0.00175567961216105,0.00515306059950271,0.00898202436913831,-0.00420796102434828,0.00376377699270347,-0.0155393184038186,-0.0101725411267009,-0.00374901113598192,-0.00583176190751145,0.00705102252797474,-0.00964105998783849,-0.00770236478648934
2021-09-08,-0.0100837406346652,0.000100104203709206,-0.0142526499223243,-0.0044594252904524,0.0124629751421286,0.00461917443072979,0.00799508681580474,-0.00408597119994059,-0.00243753237824962,-0.00701172086034274,0.00759563455937551,-0.00916597005294262,-0.0128309682919096,0.00646540314087463,0.0165822188513798
2021-09-09,-0.00670483940982725,-0.00985996558878466,-0.0072519597863252,0.00435339110216293,-0.00698425673087588,-0.0117260043360845,0.000573234194218841,-0.00104382768406397,-0.0222801442168528,-0.00652875062971325,-0.00421878352169069,0.000739976883186166,0.00356252107105348,-0.0275730162339572,-0.00694115915358928
2021-09-10,-0.0331018586681153,-0.00518077680415496,0.0135726507273966,-0.0114955027020286,-0.0113411427038813,-0.00430800143121224,0.000542522044656657,-0.0185661083931404,-0.00654502854576577,-0.00199610590160226,0.000972406782699942,-0.00203357879867838,-0.00722756717678663,-0.00809102142367357,-0.0106010181662028
2021-09-13,0.00389343160498234,0.0043284708603788,-0.0145032082286382,0.015886971863295,-0.0012448779231149,-0.00345328976079706,0.0105435980534478,0.0103389410922883,-0.00700710546112471,0.0058044867806788,0.0107543385354107,0.0257502160748944,0.00985694497081657,-0.00636078352550606,-0.00412125441740951
2021-09-14,-0.00956198337511194,0.00942810381588899,0.00406292570778621,-0.0174530945447438,-0.00712278731764437,-0.00207398096209943,-0.00694619207922409,0.00148950571094431,-0.00603134457872123,-0.0187679728489315,-0.00171650884313201,-0.0142675142712495,-0.00497572550077552,-0.00173201187733552,0.000709545340019435
2021-09-15,0.00614377835503688,0.0167783935742205,0.00445096138905554,0.00693957896173836,0.00349709058974601,0.00747539133265396,0.00075079618712004,0.0132238410389918,0.00376181555988864,0.0168040685013651,-0.00213141496640923,0.0337118130716838,0.00830287118804462,0.00558259552897744,-0.000354572672911946
2021-09-16,-0.00161049139302472,0.00131231898239159,-0.00443123811928092,-0.000442364962245922,0.00232348147354022,0.00358190535485026,0.00905901049474012,-0.00567410091454768,-0.0012088281685283,-0.0103533138679264,-0.00695978359959948,-0.0106345258782271,-0.00461049426525073,-0.000603071512896958,-0.00720948557896606
2021-09-17,-0.0183479177616772,-0.0175284810469457,-0.0153763851330516,-0.00259334465658778,-0.0115008984359408,-0.0073733198661623,-0.00214038737458755,-0.0195668519807657,-0.00284482679890774,-0.0189095481125939,0.0015960317424486,-0.0118236448141203,-0.0120095993354852,-0.0186301592422565,-0.0280951124390432
2021-09-20,-0.0213609324413585,-0.0185747942773244,-0.0359358809890693,-0.0299342910086803,-0.00766618464164515,-0.0308417443843135,-0.0132867922370872,-0.0147761225054674,-0.00570535337077827,-0.0447059052710429,-0.0100458952090047,-0.0266496966240932,-0.0229858701970166,-0.0080701571557984,0.000612278099962449
2021-09-21,0.0034276013072998,0.00169925251041403,0.00629929790634987,0.000131025861271672,0.000545189120128242,-0.00360574736978425,0.00908775813893548,0.00225997006916612,0.00439495821721048,-0.00513582878920749,0.00153984007592411,-0.000931278977062799,0.00909975357827975,-0.00162699979728764,0.00281563182555966
2021-09-22,0.0168726658755367,0.0128219551496913,0.0327120176191991,0.0191527026732217,0.0117182742541746,0.010892348194075,0.00511659410574916,0.00899401392522159,-0.0036466347381735,0.00795444203236184,0.00342404844066224,0.0292691636513827,0.00360699224966732,0.00900256046239578,-0.000244052849639242
2021-09-23,0.00671939353518081,0.00328237580066548,0.0246572129800191,0.0338015656297901,0.0249607661308511,0.0106359407960528,-5.97056111210081e-05,0.00664744400408512,0.00567299250354569,0.0275408435913405,0.00410873193738026,0.0338706795838339,0.0140822845415267,-0.0089993434858715,-0.00769247161966624
2021-09-24,0.000612636789808718,-0.000701118158737413,-0.0178366142310991,0.0115398219986587,0.0143662911756688,0.00278687304625191,0.00470361870607028,0.00707434101151061,-0.00303281500083918,0.00101734992228009,-0.00443876864345105,0.00893481484820202,-0.000354454016140759,-0.00729574474226058,-0.00701355313628749
2021-09-27,-0.0105498546597215,-0.0173041156202408,-0.0190662253701099,0.0241657662939705,-0.0085926765954587,-0.00575683507793134,0.0116153643791455,-0.00803706444869789,-0.00724028590082282,0.0161567963733344,-0.0131660961195179,0.0296927174158579,-0.003384241674113,-0.0133697982063841,-0.0240395522686647
2021-09-28,-0.0238014551999923,-0.0362035718983967,-0.0443674744243862,-0.00538971764693696,-0.0175958335941869,-0.0263784679831095,-0.0222901755995494,-0.0371585964414211,-0.00220615299155402,0.0027499526902377,-0.00755360986382181,0.0104553122573952,-0.0300120337070524,-0.00483403301582064,-0.018918464336097
2021-09-29,0.00648296359010314,0.00169320365526526,-0.00879279073161765,-0.000782773974795647,0.00496537286352172,-0.00447535178926639,0.00937703985745264,-0.0108702283981825,0.00743206821316322,-0.0133632223041262,0.0101716857238323,-0.000667637513718233,-0.00263395580903047,0.00684813641519022,0.0139769094922886
2021-09-30,-0.00931175224272418,-0.00732365646284971,0.00969920195293139,-0.0136188288851258,-0.0173371592663835,-0.00487107924390151,-0.025732312556444,-0.00504265423709305,-0.0153639996461407,-0.0298177321557469,-0.0156316925121075,-0.0177021265871444,-0.0192550888558279,-0.00798775253359019,0.00216991810959399
2021-10-01,0.00812707463787543,0.0254679688664043,0.00125537301964318,0.0210154350951659,0.0346126038724601,-0.000541877829170367,0.00487412417091981,0.0214475389063762,-0.00637759827323359,0.0122937659305844,-0.00157375087053968,0.0358721121136034,0.015236200113574,0.00797242870155435,0.00878757807133179
2021-10-04,-0.0246054679621923,-0.0207197363578588,-0.0486936753296868,-0.00107707958097158,-0.0248631648814183,-0.0284716783413731,-0.0102769777886808,-0.0211181374288791,-0.00778973137481187,-0.0061750891889345,-0.00565979031727371,0.012965796036092,-0.0107439175376181,0.00316380421512674,0.00189384570655049
2021-10-05,0.0141586042967601,0.0199568925818849,0.0364384721651692,0.0163303266189616,-0.00200234196579152,0.00978753803838428,0.00922012658296345,0.0176831924618586,0.0022611041381766,-0.00326201585950181,0.00389084579892041,-0.00162023240171694,0.0107925572636676,-0.00315382612673321,0.00151199274155522
2021-10-06,0.00630663440511525,0.0150642719438108,0.0121755152950367,0.00213467271663847,0.00994283423241704,0.0127320167286729,0.00267027329140035,0.0113364368629376,0.00206810360836251,-0.00332478151750426,0.0133496247328748,-0.0183381172103094,-0.00597649333666495,0.0107568510880294,0.021388913501738
2021-10-07,0.00908469852794624,0.00593643487583084,0.0181156781322573,0.00633057950582439,0.0178360132072906,0.0123912031055611,0.0215526533892347,0.0120668752332602,0.00894229917844869,0.0202752545565976,0.00800375687424926,0.00281025228848675,0.0105051464099217,0.0124423643381617,-0.00320279047177896
2021-10-08,-0.00272136561327563,0,-0.0115775834626105,0.000764490995023737,-0.00121456151263599,-0.00418180526129563,-0.00930434792426904,0.00402600328116831,-0.00254121536386964,-0.00301421929621948,-0.00414592793451218,0.0250578864152387,-0.00992810647642051,-0.00656985845092939,-0.00877412547495504
2021-10-11,-0.00063047063828503,-0.00210244374170065,-0.00652868658349848,-0.0210319297977045,-0.0224084457722137,-0.0128686033509184,0.00786619450021186,-0.00623463298566818,-0.00422514389082174,-0.0116310784789133,0.00416318821282036,-0.0099710515735224,-0.00455751711397889,0.0031901744374172,-0.0296718907399874
2021-10-12,-0.00910284250078897,-0.00458854206743553,-0.00115972510219797,-0.00768105815534537,-0.00470897203917608,0.000317274511359544,0.00246309393999744,-0.0177447354224387,-0.0159754038932376,-0.015397574768823,-0.00147609078543498,-0.00519829247378423,0.00328989264793988,0.0259808526195862,0.0133624723247978
2021-10-13,-0.00423985610667743,0.0117115190232113,0.012964929112351,-0.0263670790865808,-0.00709666485257709,0.0113786012039827,0.00142100297152359,0.00830331161594366,0.0095758952339382,-0.00516034175443736,0.00232234613670879,-0.00277598402695822,0.0175107836237944,0.0121702121904459,0.0167361359373714
2021-10-14,0.0202256229934192,0.021733848726077,0.0385406156529542,0.0153420124392618,0.0122269773003181,0.00474375922755121,0.0170566140524422,0.0259410901740487,0.0057160137986656,0.028527867377022,0.011303146378395,0.0152285397423206,0.025848106585916,0.0136668691475355,0.0158372988247881
2021-10-15,0.00751244774558546,0.0048222946656995,0.00533425188769088,0.0192082593086091,0.0258017062537841,0.0330802393900442,0.0184858313821457,0.00153733194605676,0.00743236312853579,0.0241340452075436,0.0025682761823731,0.00951605217047047,-0.00171609721822408,0.00920939093723661,0.00257804380842575
2021-10-18,0.0118062958702592,0.0101249109037318,0.0164668428597967,-0.000360156331163486,-0.00147200076841802,0.0110647725290061,0.0131274648843873,0.00997377787632936,-0.00731563787619705,-0.00422044085061879,-0.0144024126541562,-0.000479313344417531,-0.000876420661153565,0.0205139224300261,-0.00832619021821712
2021-10-19,0.0150801290981257,0.00305895332904993,0.00306009628751247,0.0121286684730164,0.0124430867369638,-0.000751442456082607,0.00839410880433955,0.00321494529338873,0.0234201706869281,0.0149359732229539,-0.0118027451955299,0.0150255414878249,0.00879978047467267,-0.00479275120143463,0.0128414329029798
2021-10-20,0.00336101755963414,-0.00266028454222722,-0.00838933399202813,0.0134659346349353,-0.00899278122130776,-0.00844619575180861,0.000670672445164611,-0.0102486402127093,-0.000549155286960645,0.0151633576042736,0.00391029161220802,0.00551163730925408,0.00173844478141261,0.0309084253014553,0.0230399882211738
2021-10-21,0.0014740616403861,0.0108973981687372,0.0266480144779815,-0.00784326233028654,-0.00509897872505949,0.00584175694512901,0.0178375422515564,0.000825238678149098,-0.00232048910138227,-0.0100396747867899,-0.00719697290831078,-0.0181674338944562,0.000288958177762977,0.0105982753364799,-0.00131066505332711
2021-10-22,-0.00528505923936129,-0.00514873392593873,0.00149835727767011,0.0134512722604638,0.00429988173243068,-0.0289548333172084,0.00375752947590957,-0.0304434060475347,0.00195833591484762,-0.00189029027694998,0.0107661393546901,0.00685919941541635,0.00912262961993671,-0.00648539101804391,0.00727830228757353
2021-10-25,-0.000336154789022047,-0.00333142368735839,0.0193609897224245,-0.00489013481766787,0.0114606426916393,-0.00455098980505819,0.0143989550748438,-0.00086870067439071,0.00219906299768935,0.00777493983883559,0.000141970546284842,0.019486692528613,0.0080534141827735,0.00763888516688827,-0.00153962439532473
2021-10-26,0.00457461067395126,0.0064255772338595,0.066951341479611,0.00269102133822452,-0.00880811180016483,0.0167752616039356,-0.00554850580546917,0.0135431384312203,0.0101780765068249,-0.012709902602886,0.0141990793363136,0.0231546536157823,0.000284079367341317,0.0077879343411722,0.0139990147940334
2021-10-27,-0.00314746637443142,0.0421143620907372,-0.0107615131798212,-0.0208284758293107,-0.0691917402048651,0.00486363824547076,0.00845054247442345,0.0495951640839376,-0.0121265593657212,-0.0175813736414255,-0.0071399864044519,-0.0259720382061256,0.00694544307867351,-0.0162074294752595,-0.00538190865549892
2021-10-28,0.0249917549311187,0.00365093032552966,0.0200399572174614,0.0150748822970936,-0.0275278794969113,0.0159411527591706,-0.00201422021421505,-0.002520283525839,-0.00543558451419368,0.0405851335404526,0.00599312148750064,0.00280667762176767,-0.00316662614370722,0.0195329162898792,0.0165861203905231
2021-10-29,-0.0181556264815967,0.0224140189257773,0.0250990020373421,-0.00275910610450969,0.00919730098715021,-0.0215112450537781,0.000457561326782319,0.0150634810207533,0.000184234206280331,-0.000391869755976826,0.00217252480338925,0.0024880383180943,0.00389999458776269,-0.0116588065865375,-0.012612680842212
2021-11-01,-0.0056075371481713,-0.00678461010785703,0.0101695034635163,-0.000529551535411121,0.00325856731250562,-0.0161070997800246,-0.0141496788052264,-0.0307269213833311,0.000859385822439052,0.0067153864068894,-0.00244782890172213,0.0179928570899781,0.0118108456038812,-0.00158678875991858,0.0030468189673889
2021-11-02,0.00711587397774172,0.0114158515509684,0.0222246865219167,0.00394570040838782,-0.0156266923185484,-0.00161540978055019,0.00221021912768227,0.0134880562928215,0.0157648746920793,0.00847196678594786,0.0099552087534176,-0.0123420082691456,0.0142429883826303,0.0158915310472476,-0.00198595840335791
2021-11-03,0.00979867076361951,0.00261149167060259,0.00746207194312465,0.000351799567212874,-0.00497284542236787,0.0215078111275322,0.00457404155494778,0.00801421510600742,-0.00320084205806226,-0.0172363544961327,0.00687222208191196,-0.01373022279416,0.00256402511570308,0.00421686067836613,-0.00210749867623661
2021-11-04,-0.00349831068852879,0.00730520261007817,0.120422346523229,-0.0131353801828593,0.00326798057580335,0.0274823241084092,0.00869990963607981,0.0113880713947669,-0.00278635829253304,0.000196454667597878,0.00186128797989804,0.00750826762651147,0.0094087686709261,0.00148998577967641,-0.0056306712127826
2021-11-05,0.00358220060717196,-0.00112924944135329,-0.00164408268125549,-0.00142603973893318,0.0377908475031459,0.0120764292837436,-0.0101564206614625,0.00394222830390056,-0.00710852860343869,0.0112482729315977,0.00495468802765786,0.00947050746868627,0.00147825418840331,-0.0079799437062934,0.00908413917248807
2021-11-08,-0.00555253689971169,0.00276746124887173,0.03535895066983,0.00601025551436152,0.0176305818131495,-0.00852794885728292,0.00051575376213453,0.00120280916945625,-0.00342651238325065,0.0406545097249804,-0.00746375451186809,0.0107659280492975,0.0166874744943049,0.00940767390062702,-0.0109903239317273
2021-11-09,0.00245907512110022,-0.0030864014054266,-0.00477214742093957,-0.00757131019617607,-0.0322011572895108,0.0250072380165998,0.005588697046776,-0.00075515499747536,-0.00221021626875162,-0.020723285696036,0.00303540861969931,0.00973842486108145,0.00322913758285437,0.00256637613687172,0.0041377165948866
2021-11-10,-0.0191628827946417,-0.0153297611847342,-0.0390773730611835,-0.000953685257433556,0.0119475576545855,-0.0263349942271212,-0.00558455330910068,-0.0203131534438634,0.010830048956602,-0.0149658962043039,0.00983581709498038,-0.0197007430735086,-0.00590604485064639,0.00215558317073605,0.00306080818610033
2021-11-11,-0.000338045803780718,0.0049275649301026,0.0316032018945365,-5.97840003043748e-05,-0.0238448386859084,-0.0027425987825922,-0.00257741526714417,-0.000870538332669368,-0.00736558535688181,0.00899995302813683,-0.00286074508797574,0.00186940820450388,-0.00285207387706565,0.000941238114260168,0.00199556107243448
2021-11-12,0.0143368903002663,0.0129049358488487,0,-0.00447453080085614,0.00793628178969219,0.015162029225162,0.0136004122610538,0.0199736740489656,0.011958399485239,0.00354848804621732,0.00109278843260241,-0.00761934784860197,0.00405175947866954,-0.000671899488359884,0.0110107157036763
2021-11-15,6.67594146916972e-05,-0.00193044195146319,-0.0120105965728822,-0.00179798050137836,0.000990275370547744,0.00582380446311603,-0.00415951243047574,-0.00152000924168938,-0.00902956499104923,-0.00745452565493221,0.00573140607930944,0.00861818202518561,-0.00893120911022471,0.00934077870391103,0.0119338354111465
2021-11-16,0.00666643547164769,0.0102364090373941,0.00592845591845448,-0.00720446344022729,0.0135658550805506,-0.00140448616187794,0.0572651813067724,-0.00387994742065267,-0.00519836636873272,-0.0109768300714792,-0.00142451058989146,0.0100976092237703,-0.00311368717205662,-0.00486014968051152,-0.00412183930372056
2021-11-17,0.0164902874896444,0.000678278510034991,-0.0311890485822641,-0.00538258090294974,-0.0470304550968897,0.00234413125962862,0.00642334041779402,0.00115637199406815,0.00375013360976761,-0.0119261508459843,-0.000611408920923595,-0.0109196461608887,-0.0044749069811687,0.00608851619614303,0.00919762062207785
2021-11-18,0.028535993786089,0.00634016056498754,0.0824989532808058,-0.00863363261364625,-0.0084366590564745,0.0414370073408148,0.0278583733474544,0.0121009851988663,-0.00538954147849402,-0.00768552835298386,0.000135743376092456,-0.010884603300197,-0.00144790335752421,0.00132961320025138,-0.0020508375885554
2021-11-19,0.0169760150372815,0.00539164204801845,0.0413577551755937,-0.0130632847766986,-0.0121476144174815,-0.00527311427582733,0.00699776946418407,-0.00608660922325976,0.00301717283116187,-0.00486543370368309,-0.00203892165001696,-0.0462192348716194,0.00359491786737309,-0.00239056847233676,0.00810534729973189
2021-11-22,0.00292771406829373,-0.00955968200875057,-0.03119619305735,0.0213147173322914,-0.02628697096322,-0.0282873005220635,0.000244787148335757,-0.0176228937193016,-0.0131620799481427,0.00967869236375285,0.0066745629400915,0.0138451563872288,-0.00737522918572864,0.00452659823095325,-0.0107580860059898
2021-11-23,0.00242167700696161,-0.00632672631374742,-0.00657155621270988,0.0239127001640951,0.0148785486094738,0.00209095777363832,-0.00102746461644898,-0.00355413485623313,0.00619925435618329,0.0145766645888894,0.0110963254993703,0.0263373253485737,0.00154675050683584,0.0111333351079466,-0.000572288566895174
2021-11-24,0.00328355767783717,0.000681085130471715,0.0292320502408476,-0.00784429527897978,0.023981356061213,0.000103315339813337,0.00915846337802217,0.0023183853953026,-0.0028004425428183,0.00847419062313826,-0.00521963462326869,0.00554402696156364,-0.0090840389287139,0.0126488301381225,0.00327897526775489
2021-11-26,-0.0316785900287876,-0.024355562869623,-0.0358389546012937,-0.0301271185350097,-0.0275523226453642,-0.021184701669845,-0.0228338279368246,-0.0269434858534101,-0.00649013073052207,-0.0402763957696455,-0.00800473619261011,-0.035129134574058,-0.0204125231959357,-0.0299655405649332,-0.0128426050391118
2021-11-29,0.0218738914248069,0.0210811585178117,0.0594547115477821,-0.00432290927495182,-0.00688095699473912,0.0162674326887524,0.0102309771961278,0.0235433989872238,0.00345459054545216,-0.0141398711745934,0.0105107889610465,0.00555096985997072,0.000530196066607314,0.0226849204000203,0.0298521019088995
2021-11-30,0.0315777323749211,-0.0179427814432164,-0.0209730282001389,-0.0148853722393165,-0.0128382965241666,-0.0153022740224906,-0.0152647010313246,-0.0249637341182959,-0.0239120766216501,-0.0131174508184225,-0.0297947235589844,-0.0284135447395227,-0.00810602130167104,-0.0165058114106108,-0.0212041569284591
2021-12-01,-0.00320628525656896,-0.00154260077286539,-0.0378612623567189,-0.00591814911688238,-0.0186300195536542,-0.0180634873037836,0.00365965415260883,-0.00596195853594617,0.0137879827680398,-0.00972337477742213,0.0125880469459676,-0.00083573015495042,0.000471429503994258,0.00630187909095636,0.0122144287463624
2021-12-02,-0.00612981603346596,-0.00178749665848033,0.0219819607038785,0.0210272420085866,0.0427534135768375,-0.00184688891248097,0.0183556118392254,0.0135728372017441,-0.00626278351153198,0.0277851434486229,0.00587441507609876,0.0249206386238092,0.0213409845453629,0.0179303230115275,0.00888017827417076
2021-12-03,-0.0117245494953225,-0.0196667505067735,-0.0446055739064956,-0.0181131957180691,-0.00993476498368528,-0.013839076006382,9.78838476592969e-05,-0.00674628939537569,0.014577871874381,0.0051322656569146,0.017791398255895,-0.00636427067279111,-0.0101851091045008,0.00155392900384621,-0.00665780984820563
2021-12-06,0.0215030141246009,0.00984502559913003,-0.0213730970916975,0.0118139136485593,0.0323958746909536,0.0110862193887031,0.0193472979131126,0.00812324015356536,0.0223365707536733,0.0175937549067788,0.0151457278870211,0.011331915312387,0.0135018320624012,0.0122204729839084,0.0127229773055864
2021-12-07,0.0354461939801936,0.0267634130632546,0.0795683334227202,0.0150474909973055,0.0231398031824537,0.0279865042633627,0.00115468889250536,0.0287415559452957,0.00257744669420235,0.015947679896777,-0.00262895174331679,0.0112050875311653,0.017290232631165,0.0175663179539629,0.0141336385392064
2021-12-08,0.022782820966178,0.000149166769965126,-0.0185336627324572,-0.0114413497603874,0.00781231762116907,-3.68987165743073e-05,-0.0118457419246972,0.0062266754625997,0.00599911478324788,-0.00146687971925974,0.00448089602466784,0.00289057268935689,0.00768205975700931,0.000878690209838551,-0.000995668108580428
2021-12-09,-0.00296998995876263,-0.00558240178018299,-0.0419783431126354,-0.00155565440535765,0.011483736098665,-0.0112796436041467,0.000218857349886692,-0.00369802148833753,0.00949242559719843,-0.000293839320106959,0.00583863674568486,0.00256213596270327,-0.00321156370009956,-0.0117910654490659,-0.00453936943454691
2021-12-10,0.0280132569749236,0.0283398865398308,-0.00957675910289058,-0.00398844461907588,0.0095084412833375,-0.0112475646046146,0.0098699924586636,0.00245877847351239,-0.00247104471037984,-0.00328219717714673,0.0139580199963583,0.00638868394658076,0.00566066227769202,0.00964720074651804,0.0041152716710311
2021-12-13,-0.020674245958378,-0.00916704781234734,-0.0674549468973962,-0.0118883822677709,-0.0111526423400088,-0.01535607649986,-0.0244583185439581,-0.0146957743547044,0.017885879311736,-0.0108622930674891,0.0142156502259909,-0.0219014358509592,0.000568862856012986,0.0165980127372354,0.0161718945629892
2021-12-14,-0.00802308757672088,-0.0325868296478858,0.0062498265486417,0.00766219386081901,-0.00492850149264479,-0.00280712937973371,-0.0075016225706559,-0.0131629442378806,0.0109230181624655,0.00193794006413128,0.00367878089938634,-0.00146018613006571,0.000927504210239904,-0.0145889969378573,-0.0186397438129063
2021-12-15,0.0285090028264912,0.0192178770085645,0.0748843572915237,-0.00747809181901227,0.0110962856927597,0.0249775731459256,0.0139481580749505,0.0176083942612184,0.00499166878043589,0.00451311400519483,0.00385456578902055,-0.00438740147150463,0.0205084851138959,0.0241290708320427,0.021881548353277
2021-12-16,-0.0392638844976101,-0.029134606055082,-0.0680257879827346,0.0156385969937571,0.00970262843229586,-0.0256411746331252,-0.0203034542172178,-0.0136299762704023,0.010926617453193,0.0178720654633022,0.0141633333525095,0.00163201041956729,-0.00395472243244799,0.00424444394527801,0.00250021673266865
2021-12-17,-0.00650161567802121,-0.00338600164786718,-0.0206433234344475,-0.0227541758422273,-0.0116151493528686,0.00678920370502567,-0.0289089906846188,-0.0188305211505839,-0.0276281240677254,-0.0232817921858302,-0.0226551961852397,-0.0218347252810218,-0.0181761777218609,-0.0126800494569126,-0.0139866424343066
2021-12-20,-0.00812208298906381,-0.0120135053298491,-0.00294964946299636,-0.017989113987342,-0.0148196437240603,-0.0172835563893775,0.0036598140590387,-0.00083245104825902,-0.00285345623189392,-0.0293489912095269,0.00254029600246963,-0.0144926919011502,-0.0105141140186724,0.001302923122116,-0.0109963799840662
2021-12-21,0.0190870505555474,0.0230690506888303,0.0489197575334404,0.0139662122176443,0.0318097048789807,0.0199786496219208,0.00274805178375304,0.0131736706725922,-0.00321897376065661,0.0145810136221338,-0.000633546736633517,0.0226503877894926,0.00778018008360593,-0.00371737593681365,0.00567041226215537
2021-12-22,0.0153187743571808,0.0180575992437224,0.0111778450387603,0.00390816850163755,0.0119788417181945,0.0036381058820254,0.0132405342968402,0.0205089421435678,0.00430582535303836,0.0193634018836772,0.00988861089888404,0.00809925229687258,0.00738976384842593,0.00914214582904815,0.00386929538999414
2021-12-23,0.00364384002928597,0.00447181070325375,0.00816328737855954,0.00357364199081434,-0.00614802972573536,0.000184136415822156,0.00361424236455332,0.0034253529140329,0.00190546082631204,0.0200348900963601,0.00489572953286022,0.000491762590523193,0.011391336171503,-0.00314313411312117,-0.00110123823039088
2021-12-27,0.0229747559572986,0.0231855703881712,0.044028413733701,0.00572299918822172,0.00466262432338116,-0.00817802285136804,0.0176795467788917,0.00673840825602845,0.00844010726207078,0.000873005351198053,0.0116800569538213,0.0142577071826291,0.0125304228707062,0.0255948453862136,0.00683589390786143
2021-12-28,-0.00576730633694233,-0.00350443360437624,-0.0201324995400783,0.00303475261234443,0.00192984264527718,0.0058437190295213,0.00527103097992065,-0.00824509322804234,0.00400772038378361,0.00116280486065423,0.00537156767567382,-0.00323154005121074,0.00107723439898377,-0.000602633345529235,0.00613225403886308
2021-12-29,0.000502122147856054,0.00205145758032921,-0.010586628855849,-0.000504045091882621,0.000550311214232435,-0.0085549217086347,0.0113733100074733,-0.000218321259681131,0.00704409610300005,0.00343633920100817,0.00829025573569964,-0.00875353976449045,0.00468334591136865,0.0114000315303429,0.0011971323290787
2021-12-30,-0.00657821745964704,-0.00769113957701151,-0.0138327537389298,-0.000504516091125562,-0.001374985089584,-0.00328900705462298,-0.0021906734862005,-0.00309896923350828,0.00443049544061247,-0.00602907355908455,-0.00864889774705846,-0.00588717835574448,-0.00309803389472774,0.00172962609859906,0.00847918177034002
2021-12-31,-0.00353521433946336,-0.00884124484966942,-0.00591488031557763,-0.000820279593541362,-0.00532438437486404,-0.0114294002163896,0.0123676327106361,-0.00922350151684515,-0.00719623727107865,0.00320250904269237,0.00497650683247386,0.00658010458162916,0.00609887673711329,0.00232181026726508,0.00635997853097514
2022-01-03,0.0250039059805842,-0.00466824549280498,0.0241406624187659,0.0211555779213899,0.0217801967776252,0.0221183208988862,-0.0153492115834756,0.000962828892097978,0.00274729137775198,0.00125765194254512,-0.00415715800795002,0.0384050271887024,-0.0224865275582984,-0.0205511991442423,-0.0182091883213057
2022-01-04,-0.0126914275081604,-0.0171468643949757,-0.0275887975848522,0.0379097895594289,0.00465164762047454,-0.0169155870059795,0.0102782965937345,-0.00408282775183977,-0.00268164022488793,0.0535268770059047,0.00349959543105971,0.0376142126246597,0.0182201139070666,-0.0236505747360259,-0.0106917094393812
2022-01-05,-0.0265999103753759,-0.0383880494150352,-0.0575623776848032,-0.018281972841021,-0.0110581317462138,-0.018893091563845,-0.0135646085625771,-0.0458763042763066,0.00666343882309239,0.00765759285757461,0.0045268256746489,0.0124372900598009,0.00464004186231426,-0.0208077797435104,-0.0104763243386391
2022-01-06,-0.0166933957470309,-0.00790191968543608,0.0207941394833007,0.0106239799029471,-0.0011361698893263,-0.00671098196132314,-0.00363446332579653,-0.000199572635047551,-0.00342580936985737,0.01019344118196,-0.00840390932838031,0.0235205105143748,-0.024248648896475,-0.00685043772472904,-0.0441323959290498
2022-01-07,0.000988500462780539,0.000509552671607238,-0.0330398176745952,0.00990810565686839,-0.0126963103244639,-0.00428777829433624,-0.0299437206599463,-0.0053032057539385,0.0135172576012927,0.00991044763666027,-0.00055268236267636,0.00819667019054204,-0.00511824230641245,-0.01813893599445,0.0074617968219064
2022-01-10,0.000116136631480579,0.000732355276197305,0.00561515084004061,0.000957038644613384,-0.0229996444564223,-0.0065701761706104,-0.0156248151239418,0.0120606135827885,-0.00494396020060428,-0.0113745421111668,-0.0136415006095688,-0.00595228133993986,-0.00252752565052383,-0.00461870772103823,-0.0245341646756854
2022-01-11,0.0167835140696344,0.00225918665038738,0.0152188388831427,0.0010160664096921,0.0113694594810427,0.0240021256439247,-0.00203866001709319,0.00769102424278922,-0.0106301064158688,-0.00762503206600906,-0.0115875137715123,0.0420623269366733,0.0029812199443866,-0.000195927136113827,0.0059316573543553
2022-01-12,0.0025704461417968,0.0104453773383368,0.00654306563331519,0.0056720567579045,0.0062039858382259,-0.000937330098538691,0.00706008832582405,0.012126439328449,-0.00852564962541047,0.0111389217819058,0.00220601588727032,-0.00294345448178102,0.0144459186175814,0.00163441648065543,0.00353839753586871
2022-01-13,-0.0190280130334903,-0.0423228327806963,-0.0508589441701169,-0.00124677705443321,-0.00329148135582624,-0.0241696550274378,-0.00621458901082272,-0.0201051645376936,-0.00606615920280029,0.0206835263273779,-0.00452811315641566,-0.00716889808123877,-0.0230890426007497,-0.000587507356668349,-0.00223305634040971
2022-01-14,0.00511050704899252,0.0177166694956468,0.0138097274858338,-0.061463486373604,-0.00153491625435109,0.00573148700356563,-0.0387100138756593,0.00644705000473511,-0.00545163061907616,0.0085463155033505,0.00960277219029515,0.0175563964611349,-0.0143365418019961,-0.00267699437849434,-0.0200236760943286
2022-01-18,-0.0188942020900048,-0.0243390981572625,-0.038564198134054,-0.0419278193724717,0.00484470345094112,-0.0198627388461902,-0.0141932084335196,-0.0249676664313226,-0.00440878633281427,0.00406213563562918,-0.0192729827783997,0.0168357331527682,-0.022730691637928,0.00451744299434886,-0.0234373441777036
2022-01-19,-0.02102470868321,0.00224661031578188,-0.0322743191039858,-0.0154691173940795,-0.00477499483322497,-0.0164771018060135,-0.0191701817283521,-0.00648166281240392,-0.00311205310591933,-0.0310369489508796,0.0336249003771036,0.000410530622951599,0.00320711597096723,0.00104283527302051,0.0164922754746373
2022-01-20,-0.0103471886004348,-0.00570302896111574,-0.0365822383965638,-0.0085272941790866,-0.00153705686550343,-0.0296323096341568,-0.0281075275664984,-0.0133885453024832,-0.00798414221693156,-0.022692418122661,0.00539952412489231,0.00218855726996847,-0.00158327966169491,0.00358082699710827,0.0111391705705153
2022-01-21,-0.0127650935449445,-0.0184682999911389,-0.0321321237954657,-0.0174727324125088,-0.0392815622317191,-0.0595018089614747,-0.00137298940144548,-0.0221742551787651,-0.00229954337186689,-0.0117249865699628,0.00382695489872042,-0.0150128153252558,-0.0172840430472186,0.00836908959117433,-0.0108969169756675
2022-01-24,-0.00486403871994123,0.00114853240996138,-8.56384555838474e-05,-0.000896121404252548,-0.0198126342043407,0.0133269834831153,0.0421368750277931,0.00347144096943208,-0.011524111570071,0.00112105115438754,-0.00811704302716221,0.00859069688991054,0.000126528925500802,-0.0136397138541063,-0.00823211743831198
2022-01-25,-0.0113847289907154,-0.0265881380003442,-0.0448401197992003,0.010900428458873,0.000742999347289164,-0.0315337455435732,-0.013276025493246,-0.0295786361246827,0.0285943056539582,-9.33739079821416e-05,-0.0109114332298331,0.0293994192579505,-0.00812863512325945,0.00424002029411419,-0.0832521201596498
2022-01-26,-0.000563433874782526,0.0284928166415872,0.0200682082773884,0.00948600036311054,0.0191584402207419,-0.00795433067055351,-0.00473551162832042,0.018103735025452,0.00447410031859219,-9.33058325590652e-05,-0.0087125682392778,-0.0101423966414007,-0.0148601135514264,-0.0145494341684971,-0.0327562259411651
2022-01-27,-0.00294318787540027,0.0105490865103399,-0.0363603863836237,-0.0176447445448048,0.00136023401465679,0.00550864572249576,-0.00237935964887215,-0.00176427166028914,0.0131248273757343,-0.009893261223339,0.00619684230206485,0.012808518427609,0.00783331791728736,-0.0204982708333717,-0.00178966726996022
2022-01-28,0.0697775678631214,0.0280814868903732,0.0408311820449958,0.00894667844553299,0.105990812762554,0.0310840567382737,0.0283644114369384,0.0336885884577618,0.00703439128839856,-0.0518922150003289,0.00860934504095034,0.002129638552548,0.0115303926251982,0.0434693566124216,-0.000138033353027867
2022-01-31,0.0261258782561165,0.00882403212520599,0.0720666471816389,0.0135733185526765,-0.00802661160351892,0.0388636103021893,0.00120075463635949,0.0146418227095706,0.00291070863974952,0.00198843347620703,-0.00031170624171184,0.00903309987756229,0.0118752452351401,0.0112854273705245,0.0775175061119948
2022-02-01,-0.000972598933251523,-0.00713881902271141,0.0062075485498887,0.0171599545639092,0.0273690281993784,0.0108307628022344,0.00468680245424236,0.0172982422944767,-0.00818391872616986,0.0188031492796883,-0.00442500058523265,0.0641125218488654,0.00856650932157588,-0.0210433317810216,-0.0113927420899306
2022-02-02,0.00704411651165704,0.015222011656338,0.0245149870132455,-0.00800516193677536,0.0131692890159405,-0.00384271589062324,0.0136423518844269,0.0752375131902034,0.0110606532935202,-0.00199642982885762,0.0179040775378103,-0.00259812612192689,0.00273802405593093,0.0248177473529581,0.00647423871727493
2022-02-03,-0.0167197711104601,-0.0389520638820167,-0.0512637452366339,-0.00826986479138003,-0.016481260134091,-0.0781276325178123,-0.0238671981585843,-0.0331757130745088,-5.81139774508133e-05,-0.0212257705625832,0.00947132948801199,-0.0116595458887939,-0.0325482503641656,-0.00565693631274267,-0.0252159864512052
2022-02-04,-0.00167913041914836,0.0155680867654879,0.0154918525818022,0.0259582318729472,-0.0136044953806496,0.135359017357119,-0.0140895735453611,0.00141864387420476,-0.0065409266751697,-0.0108679385352146,-0.0159012062811128,0.0217120670403892,-0.0443232509680905,-0.0188569271541226,0.00316763115540963
2022-02-07,-0.00423470656611202,-0.0163099422278835,0.0168182377779866,0.00334310842557395,-0.00538550643564173,0.00187773531898272,-0.00645050770939837,-0.0285567133657144,-0.00332109369810796,0.00710657700537842,-0.00749068959384602,0.0120376173614252,-0.00506759634855203,-0.00938196158726268,-0.0043412397314192
2022-02-08,0.018466848413484,0.0119952168894679,0.0153669573041868,0.018814743177165,0.00343367438398401,0.022021627828944,0.0114455687712058,0.00142220262802062,0.00263067417445484,0.00840760688320263,-0.00224579884882614,-0.0258525384256089,0.00755558365832654,-0.00565573996534463,-0.00290712324983389
2022-02-09,0.00829374158935714,0.0218347669844117,0.063605366586462,0.00416797182844597,0.012854079734508,-0.00138773415059656,0.00810639988683959,0.0157319615949498,-0.000116776956013975,0.0104219059070942,-0.00225031771745643,-0.00478731632209639,0.0182117525902816,0.0276471612628197,0.0159026406535143
2022-02-10,-0.0235987673223601,-0.028373132128737,-0.0329901138470912,-0.00415067194471119,-0.0212802697863996,-0.0135617062747339,-0.025468737898934,-0.0209898795744865,-0.0120705976273314,-0.002603196441339,-0.0152258375113304,-0.00962012840688786,0.0154528414564554,-0.0446677095249485,-0.0157842662807263
2022-02-11,-0.020218561106449,-0.024274285411979,-0.0726068854407043,-0.0130169960823782,-0.00398931086770926,-0.035911106743632,-0.0135176214939683,-0.0312905845102922,-0.0100931449356435,-0.00901169738468455,-0.00559896935925852,0.0251789097927244,-0.0457179666535087,-0.0142827329255714,-0.00649432451908627
2022-02-14,0.00142322152816843,-0.000135226824440671,0.0132783945408015,-0.0092904276580601,0.00289274402202899,0.0122216832700544,0.00362529046592241,0.00926034478684312,-0.0125813951796384,-0.00670837685527792,0.00287938842268365,-0.0153344833135801,-0.00413948428874289,-0.00662986598763693,-0.000533739771436559
2022-02-15,0.0231524969273873,0.0185420297052925,0.091811949112834,0.0146237641068852,0.0110054670570194,0.00865835220190725,0.00483575507057576,0.0079873954775751,0.0103259703116381,0.0176098662214654,0.000510453183947712,-0.0125349074937374,0.0285848866637275,0.00192660427491687,0.00226922851680844
2022-02-16,-0.00138894883218321,-0.00116694853574206,0.000603609511133474,0.00180967182180725,0.00438966516263362,0.010159039538769,-0.00897369892058975,0.00826824633027923,-0.000597396211003631,0.00113047540649625,0.00758825596430635,0.00461577157101067,0.00639287540759947,-0.00851525262997943,0.00186433435696443
2022-02-17,-0.0212691815720921,-0.0292823569886087,-0.0755910038186756,-0.0230320494024221,-0.0183989921189578,-0.0218089011061767,-0.00614112234304887,-0.0377456800219018,-0.00610012774448931,-0.0437045707985551,0.0114548083048418,-0.00153152137086621,-0.0159952808431755,-0.00761898031489128,0.00199390775430897
2022-02-18,-0.0093559486003445,-0.00963105330493841,-0.0352961388231264,0.00468853559227322,-0.00854807054702,-0.0132619577544082,-0.00307510819145762,-0.0161159647479179,-0.0107190318510353,-0.0143267739696454,0.000500508664466048,-0.0111214402437498,0.0130110890842077,-0.00509470119250099,-0.0163171622037954
2022-02-22,-0.01781209280014,-0.000729023415545704,-0.0106590532192677,-0.00177466115842628,-0.00615207454492983,-0.0157534947882649,-0.0885060074239102,-0.00452068244704174,-0.0135893460832917,-0.00385524301560869,-0.0123201472801566,-0.0116335812413075,-0.0306083412388279,-0.00126276298497663,-0.00499005749673886
2022-02-23,-0.0258640423539478,-0.0258932125708529,-0.0428816621070471,-0.0209388989037775,-0.0242634309240511,-0.0357562466328767,-0.0244170747999596,-0.0171437569432364,0.000496361609213292,-0.0237435267032153,-0.0124737180643464,0.00405427671656966,-0.00851497572866655,-0.011308734874057,-0.0197885464443346
2022-02-24,0.0166798684557943,0.05109368777132,0.0607944901060082,-0.0278431530721869,0.00625141889867709,0.0450952242781926,0.0155292660269106,0.0399959385670845,-0.0191045235987293,-0.0106068817508047,-0.0269301263688548,-0.0126348087368543,-0.0200629083899506,0.0182583626393991,0.0431415943821789
2022-02-25,0.0129656408504255,0.009232827017013,0.0172222920827885,0.0236594031290001,0.00906596567580187,0.0160579301284212,0.0108860527797072,0.0133279638229042,0.0497029293505451,0.012832169231149,0.0426990979673441,0.0269127872550337,0.04290987728919,0.0357215210919706,0.0227998305203232
2022-02-28,0.00163774562162122,0.00497806396076017,0.00943833542617734,-0.0416975840450392,-0.0143659277440057,-0.00146626300281494,-0.00258965975117476,0.00444375605246816,-0.00861429629706911,0.00277988079312297,-0.0148509759551859,0.00745121304184537,-0.014286115940212,-0.0175142065448732,0.0200035604022466
2022-03-01,-0.0116280201393488,-0.0128516524673845,-0.037236168916307,-0.0377291092694187,-0.0330835161590665,-0.0157655502511203,0.0139950204488413,-0.00737117495123563,-0.00346368211794512,-0.0253224574296707,-0.0165499809887939,0.00956366114231066,-0.0364208161504486,-0.000617035978851654,-0.0106042045240411
2022-03-02,0.0205884141165242,0.017765702396134,0.0318238127202399,0.0207401671409786,-0.00234501003616827,0.00602418396239091,0.0222324988875024,0.00380441864093894,0.0124390275585349,0.053492156810323,0.0031307938172136,0.0171783262016121,0.0270387567684429,0.0128978532145445,0.00142056818041092
2022-03-03,-0.0019814613375716,-0.01422450491474,-0.0208916130296433,-0.00710800589284311,-0.00599547517311294,-0.0273195561265813,-0.00919442481760213,-0.00499361961358713,0.0146952885326512,0.0116300888527885,0.00370639548661722,0.0063329566588588,-0.00961413157454993,0.013140046059211,0.0159896953241787
2022-03-04,-0.0184082205164712,-0.0204784652325818,-0.0328076807835846,-0.0281293655025368,-0.0334893921207017,-0.0152637929917393,-0.000308222325081209,-0.0148842861848051,0.00593555088425712,0.0041568381609467,0.00505312789716816,0.0376358918474855,-0.020806715582746,0.00842344056496858,0.0180227651363285
2022-03-07,-0.0237174539131126,-0.037776779970489,-0.0690617771124755,-0.0386160770330687,-0.0478805995007052,-0.0562204542423362,-0.00459518399354175,-0.0419086290883217,0.0161080592313352,0.00531538837402623,-0.0148253629618754,0.0360327843357868,-0.0370959229114112,-0.0127949195600482,0.0494948780070843
2022-03-08,-0.0116760830100751,-0.010971242323668,0.00758711499116038,-0.00704277361957029,0.00529613112838034,-0.0104654467302834,-0.0186819155696952,0.00574475137737696,-0.0202660264208028,0.0676156089350688,-0.0395838340884215,0.00757577917761076,0.00166017766008686,-0.0128937570609438,-0.0264907765568262
2022-03-09,0.0349974374209474,0.0458580839668254,0.0697219896064907,0.0400624693657665,0.0419905398425899,0.0240011999309837,0.00749578877868817,0.0496873077220927,0.00379321336016747,-0.00104742906126998,0.0134887073393211,-0.0568466162487776,0.0785811900758986,0.0237432222756038,-0.0198902787818926
2022-03-10,-0.0271859949414859,-0.010086690732787,-0.0154688913282984,-0.0118405902951527,-0.00896056525828604,0.0541251556099731,0.00233280332929597,-0.00742363266509205,0.00177157656098781,0.00958117825599891,-0.0257445151365492,0.0310425850578082,-0.0278464152349513,0.00398723832950254,-0.00199173143693387
2022-03-11,-0.0239089669993661,-0.0193282927227461,-0.0246268897678461,-0.0225239592705521,-0.00636482634430813,-0.00880684676265397,-0.00361676447015868,-0.0193237389285263,-0.00182724542471491,0.0143540368688841,-0.0118670483528306,-0.00515454863218368,-0.00959505156921414,-0.0215117491301642,-0.0107286327649172
2022-03-14,-0.0265623265410615,-0.0129608394931655,-0.0348416151956097,0.00993094576503117,0.0184028627264166,-0.0252294881438727,0.00495557131845525,-0.0301799343040881,0.0138175361945321,0.00283936058730316,0.0127777715573589,-0.03579875419182,0.016384096384318,0.00906432603398399,-0.000252454732752594
2022-03-15,0.029677377521375,0.038742040099474,0.0770274871324104,0.0177461030228769,0.0290020560379538,0.0388677303383067,0.0319767084909959,0.0257797326980183,0.0259186484093736,0.00473470770920326,0.0359876873772442,-0.05691244284571,0.0306280623688977,0.0178991609039965,0.0340567546459805
2022-03-16,0.0290153608840524,0.0252136175618274,0.0662951501859792,0.0446859408053186,0.0277967177487837,0.0389335637237052,0.00721379855680193,0.031598754236833,-0.00919727533151993,-0.00175558207049653,-0.00339420548325287,-0.00375551933350815,0.0354639000271137,0.0179796592289727,0.00646454869153379
2022-03-17,0.00645397237165279,0.00281928696560452,0.0110224229424891,0.01264456803446,0.00745743875340987,0.0270077489898168,0.0164695366111234,0.00419042855126883,0.0130644268578177,0.0260087348524207,0.00313858587043137,0.0266477961802949,0.0158931405307656,0.0187281022357775,0.00218170957899733
2022-03-18,0.0209190223465776,0.0176479607038198,0.0681173361230367,-0.000356537597496209,0.0265168884528402,0.0255121513583698,0.0130216247522299,0.0170840069175748,-0.0110860683099303,-0.00356335868659707,-0.000532687076367666,-0.00392536592489412,0.00740250687112187,0.0223413051351149,-0.00386971007790204
2022-03-21,0.00853758052950226,-0.00422735841865418,0.0106226279597628,-0.00321223907112766,-0.00944758211300656,0.00149455232177487,-0.0333683549501244,-0.000176190416916078,0.00566257989842578,0.0126749301203326,0.00379636167918074,0.0448710950839255,-0.0030806344282609,-0.00774256915333793,-0.00691992776396411
2022-03-22,0.0208005906234565,0.0163794059093127,-0.00785496887835646,0.0212673986287564,0.0065887586346467,0.0210383004423771,0.00109305968008,0.0276740136040254,-0.00472061556440828,-0.00446999742290966,0.00769634819742615,-0.00437958410302819,0.00460273225999197,-0.00157304383435064,0.0128360766404256
2022-03-23,0.00823385147350697,-0.0150301781751462,-0.0335546491631916,-0.019913056823234,-0.0173480188549454,-0.00898181649254692,-0.038455862616421,-0.0113859206390847,-0.00377150239842294,-0.0024249027626112,-0.00697922403405138,0.01576244371214,-0.0154743819656217,-0.00907541100841092,-0.00337979579183723
2022-03-24,0.0226777222991859,0.0153927915893943,0.0981509318932683,0.0065102072884764,0.0122508059237354,0.0014779010051913,-0.00400568080728814,0.0238404242496213,0.00516241889387303,0.000180305979395223,0.00172383520867747,0.00300730277876138,0.034949734558978,-0.00852252564186751,0.0136854738379359
2022-03-25,0.00373404882137529,-0.00138103837128511,-0.0162699209411381,0.00874302724722531,0.00515398204566386,0.00686829401467648,-0.0161502548694281,0.000713445726332695,0.00958677924463336,0.00517504858088702,0.0115831413215894,0.0218277520962891,0.00220101151742091,0.00923736464660019,0.00286772539206703
2022-03-28,0.00503661580849979,0.0231164826490526,0.0190308572101996,-0.00739878321890231,0.0107127512203178,0.0255926789001089,0.0115873894659975,-0.00153514697192014,0.00514381849446655,-0.00676022933510845,0.00687030507830921,-0.0280515587867095,0.0122357455151245,0.0191952282718792,0.00583742498636108
2022-03-29,0.019134738342766,0.0151594684822294,0.0154858191953087,0.00220064173810863,0.0332925613834618,0.00192027764251268,0.0109136941466266,0.00742280938154938,-0.000506266089872698,-0.0036510835370821,0.0102680742325805,-0.00531338288090899,0.0114678468171432,0.027128188084319,0.00225029447552649
2022-03-30,-0.0066496890093265,-0.00491453047243884,-0.0337100932117458,-0.00453315734745097,-0.0182797988963866,-0.0178011843303869,-0.0291145842102787,-0.00397883087725825,0.0104084629604186,0.00922906153685554,-0.00688293179863964,0.0171177988917941,-0.00220621905249097,-0.00340009876190894,0.010399445597068
2022-03-31,-0.0177760556971202,-0.0176830277488474,-0.0145901554871818,-0.0300271326582437,-0.00973419652960683,-0.0198645673585717,-0.0295984621415071,-0.0202271422743594,-0.0131411658835429,-0.00116565851959893,-0.0102984730918981,-0.0142036727052423,-0.0190100006580232,-0.0162053843358153,-0.00924010810224141
2022-04-01,-0.00171793334057668,0.00360039249363631,-0.0210364045210698,-0.00740911852076576,0.0206970084814804,0.00345097322612453,0.00855241142947216,0.00778764335923054,0.00541666344984981,-0.0136880972200577,0.0149868490038008,0.00641734219615997,0.0103308420636354,0.0267522290205227,0.011805371107257
2022-04-04,0.0236935375297074,0.0179367666505676,0.0242587713166207,0.00443433151093431,0.00609649774963428,0.0292644845615309,0.0122228290328281,0.0201283158980767,-0.0096525989710452,0.00473211042839106,-0.00651241239926159,0.000480854775133377,-0.00399715470402917,-0.0121832382686888,-0.00105012705962815
2022-04-05,-0.0189421050008612,-0.012985214590818,-0.052229703933935,-0.0116374710009248,-0.00724514052387937,-0.0254920891933076,-0.002356088771446,-0.016650288138904,0.00646013079259644,-0.0216926890786366,0.00350451399301099,-0.00517057179173297,0.00102679571767084,0.0152643926920422,0.00829228197452192
2022-04-06,-0.0184507655928763,-0.036605734543166,-0.0587710691299003,-0.0138742116925175,-0.0313152132483701,-0.0323001201319852,-0.0207306029447775,-0.0287570113999002,0.0260119727451733,0.000879502852327407,0.014293104874965,0.0111205924262179,-0.0208849713714888,0.0230333570870731,0.00185327417108083
2022-04-07,0.00180401786893825,0.00624365251927372,-0.00815353837498134,-0.00304209989185711,-0.013058627268736,-0.00611943235027512,0.014101869038649,-0.00482984917635698,-0.00257913254047692,-0.0014336452657393,0.0129438573134417,0.0167365436810003,0.00952253663230351,-0.00752450683616457,0.00682156274765799
2022-04-08,-0.0119088770338071,-0.0145998343591296,-0.0449851016696431,0.018308036251736,0.00384005041344926,-0.0210667405504438,0.0276135560999324,-0.0191406478043494,0.00198051672390287,0.00523352594202886,0.00780595482191493,0.0210461420343888,-0.000723115911047012,-0.00106641507040728,-0.0113686753142169
2022-04-11,-0.0255160875491414,-0.0394320435843961,-0.051992002581309,-0.00367073794461925,-0.0102775635875613,-0.0216139471563136,-0.0141110952392289,-0.0334916714175412,-0.0125190501392533,-0.00451544487653788,-0.00381013207822256,-0.0344311579129761,-0.00210808996992229,-0.0173137846741035,-0.0175398169159542
2022-04-12,0.0115236786615409,-0.0112174753840462,-0.0188437752948567,-0.0109773559634486,-0.0155992697585087,-0.00221336356240764,-0.00140195959069489,-0.00860857708119334,0.000333513846217937,0.00300866499479668,-0.00300980290947261,0.0208707830305139,-0.00993209178182897,-0.0024136379511609,-0.00815785688542447
2022-04-13,0.0163426748849342,0.0197120155096213,0.032505665455572,-0.032233524660467,0.00884582846981008,0.0315244570689566,0.0134840887618264,0.0170653659153182,0.00422476903466307,0.00724497837875893,0.0028302423039035,0.0141353970420162,0.0167199248954708,-0.0019958877395152,-0.00405310022719896
2022-04-14,-0.0299884857223324,-0.0270844267987363,-0.0425619934869953,-0.00926953792204821,-0.00225085015083426,-0.024652684274886,-0.0190065223798357,-0.0243582205592369,-0.00420699545055458,0.0437073278427351,-0.00558137423795624,0.0117498410519423,-0.00228689430756945,-0.0139396347017822,-0.00885689084908936
2022-04-18,-0.00133106109695025,0.00246566904208367,0.0246965522541311,0.0185537795017432,0.00178585942257947,0.00710916466787093,-0.0141535349436015,0.00746861755457573,-0.0124512363721786,0.00926219517789639,-0.00952265273634978,0.00819769584885699,-0.00307667100370901,0.00184407467749259,-0.0132834382726
2022-04-19,0.0141153691623601,0.0170399564061841,0.0190517496729987,0.0207068777636703,0.011868353169862,0.0348888306086197,0.0252824258116455,0.0182686654031143,0.030507790827619,0.00974261308413205,0.0149621161451232,-0.00892136023641477,0.00192099345312613,0.0402452207200823,0.00146867784627047
2022-04-20,-0.0010155827694831,0.00371546670429579,-0.0322552034415765,0.00350826428294759,0.00968920343914981,-0.0260410449190751,0.0238469432056327,-0.0151451008577413,0.00442431704625501,0.0125774477750336,0.0265984206764092,0.00227877387993991,0.0258371268425379,0.0183417357677584,-0.00391048427918794
2022-04-21,-0.00484349937675521,-0.0193813982334734,-0.0604692239606699,-0.00775205189526362,-0.00615255416065041,-0.0370264276739368,-0.0151682688855007,-0.0251913678474587,-0.00288230092796493,-0.0106772747483302,-0.000780457928737821,-0.0105730490937098,-0.0061283958675763,-0.0109456239097234,-0.0653907460509225
2022-04-22,-0.0278212608510032,-0.0241443814859875,-0.0330972883323879,-0.0287224258138939,-0.038253584732074,-0.0266089375697044,-0.0330260188825861,-0.0414934999140414,-0.00992584028315013,-0.0654971025087059,-0.00836351618620057,-0.0218314195305747,-0.0451645571745417,-0.0120038460673331,-0.0292730286606739
2022-04-25,0.00673708177948451,0.0244133699871014,0.0198312121169892,-0.000315376890430707,0.00855068544785609,0.0119431863563704,0.0160942894209255,0.0287414144389875,0.0246225526829149,0.00184913443788171,0.00806206810916033,-0.0337130128273404,0.013786788466065,-0.00592655196235525,0.00121724221612851
2022-04-26,-0.0373279635159953,-0.0374037375190647,-0.0559744703111128,-0.0295811288395252,-0.0421527795644735,-0.0457507730510871,-0.016331116800411,-0.0359457474821799,-0.00715016586727402,-0.0295338863619409,-0.0169795622015618,0.000364330550702174,-0.0333131126595734,-0.0125199593103654,-0.00634815124886379
2022-04-27,-0.0014669104386652,0.0481090295039739,-0.0198530111830808,-0.0130059259849539,0.0646940043369773,-0.00878104731744889,0.00546751187683681,-0.0367088100611855,-0.0139698490671465,0.0174036448342054,-0.00269077728347833,0.0285579424998637,0.0115638252541443,0.0123162167315802,-0.00407741378421411
2022-04-28,0.0451555019155745,0.0226324396250939,0.0742328844625824,0.0158126731306292,0.0305917389970758,0.0465341853643431,0.0336867941981847,0.0369921022129978,0.00746861548414701,-0.00710415774659789,0.025414096789004,0.0302455184234729,0.0265440927207845,0.0318483652281765,0.00300247889355565
2022-04-29,-0.036604964001588,-0.0418119591006697,-0.0624306867058954,-0.032268335658291,-0.0341248614429743,-0.140494377749234,-0.0364383526687596,-0.0372334023976791,-0.0163527824276057,-0.00894365778556361,-0.0175021226253862,-0.0223623868379247,-0.0102478763257344,-0.0735219638167608,-0.0336097873199949
2022-05-02,0.00196648066364946,0.0250431713878416,0.0531627936754453,0.00913191724152052,-0.00750724524050672,0.00175809132387861,0.0218710072087558,0.0216765729050095,-0.0100853503522161,0.00726701329876667,-0.013515974012923,0.0136070945718465,0.00426337406312016,-0.0446687125878372,-0.0161930875484931
2022-05-03,0.009622779877972,-0.00945617685676259,0.00353230812794636,0.0214198397148433,-0.0140403807200445,-0.00197990448120611,-0.00654798369421694,0.0064418136254123,-0.00195916440915633,0.00730888957954745,-0.0137012662000903,0.0205992899678518,0.00229822191995899,-0.00502833075832576,0.012738349792685
2022-05-04,0.0410082885669976,0.0291007884144954,0.0373428569725736,0.0330813102662919,0.0285767427010208,0.0134804685329348,0.0339389241270309,0.0419912015296595,0.0107129631536551,0.0419905973118417,0.00736194135405621,0.0398004584823204,0.0262092530511016,-0.000525361977825267,0.0325041389912235
2022-05-05,-0.0557159780351094,-0.0435546176309795,-0.0732760942875108,-0.0250197895132394,-0.0432591991362709,-0.0756103649042452,-0.051378077608055,-0.0470754493700778,-0.0190898603847192,-0.029920475549898,-0.0184291830478135,-0.0151581719131667,-0.0298845202770033,-0.0479377977759972,-0.0166987003304758
2022-05-06,0.00472689676709437,-0.00944665189012983,-0.00896868141936591,-0.00161386504630956,-0.0117910763394449,-0.0140412400350302,-0.0160475540830247,-0.00651485092224524,-0.00220654491067018,-0.00592791591140385,0.00997027115480509,0.0152808601984902,-0.0126355716601764,-0.0282798757794135,0.00876957080585461
2022-05-09,-0.0331892458669817,-0.0369453786109817,-0.0923691471864304,-0.0150339673358917,-0.048417255335123,-0.0521335482572793,0.00924205630801045,-0.0279531933531016,0.00544307592564053,-0.0389471113858175,-0.00249999453361938,-0.0788527178138473,-0.0271820218148884,-0.0604060701075722,-0.024286002217492
2022-05-10,0.0161122866661325,0.0185954585989496,0.0380528214683724,-0.0243721046108409,0.00300518923395576,0.000643444593494413,-0.0197625410353491,0.0167449591793229,-0.00135313371469292,-0.0159969008699192,-0.0052697553352149,0.00663041437883938,-0.0029639862073596,-0.0525796374122848,-0.0101823049138978
2022-05-11,-0.0518412517503275,-0.0332093968424109,-0.0548449442380072,-0.00630845072903974,0.01622053789364,-0.032032257090107,-0.0281630482660178,-0.00692778776365077,-0.00542123791224347,0.0109363901270625,-0.0140833850455361,0.0208186739549365,0.0035740484389728,-0.0133164812444858,0.00300047726167851
2022-05-12,-0.0268940527808719,-0.0199579215791134,-0.0273603665553908,-0.000846232170819916,-0.0120961328552945,0.0147904048845733,0.0237842809112245,-0.00667678977403896,0.00987946707952236,-0.0106231647936667,-0.00406267151077444,0.00453958592940995,0.00296210256524221,0.00153542971944631,-0.0240741700322339
2022-05-13,0.0319162886414082,0.0225963359163825,0.0946522590766052,0.00889508265313044,0.027117704345853,0.0572755603508492,0.0218854348009048,0.0284153485103547,-0.00573457409112177,0.00640298379948612,0.0107241042674238,0.0296636808856761,0.0246565024516983,0.0356653837153142,0.0188294668945532
2022-05-16,-0.0106726242945667,0.00145508911215364,-0.0249631153569915,-0.00696957030418299,-0.00712719922924898,-0.019853161739722,-0.000135064991629075,-0.0138344591601326,0.00695482974505479,0.0139970543908423,0.00976444583097869,0.0235204600141703,0.00216977286358255,-0.0241528013476576,0.0045843301544608
2022-05-17,0.0254227282667345,0.020344374008616,0.0528843481796333,0.0331473329931953,0.0312923424389084,0.0411332735799965,0.0167572724539677,0.0177203379387814,0.00415541697141353,0.0284761788061931,-0.00283654459853144,0.0127543817840454,0.0301516149702774,0.00518962352851382,0.0270964327488803
2022-05-18,-0.0564191093875409,-0.0455295603636372,-0.06816280488987,-0.0171059439953941,-0.0196565921052164,-0.0715619664082722,-0.0524009444007475,-0.0392667854745758,-0.0185660592271673,-0.0241681218676156,-0.0623220531584041,-0.0158507917148629,-0.0272926795512553,-0.0505957377483737,-0.0141626210818623
2022-05-19,-0.0246413190299767,-0.00369963666548134,0.0109814104124621,-0.0148221431794542,-0.0131006914006371,0.0019278532990965,0.00904716839278974,-0.0135432497467072,-0.00888915206063479,-0.00567496208618046,-0.0230283940976438,0.00540538026915582,0.00203167102694302,0.00158958236780737,-0.00760574845312101
2022-05-20,0.00174726664207681,-0.00229130430386204,-0.0251111796828979,-0.00819892923998289,0.00841041086165761,0.00253452951676159,-0.00198082393219023,-0.0133716628145305,0.0174775220438113,-0.043238264420241,0.000635384195603494,0.00789985043242769,0.0144195713304565,0,0.0107862597769428
2022-05-23,0.0401190756420406,0.0320319373445075,0.0122197398674764,0.0618714825299183,0.0428578093153178,-0.000316050695183923,-0.00403912197932266,0.0236897776939193,0.0204151395786949,0.0319986381162352,0.0229919801656027,0.0220990598191073,0.0166253392669262,0.00634823842336485,0.0186745718121994
2022-05-24,-0.01921608609977,-0.00395155157473148,-0.0440286115535394,0.0141253631337843,-0.0237522227858592,-0.032141104325376,0.00660781504280017,-0.0494940558042221,0.010922850481214,0.0073475697595502,0.0177870457630616,0.00543183012042969,0.000218314524865981,-0.00332001020298633,0.0292212548272159
2022-05-25,0.00113997584862768,0.011170085251041,0.0508232797979959,0.00696414040491988,0.00597156936424725,0.0256964754175555,0.0196235828858089,-0.00155704257413591,-0.00981268122527923,0.017797402047943,-0.016392446447922,0.0201271210092577,-0.0144778298810991,-0.000416383673417342,0.00160679970418953
2022-05-26,0.0231994927778605,0.0128750182970987,0.0516052835968679,0.0172902413477147,0.0231063817577932,0.0402949922948654,0.0314742982947138,0.0187845504152073,-0.000890746327000813,0.0175812719766877,0.00874577733156712,0.00353053496897582,0.0141839400638577,0.019411721133942,0.00334268763685008
2022-05-27,0.0407568314770679,0.0276047222075315,0.0537786006965961,0.0141379488590916,0.0207624394203341,0.0366320836037819,0.0186585282993228,0.041969495269268,0.00908283817691924,0.0194846007832783,0.0152920797952736,0.00983043642190506,0.029032660554098,0.0400458898738205,0.037727222011958
2022-05-31,-0.00534629364138361,-0.00501401771502397,-0.00738932330442787,0.00731291282103497,-0.00333517328934818,0.0439701037907483,-0.0185110867084229,0.0128699028162182,-0.00861449125293867,-0.00594074641771991,-0.00564795715396627,-0.016292568450988,-0.0150168970330747,0.0017287764587004,-0.0224719051255268
2022-06-01,-0.000873230447116402,0.00202331572942871,-0.0188518694065325,-0.0175450410410842,-0.0105576173044648,0.0122660429928727,-0.0121654548065818,0.00114268599045841,-0.0101374739433705,0.00796848483597556,-0.0151475362418125,0.0191663073016446,-0.0156153422457271,-0.0127080373383219,0.00634179231030307
2022-06-02,0.016811518655883,0.00792878742251713,0.0694322886632943,0.0160878965818736,0.0243890167723302,0.0314503430073862,0.0292070866696974,0.0327546401178305,-0.00315116763156242,0.0111687914349388,0.0107798262098042,-0.0017373928390082,0.0462881111970266,0.0292388195313265,0.0308518954941781
2022-06-03,-0.0385559258528159,-0.0166072752295067,-0.0445079082680013,-0.0139391833733298,-0.0111604227012114,-0.0251850680245271,-0.00258328354411175,-0.026198141476643,-0.00412093076302011,0.013181669312307,-0.0089665327761449,0.0145387190098436,-0.00384181229083314,-0.0151303610638639,0.00216513853418099
2022-06-06,0.0052275591293689,-0.00470316968615381,0.00352560485745901,-0.00330375946952732,0.00136411296851024,0.019942807289224,-0.0039005985154672,0.0199012157666383,-0.000113448240240288,0.00327506593082694,-0.00390681077330046,-0.00252287323231148,0.0108769522036098,0.00227302685471509,0.0190621254772683
2022-06-07,0.0175860133991923,0.0139532406229379,0.00745247658414949,0.00262088825847417,0.00732579282431356,-0.0143441053160904,-0.00697606643953963,0.00281627237908366,0.0109979231640958,0.0155167855037115,0.0111476668884425,0.0458316929077014,0.000745063951322456,0.0141550496597818,-0.00511316459086653
2022-06-08,-0.0050433508390465,-0.0076695951046144,-0.0144806925280218,-0.01591456647986,-0.00466189176691378,-0.0147967454863758,-0.0140503734819357,0.000379874588789741,-0.00594358415117568,0.0118889985094126,-0.0124542661093212,0.0118020244300105,-0.0213246108400161,-0.0378626373501174,-0.0161693512563233
2022-06-09,-0.0359557842099129,-0.0207835568636456,-0.0321749066327027,-0.0210156922044613,-0.034613710494692,-0.0415084895744305,0.00783114136506069,-0.0201247221603541,-0.0201376596805893,-0.0266754213375431,-0.0180549559776976,-0.0216081546746241,-0.0301584847564239,-0.020838286181062,-0.0146514685619639
2022-06-10,-0.0386284872014535,-0.0445632975143093,-0.0595078979537231,-0.0459659479113542,-0.0320215882957441,-0.0559621172157433,-0.0354166044019869,-0.031993699195471,-0.00667779483868525,-0.0379576366956482,-0.00378985010085364,-0.0182741339799922,-0.0244751191073144,-0.0403535305391027,-0.0184896237756362
2022-06-13,-0.0382850065651759,-0.0424129785603036,-0.0781783788027761,-0.0297782582119738,-0.036339074193972,-0.0545371935587454,-0.0210206829764825,-0.0429015228554418,-0.0100844801613644,-0.0385725088142442,-0.0267704478938597,-0.0458887474838637,-0.0307502694248177,-0.0751450280092941,-0.0461073401196843
2022-06-14,0.00667249266493597,0.00920513646314625,0.0120788511101053,-0.0166394251170304,0.0065537464357972,-0.0131185553619403,-0.0158565033559821,0.00303598670038308,-0.0153383486220785,-0.000918172734125533,-0.0311976479622134,0.002608244625804,-0.0189495070663012,0.0205662563573472,-0.0128434410555145
2022-06-15,0.0201116218422275,0.0297353129258273,0.043634854197822,0.0118359428903154,0.0136418207645677,0.0523898029347702,0.00380364248964327,0.0285713275290247,0.0107020820830961,-0.00333839874144581,-0.00993736542294821,-0.0125912205977609,0.0147822775234785,0.0475107288688035,0.0379123854890404
2022-06-16,-0.0396514404813134,-0.026970190036618,-0.0560296461895892,-0.0171563559528151,-0.0362457958363038,-0.0372433786108536,-0.0224144516486151,-0.0339910188731091,0.000529574686026324,-0.0544174323557898,0.00611292668181895,-0.0368848567347363,-0.0342344629374357,-0.0286731321268683,-0.0447498805784347
2022-06-17,0.0115332087466824,0.0109401279623775,0.0178833675384737,-0.00352623032849653,0.00507792457844403,0.024696097512579,-0.00998323375976862,0.0104684238128514,-0.00364536203644872,-0.0110377215700783,-0.00720063998866061,-0.0576649871847896,0.00331361144631193,-0.0127919954372029,-0.00084641147356701
2022-06-21,0.0327606012626938,0.0245912428118535,0.0431990066272279,0.0247721608383062,0.0230513945802098,0.023159471438541,-0.00565139644243962,0.0410710438591693,0.0209489402902951,0.019362757080843,0.0302958125309412,0.0622390708014235,0.0278658489161472,0.0181224611962574,0.0271145422794405
2022-06-22,-0.00382726930526578,-0.00240401335601725,-0.0124347709396163,-0.00561170629651908,-0.00293211278205241,0.00248432685230271,-0.000817211155539899,-0.000506473889423931,0.015779115656916,-0.0434894451625646,0.0156194903014297,-0.0395716082976892,-0.00127195671088232,0.0275898693406516,0.026949107653969
2022-06-23,0.0215739822194199,0.0226365515958959,-0.00825194527276651,-0.0109394556961653,0.0145494662658061,0.0320330939965241,0.023942232570431,0.00676752964684502,0.0223059353755086,-0.0487674094573922,0.0274367423291575,-0.0301618322759353,-0.00526120172731059,0.0240775395874002,0.0336055113811651
2022-06-24,0.0245173244695647,0.0341496887722585,0.0555315658471469,0.0298455976492866,0.0451078615539426,0.0357523706490603,0.0275216815239405,0.0510770864969796,0.014638625983403,0.0381710698385211,0.0144063533696304,0.0198334893039862,0.0215609782210846,0.0367897106334596,0.0106217349605362
2022-06-27,0,-0.0104965065946017,-0.0150064455970367,-0.00801237719895465,-0.00948863849490122,-0.0278206928493915,-0.00109542193702383,-0.0181520933428788,-0.000932644277350847,0.0113212688750364,-0.00762027098891616,0.0245108749587424,-0.0229857965029926,-0.0194142132419893,-0.00166608487672848
2022-06-28,-0.0297896548125426,-0.0317492329249563,-0.0525816439309952,-0.00481170279803644,-0.0267240828530904,-0.0514043422723439,-0.0443596290056506,-0.0330302675276397,-0.0284425807534341,-0.000799540864291681,-0.0162654500493794,0.0277435927989667,-0.00965390664023857,-0.0103984683361431,-0.0186159558087103
2022-06-29,0.0130236596483613,0.0147379388077864,-0.0275310399096833,-0.00448973794058838,0.00696542091308361,0.0141526687287816,0.0137702618625888,-0.00273182447615161,0.000282446641511003,-0.0211270584094293,0.00908300658598016,-0.0369399450671956,-0.00678208794346602,-0.00546396875759136,-0.00575603721906959
2022-06-30,-0.0180274702497005,-0.0131792105016482,-0.0246428352307462,-0.0233305146683234,-0.0130827716337475,-0.0248806383587079,0.00146041718846646,-0.0245162116851666,0.00293821026843144,-0.0257248438768619,0.0111812918634291,-0.0281434082812332,-0.0133146682454632,-0.00557844666462348,0.0192102603036337
2022-07-01,0.01616407943859,0.0107075308985962,-0.0419552294987129,0.0127874986360106,0.0116307707483361,0.0315412720365125,0.0175375298591738,-0.00206957091763371,0.0113233430702366,-0.00262907413488778,0.0161348078610322,0.0223025961260894,-0.00726886208099975,0.0202293902277935,0.0400206788184856
2022-07-05,0.0189306021822939,0.0125973706685791,0.0303654029418294,-0.00380359121648077,0.00682799663028377,0.0359620530230398,0.0166616992151751,0.041618637298027,-0.00768728813583697,-0.0254080028222233,-0.00964989341577749,-0.0312964057452545,-0.0518848828294367,0.0116637257654222,-0.0179989687329867
2022-07-06,0.00960704735436435,0.0127827499960327,0.0110933112492491,-0.00648222476743232,0.00289210978587406,0.00731279146303687,-0.000528617272207543,0.0115571037410458,0.000898243189731307,-0.00834503153518495,0.00932962482072686,-0.0180402384392719,0.0135241451617398,0.000246937635775657,0.00581459120190808
2022-07-07,0.0239995578891123,0.00822687680672196,0.0481163262440545,0.0252928659498388,0.00835337703835592,0.0174932210965535,0.0109669644042141,0.0367542777518852,0.00112165156219013,0.046253971030253,-0.000342620161409846,0.0319404883539527,-0.00149467432490036,0.00913884159355449,0.0101797932383698
2022-07-08,0.00471464482090034,-0.00275719970800858,-0.0012611881394462,-0.00313800188722679,0.00379687522105354,-0.00679103329401354,-0.000767118181604243,0.00480269831385205,-0.00123261753781923,-0.00654529688696592,-0.00671200288301421,0.00162909422075197,-0.000730413675457231,-0.00807695256380536,-0.00161716758601882
2022-07-11,-0.0147578527236351,-0.0117685610193741,-0.0433135004016235,-0.0131164849355135,0.00731931267211317,-0.0328025003072162,-0.000279533884978589,-0.0308075899492019,0.000392781432143385,-0.0227805819531742,0.00703302482751145,-0.00511163927087288,0.0112905083496069,0.00164495326464698,0.00535825128945966
2022-07-12,0.00683381684424544,-0.0409815535340569,-0.00461977058858953,0.000974582210720332,-0.00117044365695651,-0.0226398101055649,-0.0044345280660294,-0.0143157019496528,-0.0140174380905329,-0.00302833943231295,-0.00883294528011713,-0.0133117027947592,-0.0116700800865197,-0.00714394074827363,-0.00904823282060374
2022-07-13,-0.00253682302433911,-0.0037450444730649,0.00543679565559096,-0.00938281915547856,-0.00327115388123278,0.0108038847462686,0.00722520900579782,-0.0233905981650261,-0.00233151469185033,-0.00355325970486342,0.00656306430605924,0.00402397297646173,0.00435002885024427,-0.00124064051135175,0.00387736097024938
2022-07-14,0.0204825069546017,0.00538150045290786,0.0137167700200647,-0.0349387963211393,0.00862105045481276,0.00208329460471202,0.0080090776983055,-0.00885469730767241,0.00136780628943689,-0.0226030038863205,-0.00295122403456627,-0.0200377783795377,-0.0208200443851848,-0.0217786934556022,-0.00161969261914285
2022-07-15,0.0114501666189424,0.0103903498511053,0.0253709520570289,0.0458331475082352,0.0200572570133104,0.0263943403311404,0.0101214982369424,0.0127756061854896,0.0145152458227906,0.0202424096505847,-0.00137666530009806,0.0168388511812008,0.0296267860439081,0.0243798624187415,-0.0177211498306219
2022-07-18,-0.0206431749850667,-0.00962137130575758,0.0215073037123326,-0.010270096566399,-0.0134734185993625,0.00184939743574408,0.00218839647605118,-0.0245800914254877,-0.0224429049566424,0.000634466754593888,-0.0121323194871171,0.0184530253244493,0.000541504311570629,-0.0149574595301313,-0.0152458924776816
2022-07-19,0.0267219232581786,0.0207669308101244,0.0553381042983518,0.0247786050847685,0.0311278531722523,0.0391174126641911,0.0231360701250751,0.0438410333485071,-0.0145783592365003,0.0417900028729277,0.00509380190630204,0.0252033221049517,0.0311044963070257,0.0495804022977939,0.0183201617325306
2022-07-20,0.013509672559096,0.0105575369692177,0.0479638120207475,-0.000174560624890296,-0.0013573689781462,0.0385753962770543,0.00823805929752486,0.000790840007300675,-0.00570790043785796,0.00267421937969425,-0.0172867101932695,0.0109887267278399,-0.00913383470170004,-0.00431599836869789,-0.00772812718717242
2022-07-21,0.0150944951943142,0.00979900154432545,0.0136462910856785,0.0068100070129995,0.0132162997212639,0.0151502863990394,0.00893184539130965,0.00386296564349609,0.00351446402256217,0.00566759377668258,0.000945772231250031,-0.0166965373847816,0.0137390439428573,0.00891047341176088,0.00702252752852073
2022-07-22,-0.00811085768093167,-0.0169158629491443,-0.0404985864543608,-0.00485614098721199,-0.0115175013519119,-0.017732481209792,0.00521292273927654,-0.0563231728174169,0.00472834232764474,-0.0130945557039654,0.0159832482216342,-0.00763538084079063,-0.00519134746167782,0.0097072387157513,0.0174970689345846
2022-07-25,-0.00739830614801085,-0.00587639810313789,-0.0170330542658148,0.00400848296810419,0.00266738723522542,-0.0104557980594838,-0.00143543062918872,-0.00361444063112093,0.00197530212443953,0.0178589885546461,0.0067824254318265,0.033302933464628,0.00893062453067484,0.00480705907520251,0.00909671552578195
2022-07-26,-0.00882633488167917,-0.0267742987048505,-0.0288417651371268,-0.0156225035605838,-0.00830745988797477,-0.0522536062650467,-0.02603283363302,-0.0231606413308265,0.00707415751146767,-0.0031901409729711,0.00194470311709138,-0.00389006964002536,-0.00510251669598616,0.000627394644766133,-0.0132132305449014
2022-07-27,0.0342348254322011,0.0668518234279922,0.0760295307314525,0.016046606492726,-0.00950619862224811,0.0536538959419941,0.00244820407894597,0.0765568026415886,-0.00276373056460877,0.0221817492509149,0.00949604449912056,0.0216448697944096,0.0133624156059888,-0.00156753698401235,0.00588141694154287
2022-07-28,0.00357156377083445,0.0285409829569232,0.0109050137855855,-0.00373130871747185,0.00418116332107932,0.01082911089836,0.00240882297248746,0.0102600829629937,0.00577369592053634,0.0139812755274249,0.0166160644528126,0.0116850847645538,0.0223101308224822,0.0393281860772106,0.0517542794551096
2022-07-29,0.0327930106049783,0.0156649106869493,0.00995338569390869,0.00479043976733462,0.00359583712615863,0.103614640950507,0.00437208981776394,0.0183855254311096,0.00183692122755419,0.0554193073565108,-0.0617990445231869,0.0463081732847044,0.0170748431174077,0.00120831500602758,-0.000591459207099132
2022-08-01,-0.00615309017186028,-0.00972445300725711,0.0153058325378348,-0.00996875909468553,-0.0035359823757547,0.00326048500449394,0.0162157179992104,-0.0125515615441412,-0.00349522915272571,-0.0170996068983268,0.02872359761639,-0.0252759460200687,-0.00639068246666785,-0.0119191098735008,0.00970536644889042
2022-08-02,-0.00928759750921193,-0.0114741661894479,0.00460914616994912,-0.0155853454358055,-0.0241293619910731,-0.00908483442709218,-0.016709412747075,0.00235069726310333,-0.0056926307906342,-0.0582469331857037,-0.00664789859406656,-0.00433965156186833,-0.00809812203000249,-0.0122919534779263,0.00421966636437476
2022-08-03,0.0382477478516858,0.0278363002925985,0.019810049176036,0.0104954650840254,0.0107629091358772,0.0399522992251182,0.0188224242300623,0.0256232272804571,0.00965754955665776,-0.00348748745873984,0.0206408494347088,-0.0324226652538615,0.00813059914583669,0.0104352592516703,0.00922139336786132
2022-08-04,-0.00192628630623493,0.0041772583250379,0.0170436371759015,-0.011002414415225,0.0239353531247393,0.0218606863414483,0.00261132354329852,0.00093157071092631,-0.016037601849102,0.00421074971785429,-0.00158796008824835,-0.0420785752721398,0.00726498113765617,0.000229454286283293,0.0175803819468423
2022-08-05,-0.00138882873220003,-0.00260885249594556,-0.0117617445049744,0.0302598568017665,0.0112426569479076,-0.0124149833873247,0.00820372383011425,-0.00609193204624869,-0.00395809355550325,0.00952934762534707,0.000484514172625294,0.0144512466584878,-0.000892903893150776,0.00489471579636924,0
2022-08-08,-0.00290326614147951,-0.00915469988472573,-0.0629842797946082,-0.0121805830141057,-0.0118125873719376,-0.0098721545420527,0.00736201557347749,-0.00144703330307483,-0.00531831009713546,0.0022655288221225,0.0038004702757044,0.0056529171987727,-0.00327854685528384,-0.00129385162705076,-0.00522847197999154
2022-08-09,0.000303363103177245,0.00706321848280411,-0.0397342868839016,0.00900752158264928,-0.0143445954494342,-0.0113334896316635,-0.0216686072802501,-0.00571208139292478,-0.000117695343177515,0.00118417320601294,-0.00234060968298067,0.0184373910258411,-0.00103023643609657,0.012802913724395,0.0159963859558812
2022-08-10,0.0261946051514017,0.024300543463599,0.0591710372960372,0.0260876869637843,0.00875095321571173,0.0352608325167747,0.020871070025009,0.0263226209154681,0.00287952696273774,0.0252108849354713,0.00945280170009899,0.00949318739595539,0.029035237639693,0.0113620500490144,0.00967180295810199
2022-08-11,-0.00443175223809833,-0.00740070860754904,-0.00856473705176963,0.0147817384596214,-0.00304620064788896,-0.0143668303082385,-0.00285649042000113,-0.00718460270386956,-0.0206832497550733,0.0171979296232943,-0.00710848792119956,0.0289279480106868,-0.0114090651639689,-0.00133905849640259,-0.00389857130854387
2022-08-12,0.0214258641408496,0.0170371526016555,0.0427487084653468,0.0165639273615632,0.00118433098644055,0.0206911524085485,0.013518331924157,0.0238976326997984,-0.0110087065341272,0.0146391337324727,0.00970662790656984,0.00869190672409692,0.0185700462524767,0.0224241081662495,0.011629280979345
2022-08-15,0.00633313533905078,0.00534416586205388,0.0172646823488811,0.00270217068413237,0.0240855003877323,-0.00257757135569792,-0.000889201605822176,0.00328733615697585,0.00477907153126123,-0.00452126547504395,0.0128858788398123,-0.0178722727819061,0.00211817801651959,0.00830666282207226,0.00585814603087065
2022-08-16,-0.000923677787987964,-0.00258982468423485,-0.00803923415091945,0.00955394994069314,0.00332695427751939,0.0111747882760318,0.0405900489967297,-0.00311259478521764,0.0089109892668382,0.00801217278481081,0.0092219418569397,-0.00931562648294681,0.00025644126351998,-0.00917801272780872,-0.0051645669337429
2022-08-17,0.00878471500766875,-0.00263606270238481,-0.0288153736085386,-0.00841209980890711,-0.0120658844892233,-0.0185107936066959,-0.00494847154972344,-0.0176665492698137,5.96685795530849e-05,-0.0080498628682184,-0.00460183924383228,0.00809126071758737,-0.00906239367241646,0.00204241653503368,-0.00364534335666733
2022-08-18,-0.00229151377876158,-0.00394771267016591,0.0238890124682913,-0.00774936052261888,0.00340270840506984,0.00140743799895748,-0.00168841225753202,0.00518613829160941,-0.00483338004183531,0.00724771475446806,0.00355127192124405,0.0236440731288818,0.00229466710889481,-0.00553166682200767,0.00044357167301956
2022-08-19,-0.0151019488970495,-0.0138539334353497,-0.0492195263701752,-0.0247453331609399,-0.0112889835323663,-0.0286015968863922,-0.0119615730875817,-0.0246317037455585,0.0152304808158559,-0.00886775027477593,-0.000267125445095884,-0.003178522253941,-0.0206984362077014,-0.0186635134299603,-0.00587345732727418
2022-08-22,-0.0230293417174241,-0.0293550694212563,-0.0456608728963956,-0.0165218029028494,-0.0197820150351389,-0.0362439026382594,-0.0283517700170846,-0.0253391052177343,-0.00350825443530167,-0.0196318910246015,-0.00267174185957897,-0.0007442142197982,-0.0262057806359308,-0.0234189255207092,-0.0130417727463916
2022-08-23,-0.00202916607095438,-0.00471665713170166,0.0086297919198457,-0.00985697053744949,-0.00867648588592529,0.00300250632652155,-0.0170077683095536,-0.00332627137498653,-0.00871159910772568,0.0284210165585541,-0.0192861904721379,0.0424423669464158,-0.00544280020758814,-0.0189399558376988,-0.00632507288233675
2022-08-24,0.00179402641763216,-0.00235113910642115,0.00238643083429579,0.002423903644027,-0.000628619307432077,0.00134716315782257,0.0039426425398128,-0.00149311511787009,-0.00331076252494644,-0.0154656802380335,-0.00430159208776415,0.00591845059177398,-0.00356956496297545,0.020706751231286,0.00829747234208433
2022-08-25,0.014922580391143,0.011095410837092,0.0401230700537134,0.0237478621363689,0.0152417857652469,0.0260089360849483,0.0054202073567462,0.0260357043513111,0.00936091091075597,0.0243098060570519,-0.000823200495221776,0.00517329821119561,0.0136119254852189,0.012660065520087,0.00766534068578983
2022-08-26,-0.0376992751849642,-0.0385872554625133,-0.0922795825978613,-0.0327287411269949,-0.0330283801325573,-0.0475670078479172,-0.0377040196398294,-0.0540935450495628,-0.0171122435651497,-0.0349960259020564,-0.0234041333264638,-0.0123120775346036,-0.0365847680082716,-0.0333632403097692,-0.0148785352920338
2022-08-29,-0.0136902162498332,-0.0106679969266947,-0.0282287020282347,-0.0024418705999909,-0.00276009574474767,-0.00734230756303778,-0.00597097672079239,-0.00833775415044924,-0.00773130916932396,-0.00072939688979945,-0.00421662627978459,0.0229898561461033,0.0044019417962089,-0.00825879216072256,-0.00701771091499415
2022-08-30,-0.0153054063402177,-0.00852078748757124,-0.0210745015968653,0.00017496700538211,-0.00469548965599309,-0.00816702067513708,-0.0108669415466918,-0.00438687009351635,-0.00349693619559688,-0.0252372673095914,-0.0106571521836716,-0.0380542569676791,-0.00994759804626955,-0.0128838545486197,-0.0151688210016043
2022-08-31,-0.010635009970383,-0.00570430124063559,-0.024179037002816,-0.00594357614226082,-0.0132583443104529,-0.0152256595162253,-0.00954668283144511,-0.00660905182966898,-0.00671047563319183,-0.0119291222349347,-0.0159795053463565,-0.0074760879245882,-0.0062885810260831,-0.00907300999970473,-0.00746817592519156
2022-09-01,0.0047070492639163,-0.00409230282365514,-0.076652890386538,0.00685828615648543,0.00714596546162882,0.00828274102360504,0.0171624388946419,0.0140454268151211,0.0247921774069308,-0.0122893383965915,0.0123245104097713,-0.017993360925325,-0.00905223454811155,-0.00168649736224469,0.0141080038534034
2022-09-02,-0.0136113091507923,-0.0166665617145241,-0.0208080423948029,-0.00698620728738419,-0.011842134232452,-0.00242526646325991,-0.00501112801848802,-0.0172225252222044,-0.0157248346246607,-0.00882499633112821,-0.0177600142511629,0.0183230542537673,-0.00512277609758305,-0.0193885044886216,-0.0133319945766478
2022-09-06,-0.00821517961588281,-0.0109738126506754,-0.0133363518275266,0.000263761232214499,0.00444989574311716,-0.0109795427999692,-0.00808481470269973,-0.00964302455754062,0.00270346723848758,-0.000940001714491157,-0.0111550298105147,-0.00669530563391441,-0.00277273723285432,0.0156698208257184,0.0265539345842771
2022-09-07,0.00925401217431832,0.0191113293488958,0.0187951050632145,0.0189906048014057,0.00896089490276375,0.0267226635546529,0.027388626934578,0.0247167583007533,0.00545426889121359,0.00110700432564537,0.015114349458542,-0.0085307942261118,0.0321007394819828,0.0228593573515363,0.0328488107247955
2022-09-08,-0.00961773352098183,0.0016660804961488,0.020125642544212,0.0232959805742927,0.00144691404437047,0.00262597781818874,0.00816878390097675,-0.00977607851487827,0.0080451778579651,0.0126617456523817,0.00130774434991787,0.00817947768936866,-0.00671742308051526,0.0101084845048371,0.000332371275769461
2022-09-09,0.0188399135114055,0.0229769906238806,0.0283772451148865,0.00480604102963778,0.0223705376432268,0.0265752330426696,-0.000433712830178234,0.0209447598375234,0.00193488072111525,0.0346164127950919,0.0152327686748424,0.0167527079309171,0.0109895637265436,0.0134468336119367,-0.0040987992956979
2022-09-12,0.0385078180946095,0.00828112382038593,0.0082018410767557,0.0118319012293708,0.00696880571394209,0.0238612784110068,-0.00743877105498481,0.00189796894283267,-0.000422437791006258,0.0153571025730257,0.00814523585153237,0.0115026433042227,0.02605992694023,0.00439688875504674,0.0101223097769361
2022-09-13,-0.058679714049099,-0.0549785050305514,-0.0947260102005703,-0.0347486630397206,-0.0336833630144205,-0.0705752837581286,-0.0659071713442519,-0.0589933343648048,-0.0260202649427637,-0.0420479732546497,-0.0206945810500679,-0.023358324785877,-0.0303217381162166,-0.0393240752479949,-0.0214732371175642
2022-09-14,0.00955540643140385,0.000912772590542898,-0.000228507552666568,-0.00231976853736648,-0.00130221201868475,0.013641407988461,-0.00572078554110111,0.00651841708094159,0.0206410311699703,0.00184485969084824,0.00238823182367032,0.0245462454022378,0.00346689957276158,-0.0258264517686371,0.000224861633602025
2022-09-15,-0.0189299296908931,-0.027119343578095,-0.0151582887659988,0.0150705558651028,-0.020259729273154,-0.0176585314552421,-0.0173697715830412,-0.0199047373492014,0.00255058156851828,-0.0116978320796607,-0.00772524638509697,-0.0290774309958008,-0.0128067683827582,-0.0401388512873055,-0.0322904516855781
2022-09-16,-0.0109601852494701,-0.00260819937538403,0.0208058566190776,-0.00670233610451942,-0.0105952739385193,-0.0217770036948309,0.0163143399685153,-0.00106896864770267,0.0152653843409689,-0.0165487200125144,0.00611208599985913,-0.0170833590143197,0.00162600498351995,-0.0219413073698305,-0.0141846848069276
2022-09-19,0.0250827602980155,-0.000898838589990736,0.0139415881489793,0.0092244613176935,-0.00087938274853272,0.00914761510547257,0.0161249562506893,0.00262646965347169,-0.00787583240287393,0.0147097076384655,-0.00209730528438212,-0.000107122048591646,0.00628188601414315,-0.00765365179508881,0.024177603998133
2022-09-20,0.0156656769710419,-0.00846559529635127,-0.015393897841816,-0.019718962544322,-0.00548863528771804,-0.0198139030013031,-0.0222880585362756,-0.0187252517327057,-0.00787852058377236,-0.0226233447651114,-0.0035509313634986,-0.00815446638545669,-0.0126604024144551,-0.0165779752201121,-0.0132427549270199
2022-09-21,-0.02026761260096,-0.0144357675683978,0.00645117893642499,-0.0288354028556295,-0.0262925104049805,-0.0298715234712364,-0.00948318298140427,-0.0183902055367849,-0.0102441908119263,-0.0339347609776568,-0.0128731003002056,-0.0161187856480201,-0.017760253767852,-0.0214549343806032,-0.0200724484761224
2022-09-22,-0.00637527718211428,0.00849526246557653,-0.0527862795470263,-0.0113786554113587,-0.00657686317039929,-0.0103762725445743,-0.00894816364336748,0.00866210453392013,0.017761033143822,-0.00814193062582058,0.00353677448963063,-0.00417800446900829,-0.00889606080110839,-9.210336841603e-05,-0.00512079932203269
2022-09-23,-0.0151237341803094,-0.0126981667690736,-0.00358261942680682,-0.0186136378014867,-0.00984984556652346,-0.0300912015408893,0.00668820889652544,-0.013980190167135,0.00324928018368054,-0.0369976722008207,-0.00462522508613905,-0.0532184242391184,-0.0179515287190192,0.000552829109683683,-0.0122099133635614
2022-09-26,0.00226036973183219,-0.00197538653008789,-0.0230106541313808,-0.0215318892838022,-0.0183191108842903,0.0120408047220977,-0.0160923150953179,-0.00577282879687435,-0.00611812976702009,-0.00986393109301786,0.000958676787317314,-0.0206415592914606,-0.0182054083379714,-0.0408840662772577,-0.0166017201417806
2022-09-27,0.00656605355984619,-0.00437977763061725,0.0151292373327439,-0.00880239575162611,-0.0150619535575969,-0.00642638171049636,0.00791515831142098,-0.00682478101058759,-0.00458643569663852,-0.00110697751926403,-0.0274849437550155,0.0209574072324934,0.00359526965556989,-0.0180492558963616,-0.000862684956262072
2022-09-28,-0.0126513700610826,0.0197116994881532,0.0260211783505055,0.0202172306820469,0.00736506891702571,0.0314657666190894,0.0502435544644533,0.0261539145754965,0.00860935436734378,0.0327506557401016,0,0.0363891221763357,0.0235671137362283,0.0161323612480619,0.0159102868151904
2022-09-29,-0.0491190941443248,-0.0148091885840042,-0.0405149774272592,-0.0169460204827464,0.00491141441234855,-0.0272010764033971,-0.0136786054984719,-0.0262869275131263,-0.0110003740330629,-0.0110873256457951,-0.0248523450342655,-0.00202572066216478,-0.00677877839449892,-0.02636392737161,-0.0291370480078398
2022-09-30,-0.0300392056411051,-0.0193682973901268,-0.00662855728566802,-0.015636850012582,-0.0133846856773699,-0.0156794686751557,-0.00858693939356892,-0.0181687819608601,-0.00711107361502017,-0.0109702397427861,-0.019036381874164,-0.0154487360869525,-7.42611153232708e-05,0.00405166334698315,-0.0195071612823006
2022-10-03,0.0307522485755354,0.0336625229845695,0.0307274207277708,0.0309093066328285,0.0225162224994806,0.0254867013576812,0.0281220474049431,0.0312597860206687,-0.000979462164349743,0.043576189035428,0.0179008717633682,0.0528002417914966,0.0231095086221471,0.027165429122668,0.0354545996778699
2022-10-04,0.0256234204873567,0.0338123502519523,0.0523497787759548,0.0467834651128149,0.022020406135407,0.0449602969275096,0.0206555998846045,0.0304136604504666,0.0148282610961354,0.0490569038159308,0.0123725886753283,0.0364448611151456,0.038576021635176,0.0156190586366247,0.0200764007908614
2022-10-05,0.00205317097360158,0.001285664862128,0.00318977712847945,-0.0123466360733289,0.0108807125860173,-0.00115615983055928,0.00100175681581627,-0.00206621652997474,-0.0030792274816589,-0.00695874367904536,-0.00691766562128449,0.0404115689495943,-0.00932085507640001,-0.00518908953940123,-0.0126783129719138
2022-10-06,-0.00662571359621889,-0.00967091493055761,-0.00598081756075453,-0.0203823117422596,-0.011083406577613,-0.00537407121029132,0.00186286535766578,-9.84865046531613e-05,-0.0193807904138845,0.00241036651832838,-0.0210526488360572,0.0296609901785219,-0.0175126251450253,-0.0333841994602742,-0.0349760189715187
2022-10-07,-0.0367188236266932,-0.0508529975167185,-0.0802742882468565,-0.0199739504043804,-0.00948314040069131,-0.0477140926646069,-0.0209027325123395,-0.0270164383103914,-0.010561641920704,-0.00704632980724229,-0.0174730952301844,-0.0100921471736807,-0.0201566719625846,-0.0153059026825481,-0.0276263459029313
2022-10-10,0.00235569128262081,-0.0213030047573057,-0.0336202728042457,-0.00934162130912564,-0.00897599399271998,-0.00776884958637702,-0.0065419986525681,-0.00830961452801449,0.00131079528053935,0.00630799398572068,-0.00410400885885032,-0.0216768504546547,-0.00501483128966529,-0.0145476190537217,0.000130483220259103
2022-10-11,-0.0102549097833167,-0.016750065200239,-0.00719782668494817,-0.0288597645758539,-0.0166866632633582,-0.0128441902700015,0.00152224724708838,-0.00694863653628475,0.0144629609618558,0.00604467685887289,0.00379779219398468,-0.00849846441230073,-0.0030531471707097,0.0174922452722126,-0.00925206993924022
2022-10-12,-0.00460483676884593,0.00150836430817214,-0.00742282897225433,0.016182682874653,-0.0050238106134961,0.0061492063723021,-0.00837773528647079,0.00391019974299223,-0.000246023650625427,-0.00139078345567656,0.00160980494243668,0.00438758422915653,0.0021770031888948,-0.00198747206675109,-0.0431408036221236
2022-10-13,0.0336125495248136,0.0376078243618365,0.0399999400767417,0.0555933531396069,0.0360189320730786,-0.00327726077574253,0.00823459846835983,0.0153750920414237,0.0151210435819098,0.0202785857702921,0.0151090305557919,0.0349489299776362,0.040023822420882,0.0208105926828588,0.00467314268051977
2022-10-14,-0.0322399866309986,-0.0242485548899498,-0.0612877003183904,0.016640648751441,-0.0110475278559395,-0.0500310789521999,-0.0226285388700393,-0.0252372079534398,-0.004177942270015,-0.0270286497505643,-0.00973803246480365,-0.0263079547902412,-0.0252074870819813,-0.0291651267012071,-0.0180598034905841
2022-10-17,0.0291227252455599,0.0392456876570082,0.0588760637987706,0.0420002543094931,0.0144017203718454,0.0644527529588526,0.0174729967954017,0.0353148684367746,0.0129513576733624,0.0146471377582225,0.0180684522198753,0.0144166711898155,0.0202662434009777,0.0572693566336766,0.0261948352031138
2022-10-18,0.00940952335175482,0.00408371153958997,0.0066453281909733,0.0257204628980052,0.010364197816118,0.0225854615884227,0.0135105978271173,0.00800222993388866,-0.00348150420108828,0.015210584107914,0.00808857760623916,0.00178879078037153,0.0133131338851544,0.00589163098320777,0.0191444326665928
2022-10-19,0.000765129488696559,-0.00846970940323044,0.00701926915910822,-0.019605995643486,-0.0040604260677084,-0.0110862917562806,-0.0335719897316585,-0.0113128442089133,-0.00795136791886963,0.00468521403733346,0.00927004064738557,0.0296627876345312,-0.00263476282502073,-0.0362777098499303,-0.0189178528009255
2022-10-20,-0.00326688680934706,-0.00139535107000921,0.0118661971271681,-0.00326161246878154,0.00434526160673121,0.00156426788609676,-0.0218882571128264,0.00341274950213011,0.0025502210021997,-0.0209859812375166,-0.0128802258213342,0.00134892828623934,-0.00591705653201424,0.0044113801537653,-0.0407389286501724
2022-10-21,0.0270590854459405,0.02528067531932,0.0223058525008657,0.0525273117313139,0.0168250646157726,0.0353145309746137,0.0225265175272487,0.0116033759337713,0.0218036998184836,0.0606671380531809,0.0125207571839101,0.018570165852754,0.0215778712204109,0.00605107905065672,0.0142980296349058
2022-10-24,0.0148025681630224,0.0211877530266824,0.0106691501617509,0.00122717836087305,0.00178608301834893,0.00419041234729134,0.0280549682108939,0.0137447044507366,0.0134550517112277,0.00567745565586719,0.00614390217284067,0.00699028705036997,-0.0353773024507081,0.0028135680125001,0.0227492170960319
2022-10-25,0.0193378303514791,0.013791582652853,0.0525439930377798,0.00261487155949691,0.0192441160096242,0.00650975447574265,0.0247124811257426,0.019118253928246,-0.00157918084755071,0.0185048775842285,0.0115174115409131,-0.0067541844351463,0.0361713549420886,0.0479828826011546,0.0352073622818632
2022-10-26,-0.0196270916914018,-0.0771562791924704,-0.0275242243285343,0.0114913167694541,0.0460436799808683,-0.0409618148798879,-0.000378835063517879,-0.0914050749562174,0.00878690308030272,0.0108810824872947,0.0070305054039641,0.0119003015819725,0.0231106097196481,0.0142157320969056,-0.00342718919204643
2022-10-27,-0.0304656020471161,-0.0197561030138683,0.0217120023630819,0.0039482554062622,0.00472115453674138,-0.0406363862080393,0.00313614154011876,-0.0285472739988544,0.000580505766641926,0.0770712226592045,0.000758866923010082,0.00382689519635804,-0.00535888201012669,0.0103759019787752,-0.00171971379420588
2022-10-28,0.0755526571377001,0.0402203060258663,0.0499393599349609,0.0118779538420659,0.0247199313140956,-0.0680424971580574,0.0260769624632529,0.044133539967014,0.014857008387648,0.0339397912977035,0.0253259275467066,0.0292884660703077,0.0291210727383577,0.0177463773075002,0.0471712637744148
2022-10-31,-0.0154104700575948,-0.0158560135649897,-0.0243603052864733,-0.00158625133423862,-0.0104138132805248,-0.00938014878978821,-0.00843781985162795,-0.0184858243804691,-0.00514664436792989,-0.0131301303038616,-0.0040675566041023,0.000993742127374908,-0.0147448340275008,-0.0197381807286257,-0.0193597726882766
2022-11-01,-0.017542868250589,-0.0170594830248098,0.00340827331880011,0.0180329704673152,-0.00111026927676161,-0.0551542502071942,-0.000236308538237862,-0.0427467569684868,-0.00505830343728408,0.00942425682421089,0.00155944072282388,0.00992692791439076,0.00275736298230456,-0.019864490227205,0.00270950299705675
2022-11-02,-0.0373048918724752,-0.0353682813353412,-0.0239236603727582,-0.0092078721742006,-0.0288986306820247,-0.0482487666574258,-0.0247585698387599,-0.0386867875954235,-0.0153678077778652,-0.0181234639769171,-0.0143831094409057,-0.0205522474641651,-0.0128448592678951,-0.0166745012456467,-0.00553309055509477
2022-11-03,-0.0424049486921166,-0.026578885120687,0.0152808472011576,0.00181141863028911,-0.0308532321859445,-0.0306122406724402,-0.0250409247438488,-0.0407037515355057,0.00170153079596225,0.0220004011246855,-0.00684519820433149,0.0135937593112765,0.011075588008844,0.011898210199625,0.0116456382984962
2022-11-04,-0.00194730230748152,0.0333255227923313,0.0547647248980689,0.0273583363981034,0.0114505290988189,0.0188129926961151,0.00898766232684611,0.03775610650445,0.00445197215126747,0.0391773456034405,0.0182534466668425,0.010890944163136,0.0380711384055656,-0.0036107837990409,0.00793051210836837
2022-11-07,0.00390220338461811,0.0292697615188091,0.0102432031386861,0.00528023356404428,0.0158392243671623,-0.00494619214148917,0.021969502826704,0.0220604568266238,0.00874734617377992,0.00333555320606616,0.0153229048846002,0.011842087634732,0.0147606969712555,0.0121724354120916,-0.0191622795786659
2022-11-08,0.00417514197942315,0.00438829714544453,0.0210474656024195,0.000608823643006629,0.00839573894896839,-0.00607528366043741,0.00299710308415757,0.00463355601140258,0.00497143102225928,0.00524912808439382,0.00227109821210103,0.00316814957303002,0.0038919120785319,0.00752770425328819,0.0126793285538935
2022-11-09,-0.0331901164902815,-0.0190501693198355,-0.0565676674477823,-0.0130085393237918,-0.0367556420771186,-0.0426761927542122,-0.0150786491950887,-0.0177730620522405,-0.00799551671281196,-0.0185805632568529,-0.00241230512360724,-0.044736788899727,-0.000857962144196089,-0.00874712237955477,-0.000894537531524242
2022-11-10,0.0889747034692836,0.0822681222824573,0.143292621287656,0.0411592433517924,0.0600216416306276,0.121778476179443,0.0870096146716897,0.0758132232803106,0.0117133053430234,0.0306375795701039,0.0344373138808876,0.0146923130557348,0.0443008835852883,0.0877838324711582,0.0639390168355116
2022-11-11,0.0192685841593718,0.0169974243101954,0.0366349235055203,0.00162846590222587,-0.00277280165932736,0.0430508514990382,0.0103947662964279,0.0262935274557135,-0.0299190323822461,0.0173800416638312,-0.00148759227434048,0.0312214696109419,0.00563385772283387,-0.018675137853259,0.0013220546774686
2022-11-14,-0.00948530993929264,-0.0225001387774947,-0.00196005718142656,-0.0102733884644794,0.00907313910116936,-0.0228197542500814,-0.0254653380839536,-0.00736454606895609,0.0157164760090578,4.23609246433809e-05,7.09574711115213e-05,0.00291963103240112,0.00563268368825209,-0.0312579857198624,-0.0198052531165557
2022-11-15,0.0118690498685068,0.00173871494885591,0.0227679476072304,-0.00724352117814586,0.015131283524503,0.00456903835310429,0.0163236356616938,0.028631216462726,0.00279194616457179,-0.00807624643448857,-0.00347541623390557,0.00670364709209537,0.00144534465460255,0.00222219546143476,0.015307065297909
2022-11-16,-0.00833075843750664,0.00182353427201853,-0.0453618815497494,0.00135386332353993,0.000714144609385903,-0.018394983322363,0.00955334513600126,0.00416497569420238,0.00620685025330459,-0.00925003478311182,0.00889723113884178,-0.0106897318926035,0.00351825123048854,0.0079822721965237,0.0170062408052845
2022-11-17,0.0129712565780855,-0.000206965312886775,-0.0146448303341653,-0.00435700927303151,0.00404487793375075,-0.0233731899533006,-0.0110188848172571,-0.00495685792958578,0.00807088057509264,-0.00851918310890609,-0.00613804189970069,0.00132849395246781,-0.0101579830870222,-0.0117905067095443,-0.0233632777256025
2022-11-18,0.00378169795857963,-0.00190327800863621,-0.0170952109940939,0.00980837656743594,-0.000900375420606836,-0.00748549389451358,0.00558696930395408,-0.00945529939497547,0.00766351171259094,0.00429612147947855,0.0120679883640307,-0.00866790215109825,0.0138345964807127,0.020033821441114,0.0103219096046698
2022-11-21,-0.0216802671575094,0.00344091973214389,-0.00597035469198948,-0.00590248784562208,-0.0212525610531916,-0.0178457649890373,0.0114948567448006,-0.018782809857825,0.00514087864406299,0.00319752096125869,0.0126954480352051,-0.00990357928540853,-0.00161262054199296,0.00340426149799922,0.00480738747506049
2022-11-22,0.0146612533776656,0.0123114717786592,0.0470716707784946,0.014956767355504,0.0194361620358743,0.0080034379309637,0.025569857157117,0.0151676122422721,0.00483023243086556,0.0219237291656649,0.00858858456401834,0.0289267041861607,0.0161197405982048,0.00722074818235585,0.00610083243282822
2022-11-23,0.00592651134209166,0.0104068518581735,0.0299914052463923,0.0106634637612821,0.00665609262437039,0.00997854437368972,-0.010373009209534,0.0145284741602307,0.00107440491799848,-0.00143307727312292,0.00569961279653652,-0.00499212563081664,0.00912402004798518,-0.00215924114626709,0.0147576126818412
2022-11-25,-0.0195938935579528,-0.000363506373332378,-0.015073619474078,0.00190526398231849,0.00972935573672995,-0.00764892820904073,0.0151473526249988,-0.0101563686202659,0.00129951267555017,-0.00514958217572248,0.0018437603796253,-0.00352089838994518,0.00455017139713765,0.00744381513783554,0.00494566737960178
2022-11-28,-0.0262640095969934,-0.0231524172212462,-0.0272278608107756,-0.01747869389669,-0.0118343347366517,0.00578089353348199,-0.0228568696068351,-0.0144674351326752,0.00050770751370699,-0.0144249397212741,-0.000817775323139425,-0.0300325043401742,-0.0195111510501476,-0.0423577165576153,-0.0188654400377669
2022-11-29,-0.0211482880741877,-0.00591501362634395,-0.0118785468220728,0.0164495445682185,-0.0104135869386682,-0.0162852456518946,-0.00928153800458287,-0.00895379750357594,-0.00699261716939137,0.0121393359976227,-0.00764007901875707,0.0066476990577482,-0.0169678731784914,0.0210839747191087,-0.014809623573156
2022-11-30,0.0485937696312153,0.0616237086710796,0.0823791275993575,0.0118628705968828,0.0379795938476919,0.0445791260355859,0.0316180444566738,0.0609307915269488,0.0108469463128484,0.00548657336804914,0.025295788337695,0.00723721106671982,0.0135857836267401,0.0349705521806107,0.0267911145082598
2022-12-01,0.00189147817109547,-0.00176386167079845,0.0125272547345294,-0.0140393692009221,0,-0.0107727460706919,0.0095069971964683,0,0.00415720051996726,-0.0030454143883698,0.000603044596873881,-0.00484993938060108,0.0058154161914401,-0.00585798906161239,0.00153492858911197
2022-12-02,-0.00337127788113722,0.00129583352882068,-0.0151152529943642,-0.00792745984397758,0.00304135183541487,-0.0143455784982411,0.00281252276377897,-0.00544607769152805,0.000783297806348004,0.00186677928128653,0.00911248041511725,-0.00848376772545689,0.000266951389472858,-0.00136634879164899,0.00436146937184123
2022-12-05,-0.00798318378523499,-0.018900566843144,-0.0157617045905952,-0.0280407135096564,-0.0182854762751855,-0.0331455987275534,-0.0241164108063386,-0.00955778792049156,-0.000559358941040755,-0.0150765198766923,-0.0100920625887522,-0.0273984716896282,-0.00915962301968087,-0.0229178024185788,-0.000586685298950451
2022-12-06,-0.0253700099851404,-0.0203038760048455,-0.0375077511064698,0.00167445527565668,-0.0215272940820479,-0.0303263605257266,-0.00821675020616786,-0.0251308092248628,-0.0149903931365649,-0.0184031374109634,0.00127414312182217,-0.0277960183128153,-0.00825704224676849,0.00297562184357969,0.000352257781565113
2022-12-07,-0.0137849113895436,-0.00305962104572843,0.0083192669832548,-0.000683655010384587,-0.00607430878885329,0.00237959302518598,0.00850531504011287,-0.0210350675790779,0.00607618309451885,0.00302272589898611,0.00643091238231297,-0.00221409667853933,-0.000301949065263152,0.0122165133962875,0.00129139007040768
2022-12-08,0.0121330058576248,0.0123993193872838,0.0650747522455115,0.0104942954505396,0.00620768999509425,0.021365582288144,0.0123066114427248,-0.012955798888606,0.000169206846502012,0.00847230802721977,0.0071884355188252,0.00742877558807886,0.00974672236019658,0.0137931294469391,0.00551057771600161
2022-12-09,-0.00343503392735645,-0.00800321216494349,-0.00978508961760827,-0.00541846295120241,-0.00191314237502227,-0.0139457903432214,-0.0111386038378831,-0.00939049866034947,-0.00823921896214674,-0.0157198635907768,-0.00264338586450719,-0.00842735297826236,-0.00723177017408905,-0.0108843156486536,-0.0145755231752028
2022-12-12,0.0163897495755865,0.0288892163300607,0.0314097022418536,0.0155114412615671,0.0282224206223967,0.0163879983598814,0.0234021829661106,0.00517069791271263,0.0119494604481161,0.0253861766221763,0.010270338187238,0.0246279499757838,0.0115588527341555,0.0147007180078709,0.024139260434366
2022-12-13,0.00678236829319667,0.017464676162902,0.0306244137270941,-0.000968713562666479,-0.00722294155384995,0.0214245692615034,0.0149703050184129,0.0248632155420623,0.00770357307879133,0.010426480417747,-0.00150820957304221,0.0109342938773451,0.0190447795529569,0.0259256321113619,0.00693217836997184
2022-12-14,-0.0155356340973388,0.00116763842374934,-0.0220227781237587,-0.00499695899955932,0.00131416688261132,-0.00983885883590563,0.0016220639515343,-0.00585594782327858,0.00306896154969616,-0.00428893689901244,0.00394061894518738,-0.00736605907392418,-0.00128476514873077,0.00404661606537804,-0.00114721379709803
2022-12-15,-0.0468542622971088,-0.0319182041540353,-0.0408513338364703,-0.0248106378766713,-0.0253608774188192,-0.0341778207057332,-0.0174847939335397,-0.0442831061000574,-0.0126278557759729,-0.016291300287843,-0.0113188134472573,-0.00958107884027271,-0.0327769008190266,-0.0245928629707622,-0.0142449947562159
2022-12-16,-0.0145789107967182,-0.0173486721236027,-0.0224751053046067,-0.00622605051154357,-0.00490599035597528,-0.00667039410115378,-0.0130035176707873,-0.00660340452549368,-0.0102541086674846,0.00893079929988239,-0.00443384962479854,-0.00701813906430482,-0.00353687926213864,-0.0471985792091411,-0.0194614058194771
2022-12-19,-0.0159094110610508,-0.0173280934946237,-0.0191298673926914,0.00595561903266906,-0.0100052335184392,-0.0334623539834106,-0.0185875196075492,-0.0201640150711939,-0.00108124508228313,-0.00184769525498085,-0.000265963128205038,0.00448902326557254,-0.00782705244874815,-0.00151466608063155,-0.00736873021241058
2022-12-20,-0.000529046891928675,0.0056143451452042,-0.0103971575977005,0.00484393060325372,0.00263622912755301,0.0031795134041781,-0.00784659931738729,0.00655801549838886,0.00108241543865306,0.0122692400687916,0.000399274571020403,0.0144527312082581,0.00574835539371854,0.000981390441699315,0
2022-12-21,0.0238094986537909,0.0108769051213775,0.0258623602510484,0.0112480201120786,0.00706092853989526,0.0185467091956815,0.0143566362888565,0.00629094225788673,0.0114418799103446,0.0280258876415118,0.00917148646653865,0.0128410426845142,-0.000790051817187387,0.0156891299107305,0.0135300095201709
2022-12-22,-0.0237726923056195,-0.0255288032515554,-0.0704199747473078,-0.0113497904801482,-0.00846182468538725,-0.0343436192558293,-0.0101453361926823,-0.0203171642224148,-0.00365823838266266,-0.0173335926841675,0.00230533269416977,-0.0201740080253048,-0.00307308686616914,-0.00588006066643831,-0.0154758243944794
2022-12-23,-0.00279802679326191,0.0022670197278376,-0.00867052942610869,0.00474497852596723,0.00375496150322197,0.017424502548276,0.00825634261905761,0.0167501678228872,0.00254193292248317,0.00980898587807499,0.00282550835822892,0.0264449915670271,0.00509645067879805,0.00308983857358647,0.00995923115184638
2022-12-27,-0.0138782113383513,-0.00741404510835897,-0.0713534819459641,0.00350408794394474,0.00223470821095639,-0.0259237429263655,0.00257254620415881,-0.0206208516438746,-0.000281742142585806,0.0136323143025256,0.00871403443301499,0.0138941021874259,-0.00115366296263064,-0.00290445675376716,-0.00201980673931235
2022-12-28,-0.0306852128682653,-0.0102550059796263,-0.0060194743034454,0.00546509807889639,-0.00630160973312632,-0.0146917293744273,-0.0119539810588046,-0.0156767605762279,-0.0043395156977184,-0.0154642994729225,-0.0129260018118633,-0.0164262757143097,-0.00924152246599608,-0.0250683796880242,-0.00999956858688711
2022-12-29,0.0283243803945521,0.0276297158719794,0.0403961668764548,0.00573761449032273,0.0149761833929298,0.0288438110383036,0.0148226434979017,0.0282490868545193,0.00509432030300938,0.00342544972527481,0.00414585600416673,0.00756598362802596,0.0117823892775222,0.0318695845095285,0.0110626410053003
2022-12-30,0.00246879436138281,-0.00493751517979635,0.000753210893152723,0.00660574838381889,-0.00144184049664031,-0.00213827874225747,-0.014200637422315,-0.0024872782128309,-0.00512512888630656,-0.00266431459133176,-0.00675001331477754,0.0100733550037688,-0.0108264766134109,-0.0108801058461082,-0.00570865984394264
2023-01-03,-0.0374046904713721,-0.00100071611780361,-0.0204598690811949,0.00760621208364354,-0.00178090816567367,0.0216666630336217,0.000158209928701192,0.0100874036214125,0.00871812371116776,-0.00283856947160188,6.58328870462022e-05,-0.0343607287094375,-0.0240050451914297,-0.000354807390813283,0.00275105375147522
2023-01-04,0.0103142365746289,-0.0437432195814452,0.0303180842420412,0.0093250066483872,0.0251700275460069,-0.00792356452567999,0.0120920374087587,-0.0116695737830104,0.0108871588469246,0.01038180010951,0.00435412031794424,0.00291028581816088,-0.00496339097695608,0.0378917021033125,0.00787312004219776
2023-01-05,-0.0106045310978773,-0.0296377211527732,-0.0328158701287681,-0.000221571226505124,-0.00705521529026309,-0.0237255891184797,-0.0133235942792881,-0.0213445223251972,-0.00738357723827154,-0.00447470231022129,-0.0124152912548389,0.022374042621178,-0.0356094291084135,-0.0351403649843511,-0.0220145147128072
2023-01-06,0.0367940445472565,0.0117852217664351,0.0416404029677035,0.0191356660436408,0.0314528323539751,0.0356111523900831,0.00653004040460492,0.0132251825560366,0.00810963211889293,0.0357083656312092,0.0238127081317652,0.012086904295963,0.0349280144584851,0.0336731992954569,0.0123442910973803
2023-01-09,0.0040889979522658,0.0097363078627144,0.0517530185064312,-0.00413232257717155,0.0039034440210477,0.0148698739785005,0.000881845710172025,0.00778568034115934,-0.0259084738754572,-0.00900108604915417,-0.0122140400298866,-0.0186374250248256,0.0182182068932517,-0.0050580515333768,0.00502095718015294
2023-01-10,0.0044562392839278,0.00761727304615545,0.0179806714669821,0.00895390297756027,0.0113907084985347,0.0287317092341348,0.00887294779066794,0.00454445621842781,-0.00239218573940392,0.0157732408267932,-0.000986478581330053,0.0149347094662324,0.000341799296010858,-8.60100348465398e-05,0.00559054522943336
2023-01-11,0.0211122858111272,0.0302379995934143,0.00578273771144922,0.00743155834546627,0.00456828804460141,0.0580838258793435,0.0261050313759117,0.0350600101305341,-0.00159851770815322,0.000878235566953656,-0.00809824190441666,0.0116271852111007,0.0235694247004108,0.042222963498737,0.00544113120467715
2023-01-12,-0.000599186479281477,0.0116216306693895,0.0318729666811841,-0.00100276343359462,0.00684368078979092,0.0018929468094222,0.0026443377490184,-0.00426142711227695,-0.00503185934530759,0.017309568485862,-0.00564162166804427,0.0166111651870922,-0.00215428617380009,0.00967371501683867,0.000823552170964081
2023-01-13,0.0101190511531244,0.00301870339658672,0.0234996184370477,0.0252350025322514,-0.00250405171478008,0.029915043601747,0.0040620888842462,0.0108635884273853,-0.00327594091787842,0.0132904861634298,0.00714235413870301,-0.00061819010671782,0.0158098903585404,-0.00180160010489749,-0.00458445788180561
2023-01-17,0.00875626587718603,0.00468178904595695,0.0475175640023424,-0.0154537018713468,-0.000269032633405053,-0.0210966126873282,-0.0111106922887085,-0.00901004469697853,-0.00616962880080696,-0.0085120918679259,-0.00291628193290239,-0.00194432466210892,-0.0123011424819184,-0.00393775032788968,0.0125176001440157
2023-01-18,-0.00536986500446601,-0.0188892538373172,-0.0183595298561008,-0.0300425050214945,-0.015874450885269,-0.00614267515397393,-0.011724170879544,-0.00186217995363958,-0.015084705810938,-0.0134237933627266,-0.0267882357507011,-0.0205437310287673,-0.0171518953225062,0.0101300385209429,-0.0226263931096817
2023-01-19,0.000443500851680101,-0.016453826505626,-0.0352188549296254,-0.0133265557842192,0.00432884358454722,-0.01864654092152,-0.0395749304263473,0.0211810743621914,-0.00135471108785001,-0.0233287645545939,-0.0211481303437896,0.00641880346613988,0.000616933261616381,-0.0110882392483572,-0.0144392198287751
2023-01-20,0.019220872982139,0.0357435326185105,0.0640621505938257,0.00244904677867774,0.0176941643985449,0.038108450930769,0.0132525837618584,0.0534119286930452,-0.0046602561552902,0.0161137219945506,0.00386202559867277,0.0182358254548183,0.0125715361341669,0.0126142167322865,-0.00932321437841388
2023-01-23,0.0235006195786864,0.00982425127882158,0.0759010595702951,0.0162125185534894,-0.000579445815166446,0.00277631509579845,0.0015240305083859,0.0180577256646035,-0.00254824103324347,0.0119739149989915,-0.0134297088128502,-0.00520512521499938,-0.00648155110915916,0.0264615958178063,0.0103887824189388
2023-01-24,0.0100627200250065,-0.00222599328079809,0.00375117320756368,0.00859628546432423,-0.00129368797095009,-0.0123051373005508,0.00700524833623484,-0.0209441088056331,0,0.0194300154607996,0.00545923380106439,0.0093118276624371,0.00655456265022347,0.00261749295750291,0.0148782987268914
2023-01-25,-0.00470042576904695,-0.00590817079129546,0.00301070355377853,0.00483923457277435,0.00451122652104963,0.00892857779356682,-0.00135350921467758,-0.02538378314971,0.00712981034131288,0.00322218439968847,-0.0007052857999158,-0.0052720286738438,-0.00690755915679497,-0.00561706557227815,-0.0871276439450941
2023-01-26,0.0148031975370884,0.0307136581194594,0.0247892009731945,0.00618154814062533,-0.000844757220265668,0.0209919830121537,-0.0108745700379523,0.0241545885904706,-0.00365760350267419,0.0142392380153065,-0.00402209331492465,0.0401909394675732,0.00965201349186118,0.0188558585810945,-0.00248071545010908
2023-01-27,0.0136841528361495,0.000645075682434548,0.0284314176491076,0.00242909286846116,0.0299496727885786,0.0304373776044287,0.0091776785046942,0.0189705013356072,-0.00390796868998922,0.00923231092870291,-0.00410893864146067,-0.0182577207244561,-0.0145974268718249,0.0138998418844516,-0.010732964589256
2023-01-30,-0.0200779995138334,-0.0219615804283937,-0.0590718679409928,-0.00848045715702939,-0.0101106038954237,-0.0165296835614528,-0.00773643151876202,-0.0244541560532066,-0.0370328340065847,-0.0114915355106733,0.00313028211316646,-0.0177319125990966,0.00101642106859146,-0.0157886996190156,-0.00701214962043828
2023-01-31,0.00902088168262938,0.0210129153630521,0.0195697962534442,0.00596556310664376,0.00484506483936542,0.0256588177360086,0.0316000403078949,0.0195996425334362,0.00876558209210598,-0.035219941606861,0.00971549914587855,0.0215746101038614,0.0181828293843738,0.0116597398421756,-0.00559619632751596
2023-02-01,0.00790087619836566,0.0199343187071137,0.0719662615324834,-0.00264381904038979,0.00299716999875388,0.0195869710681487,0.0120925473824602,0.0160866793838406,0.00917894414755649,-0.0109002552197669,0.00568903058651049,-0.0109474235988177,0.000422843546338258,0.0125308620217683,-0.00522600523489614
2023-02-02,0.0370625530502477,0.0468844699909197,0.0365753388106411,-0.00465621834731322,-0.00580350236556726,0.0737993535294492,0.0356611118951811,0.0727870994251996,0.00375940081929671,-0.0185939915831433,-0.00712340438053982,-0.031288106248417,0.00292980491782036,0.0274257117283736,0.0183189318087209
2023-02-03,0.0243999238374475,-0.0236205177448164,-0.0280528438295283,0.0154741268318397,0.00248310070223656,-0.0843149762083985,-0.0243977126345931,-0.0274736826528655,-0.00561782708198344,0.0116780587121816,0.00309481805565359,0.00692743138938923,-0.0254478732644,-0.0213398361255822,-0.0123016866968814
2023-02-06,-0.0179288747849765,-0.00611594944310745,-0.000521422208323297,0.00588269154093601,-0.00299834874536165,-0.0117032507168561,-0.00672681064351865,-0.0179422356320652,-0.00759383800844071,0.0147723610665329,-0.00848478481551107,-0.00169748999826924,-0.00228687216128087,-0.00136767957354544,0.0112499242402493
2023-02-07,0.0192448870964439,0.0420220717094197,0.0514010834071017,0.0121899255930979,0.00819398734861543,-0.000685062581866847,-0.0123606481179613,0.046064056930978,0.000244646829998807,-0.00700010406580032,-0.00975912393567679,0.028551094614875,0.044167841231525,-0.00890141203570805,0.00754824791806952
2023-02-08,-0.0176527814308358,-0.00310176642730386,0.00144342912636986,-0.00703097824003085,-0.00484187198053287,-0.0201742977796527,-0.0135608956130787,-0.0768300356578557,0.0012854070336068,-0.00316440102629989,-0.0103557198547245,-0.00870179368022483,-0.00851319153459251,-0.00360792142156108,-0.0138009743166517
2023-02-09,-0.00691162571492399,-0.0116600929841265,0.0059444858417057,-0.0155636008755924,-0.00174092256618696,-0.0180910058248767,-0.0163349231482237,-0.0438764779268968,-0.0135077883431013,-0.0104069781342059,-0.0109691931648913,0.00377458465519287,-0.00502617608262812,-0.0135593714149489,-0.0234575235797448
2023-02-10,0.0024563445771415,-0.00197252822198046,-0.0479921343358926,0.00441525416541411,-0.0093744952399849,-0.00641283863107966,0.00313766089950041,-0.0046311668637089,0.00464685843766754,0.00564391865234959,0.00882875893433899,0.0421512812356073,-0.00159374521741507,0.000390544473276799,0.0200631056638476
2023-02-13,0.0188066427949631,0.0312431164496818,0.0245945043085605,0.0108482376099679,0.00739450642571438,0.0197725672892897,0.0220824579164705,0.00042292960970669,0.00370022916805013,0.00193816708091066,0.0130912018906826,-0.00388972283878519,0.00608360262329311,0.00936834426843225,0.0117742130075416
2023-02-14,-0.00422496624845048,0.00313260798161941,0.0542961243630065,0.00441886034751549,0.00222817500731742,0.00160735414148339,-0.015763472093174,0.000740078503190134,-0.00436274940041415,-0.0152731524381539,-0.00563984215126945,-0.0117148082756162,-0.00017960840187381,-0.0120657845276475,0.00542160867943364
2023-02-15,0.0139035803832532,-0.00799267223804878,-0.00901161264953187,0.00418965972298024,-0.00204888313257234,0.0146439995843242,0.00709717672749965,0.023869750099305,-0.0164770712478854,0.017760732762504,-0.00229748447209632,-0.00300642411893781,-0.00440110037585395,-0.001565902468742,0.011968954161526
2023-02-16,-0.0104296276181267,-0.026622839362674,-0.0334735560907703,-0.013768814175933,-0.0134981473111008,-0.0297548638519662,0.00171504231885811,-0.0147514545914496,-0.00709035203119845,-0.00876561627173367,-0.0130973903888095,-0.00292910758522824,-0.0271555305380079,-0.0136436425051231,-0.0162464950069086
2023-02-17,-0.00754671334141843,-0.0156017855499773,-0.0279068820780192,0.00296136935603775,-0.0100517360193846,-0.00967910914791204,-0.0102414190953452,-0.0121452968122325,0.0208770393784019,0.00515172016141019,0.0209274757819264,-0.0384515021456687,-0.00612065367158476,-0.0037365522139905,0.00502053687410187
2023-02-21,-0.0266798641970465,-0.0208865299497292,-0.0342715105128307,-0.0183491647445509,-0.0131509561735031,-0.0269546831218793,-0.0706086720548259,-0.0271331400011837,-0.0149011608027922,-0.0285724650976003,-0.000714403433722421,-0.000988567989863798,0.00945528581878596,-0.0146824235221628,-0.0316813580360812
2023-02-22,0.00289626693740686,-0.00459107212287846,0.00479316243560812,-0.00766329229564944,-0.00271959381110576,0.0127933924830541,0.00270713629688757,-0.00152521142516526,-0.00139252977737137,-0.0117155205293517,0.0042170614231023,-0.0129531354204944,0.0168536784895059,-0.00469695390530256,0.000271508785058883
2023-02-23,0.00329029926675117,0.0129619332615021,0.140213904966207,0.00801111999657156,0.00504505428486679,0.000313172345862478,0.0101587653479436,-0.00829227073540395,-0.000316794196638104,0.000252281706189628,-0.003202770910957,0.00920428769770232,0.00563594566580505,0.00903163800374895,-0.0109935251590078
2023-02-24,-0.0180051722715178,-0.0217845196628499,-0.0159738334596264,0.00902110233311104,-0.00714521647787114,-0.0242120611794318,-0.00885371841220173,-0.0193642131098961,-0.0111582390240502,-0.00748057728203122,-0.00564106500957762,9.05400213568885e-05,0.0475155224918962,-0.0212079115872379,0.000686422561728905
2023-02-27,0.00824746670455001,0.00377190645208825,0.00923299172650105,0.0087277801805461,0.00364403539911939,0.00278077151048639,-0.00219108940338986,0.00830273807506487,-0.0021801506816701,0.016132473096373,-0.000861433067058881,-0.00180607511064446,-0.00914695644766528,0.0126047940600635,-0.00817145806268571
2023-02-28,-0.00344766563912546,-0.00295820038097683,-0.0121270500323569,0.00837092658344263,-0.00186084603849446,0.00501281154004474,0.00179062092517501,0.00211399857512706,-0.0152283009876323,-0.00179187055001784,-0.0113554960596122,-0.00578926224179921,0.0112923795697697,0.003986817695256,-0.0115498896375505
2023-03-01,-0.0142460209839484,-0.0126293819978394,-0.0223121822787481,-0.00558075262274949,-0.00718380526648033,-0.0218614572280678,-0.0193902934598981,0.00333111663688834,-0.00450188156070508,0.0380714212397473,0.000726884156970309,0.00891647846737875,0.00482236554533677,-0.01839545574299,-0.0163310858947078
2023-03-02,0.00412920664527783,0.0196532522984656,0.0271388527797081,-0.0103820899173112,0.00320574602884349,-0.000433990629510772,0.00766854783283621,0.0181497195667892,-0.000786976337434186,0.0141150682068349,0.0164898035929244,0.00459909472816333,0.00485672287535421,0.028812071012674,0.0334907711152881
2023-03-03,0.0350899642523685,0.0166462777463725,0.0247063045587128,0.0183594700830088,0.0215010003559619,0.0300662580597024,0.0185313022499933,0.0179348444867125,0.0102985940744893,0.0124116807220997,0.00728960066840068,0.0126570739682059,0.0302203131684466,0.0186968687119085,0.0224345134764279
2023-03-06,0.0185395542148992,0.00618902959900969,-0.0140643215289811,-0.00584745630987482,0.0133171918767678,-0.0121180348512988,-0.000804158441763736,0.0158032717801702,0.00999872225349363,-0.00520929585693941,-0.00425664779436552,0.00886441306004748,-0.0119487777612776,0.00165422253788305,0.00772014773557528
2023-03-07,-0.0144967553071216,-0.0105891802968003,-0.011125427986231,-0.0294071082982185,-0.0157882468053527,-0.00213330078124996,-0.0251836907921411,-0.0133500429831696,-0.00944985293652134,-0.0308683999080637,-0.019879122052154,-0.0193304918869969,-0.0109204366778218,-0.0262663766734186,-0.00873626612070066
2023-03-08,0.00837761469928244,-0.00177056660723229,0.0383459041985046,-0.00591573777164112,-0.00439131289919548,0.00395505189863865,0.0099788217875707,0.00415526910820252,-0.00733325402572738,0.0104818963584825,0.000145316055126798,-0.0146042439978473,0.0021461338592732,0.0100147908174488,0.00677970491660118
2023-03-09,-0.0149148413160216,-0.00543950436101237,-0.0308093049784027,-0.0541364373257869,-0.00981143556901765,-0.0177810711403686,-0.0119727700286012,-0.0204776575613179,-0.0112449161614525,-0.0311998006005905,-0.00734101020516176,-0.00772884043570499,-0.0253027124640699,-0.0300657488833845,-0.00659927114668379
2023-03-10,-0.0138789743877026,-0.0147827933829425,-0.0200973208715721,0.0253950449246871,-0.0175901146232523,-0.0164769283801236,-0.00586833138097365,-0.0183057514842107,0.00244647492856598,-0.05789349164553,0.00453959526002978,-0.0123704324170968,-0.0126622507229417,-0.0356139353547076,-0.0101682349227121
2023-03-13,0.0132662519366067,0.0214408797619805,4.35753808263328e-05,-0.0179571875964943,-0.00772655772391861,0.0187368773872338,0.00073362691634804,0.00529629940603815,0.00956436091789481,-0.0101757350037279,0.00692475526268788,-0.0115050241086512,-0.015972616494855,0.0118821916022873,0.00383524103648858
2023-03-14,0.0140891549124782,0.0270558013163054,0.0477662008580892,0.0256761199079247,0.019536657509456,0.0265065123894086,-0.00331563362942189,0.0313905871520515,0.00561845289655238,0.0043168932739226,0.0123786816871949,0.00375448586199023,0.0227277820719265,0.0123342789930498,0.017192012434758
2023-03-15,0.00262160492710506,0.0178305628354547,0.00685724763691464,-0.0472441230285204,-0.010472928689786,0.0139123074729712,0.00840422747757463,0.0227732125712397,0.00279369546670627,-0.0372667505588039,0.0141584318226653,-0.0497473958339588,-0.0336114746462778,0.00150210268076245,0.0130108512760347
2023-03-16,0.0186939021262835,0.040536248116084,0.0541932673388681,0.0194137552600051,0.00499153893592297,0.0399168824230958,-0.00430608070896499,0.0438039143531304,-0.00207323719118313,0.00667388051233542,0.00747358990854918,-0.00580602102951133,0.022240105136095,0.00797376707211983,0.00940189000305769
2023-03-17,-0.0054540320215053,0.0116944473435292,0.00720411396530118,-0.0377820616676467,-0.000276010473984956,-0.0108956813005784,0.00578945816884313,0.0129584968337144,-0.0107121195201153,-0.0169173523870363,0.000279557043094014,-0.0117786736190746,-0.0230572388665496,-0.0338080197408486,-0.00734636520295229
2023-03-20,0.0154838585746755,-0.0257664757315426,0.00680285567907757,0.0105714461699709,0.00349613676887039,-0.0125315604043741,0.00301679446617875,-0.00393611149807194,0.00990934390672349,0.0246500149773208,0.0153925146211693,0.0261416362055109,0.0251747669331388,0.0230113480470764,0.00396469871138083
2023-03-21,0.0119441017770832,0.00569346542538751,0.0115442324271893,0.026820914303965,0.0174189917286565,0.029679680207261,0.00058766112604336,0.0365538778454173,0,0.0209251367411372,-0.00723498832380698,0.044802542819016,0.00734942911181058,-0.0028642885428245,-0.00802970008864901
2023-03-22,-0.0091035313472777,-0.00544229066107871,0.0102676131984125,-0.0258139211359129,-0.00860546347343205,-0.0189842326858396,-0.0235637451967469,-0.0147731178380153,-0.018454652307289,-0.0220967977531986,-0.000624475590211282,-0.022888754912558,-0.00629959493715893,-0.0358229045755085,-0.016321741284822
2023-03-23,0.0069697647055933,0.0197216664623847,0.027316058556367,-0.00267337289126668,0.0115888824611452,0.00010133876939955,0.00460018751618829,0.0215729591988794,0.00052940952528524,-0.00231878781099193,-0.00138931322707714,-0.0112821379329654,0.00642794007267766,0.000262885131719237,-0.00431648753893277
2023-03-24,0.00830551574257243,0.0104804469223254,-0.0151521825898343,-0.0152159757019062,-0.00696360190412937,-0.005875816395848,-0.00313500392331489,-0.0015151631185345,0.0100575871766349,-0.0110736063914687,0.0203771504921515,0.00116042957504847,0.0100195483302905,0.0252300436661297,0.0254708195026532
2023-03-27,-0.0122934301270277,-0.0149338480170728,-0.00926083450114923,0.0286607533259231,0.00348363680395858,-0.000917113425145777,-0.00618301259255538,-0.0282625348603988,0.00425816275825985,0.00456212689195357,-0.00524837379389287,0.0219260089721331,0.00681664912549951,0.00025620385792724,-0.00330280036198249
2023-03-28,-0.00398032898801515,-0.00416084027591701,-0.00456076058303945,0.00303501085486402,-0.00667257196857085,-0.00815996577200262,-0.00160009084325419,-0.0139565007959078,-0.00965417903891841,0.00990819884145555,0.00280947888365524,0.0124765347237532,0.000778005507399593,-0.00350236169420204,-0.00265137692899853
2023-03-29,0.0197907391530334,0.0191837998554683,0.0217341597446867,0.00201758192283563,0.0134800230297656,0.0309543624265336,0.00904487172928525,0.00356321046940455,0.00981427019055947,0.0128995627905673,0.00307430846909718,0.0171770248609933,0.00679363812857581,0.0276896256777523,0.0115631676253773
2023-03-30,0.00988988220805065,0.0126196651901829,0.0147864523795866,-0.00301999103807393,-0.00420966350271712,0.0174563591022443,0.00705798959895065,-0.00493143334110191,0.00078262796902262,0.00690593142817164,0.00435951853840355,0.00486388875355392,0.00517545593617519,0.0170169200065313,0.00630640035003482
2023-03-31,0.0156442443513449,0.0149621388637728,0.0143886239326254,0.0121164918077645,0.0139413989490478,0.0126470677992876,0.034202817037285,0.0281494924196168,0.0102327033241447,0.0191503441637548,0.0084098260733978,0.00155284263182942,0.0110942271741439,0.0233759909074605,0.00639820217338904
2023-04-03,0.00770172994338214,-0.00371115163530578,0.00676823205209587,-0.00115108656999874,0.0157012036616402,-0.00851967514394403,0.0088437689867753,0.00607345947881277,0.0119355308996039,0.00450098357559114,0.00551462484942422,0.059000467933588,0.00748359107082597,-0.00801475530921203,-0.00531964937882046
2023-04-04,-0.00324969049455737,-0.000174290854087378,-0.0183087085213207,-0.0133682969168168,-0.00585143757768591,0.015037527888524,-0.00930363352279484,0.00344966054327678,0.0104558780460429,-0.0540307296495597,0.00481570640519147,-0.00955819996941687,-0.000837926383213894,0.00250470635848221,0.00639130563716117
2023-04-05,-0.0112904071471238,-0.00988901657154906,-0.0208353894045562,0.00149125257617166,0.00224004656444388,-0.0274170135429647,-0.0213252019388669,-0.00238745598953138,0.0449238083128554,-0.0180270690388208,0.00685603811395796,0.0171273401414507,-0.00612064478680951,-0.0145875372513332,0.0151631347361592
2023-04-06,0.00549589107876258,0.0255327870841742,0.00580312454911658,-0.00109716120630377,-0.00955415543812566,0.00949554004907727,-0.000207861011813248,0.0378099560454792,-0.002777544706281,-0.0204187591343453,0.00634706110852323,-0.0165824834628199,0.00272767051442679,0.00392593624796822,0.00817083490064285
2023-04-10,-0.0159724312466967,-0.00757904166611989,0.0200466542272379,0.00329484137355651,0.00194691806967695,0.00107780338019703,0.0088703102461245,-0.0182622918794122,-0.00502549353550763,0.0304060303259968,-0.00827777778388028,-0.00443287429820016,0.00555288598015613,0.00806522553017963,-0.00683813046005555
2023-04-11,-0.00759093807720546,-0.0226685156506071,-0.0148664414535046,0.00492622405849863,0.00892110506707899,-0.0220221203907577,0.00892955083176328,-0.010240525205902,-0.000304390853455128,0.0235233576055782,-0.00198741888416776,0.00707159791994139,-0.000864458484485908,-0.00864720189792356,-0.00114760725127427
2023-04-12,-0.00435318183269162,0.00233385816676801,-0.0248075876846259,-0.000155791703427721,-0.00280150512047583,-0.0209166971195981,-0.0113353249836262,-0.00673944532633752,-0.00213076880039542,-0.00045335178523942,0.0027215368992326,-0.00104008969771563,0.00307033744030805,0.00114119857834072,0.00319107685276543
2023-04-13,0.0341035472679445,0.0223991861801998,-0.00120776418180479,0.00381340449099965,0.0214213771739282,0.0467136830142993,0.00588712940009106,0.0266627057535966,0.013360247374343,0.00530623511981276,0.00463360189275508,0.00468616841717462,0.00726292204321499,-0.00724698449681249,0.00330858490885633
2023-04-14,-0.00211405896042061,-0.012765367064366,0.011147512535836,0.0755096278986978,0.00571581349475592,0.00107422469445728,0.000137342687731135,0.0134042521921076,-0.00162534853370921,0.00906744904116707,-0.00507362999210292,0.0024186136363451,-0.00632642492988822,-0.0177166645837457,-0.0105265313030906
2023-04-17,0.000121086114285518,0.00929584214958457,0.00911872295403127,0.0079290597288586,-0.00230753602695866,0.00224364181783354,0.0109857918433762,-0.0266372801939428,-0.00102519934290435,0.00697444474584041,0.000331314881574896,-0.011632863155672,0.00745124384341733,0.0282232373582614,0.00666540494824019
2023-04-18,0.00750464693827646,-0.00148895022763806,0.0246278976576393,0.0112279093175813,0.000513919589605338,-0.00428260483901455,0.0120177610291081,-0.0138718734864206,-0.0281283695824444,-0.000177776368894156,0.00105959080223816,0.0195291087946159,0.0069544574990883,0.00462894773289579,-0.0030560707956373
2023-04-19,0.00696844084850556,0.000277588965795106,0.00954203765734785,-0.0012727822037053,-0.00440937486897819,0.0195503415477722,-0.00682391513986957,-0.00306215044373803,0.0094405320113069,-0.00244225328839431,0.000198048311845556,-0.00316394919610785,0.00120587019606799,0.011720886208713,0.00817364041983937
2023-04-20,-0.0058463605279403,-0.00811233056629723,-0.0296086971741665,-0.002903261607904,0.00872863919866029,-0.00469803910668054,0.00559095796705034,0.0106545222890193,0.00646032648388339,-0.010594308956475,0.00366620862552391,-0.00797802151148308,0.0055845163212207,-0.015260472345959,-0.00240694347515957
2023-04-21,-0.00978101200826242,-0.00122338676080425,0.000553392453164214,-0.00191775517979798,-0.00234444803071177,0.0303439129174523,0.0049233974676377,0.0011399009515829,-0.00544073107194953,-0.00361852051029143,0.0346037760789584,0.00319959140478088,-0.00310336917480469,0.00267752532116505,0.0030477078545128
2023-04-24,0.00187852581864112,-0.0139627480765877,-0.00283909208038025,0.00135203796543149,-0.00551153319018527,-0.00701196715052022,0.00533276084730017,0.00531248234975279,0.00608527217358557,0.0143457682688437,0.00179401512296185,0.0188777031515242,0.00491508574435051,-0.00315582968769312,0.000633027740867709
2023-04-25,-0.00943589218326113,-0.0225358083240668,-0.0296207006688057,-0.0217437495532042,-0.0136191540826829,-0.034271720374966,-0.0176037142389424,-0.0200057039957624,0.00916403275549049,-0.021483157759251,0.000256026289191746,-0.0142133438765459,-0.00258127202072589,-0.0206997010306299,-0.0154353140754863
2023-04-26,-6.08860347889317e-05,0.0724345964175328,0.0272473470442514,-0.0177237980279062,-0.00627207061806023,0.0234961847448556,-0.0278744336457201,-0.00134801574840759,-0.0154979379880338,-0.0111604120207015,-0.011573697519412,-0.0091828952978279,-0.00561234791354892,-0.0130140047195454,-0.0481880628447394
2023-04-27,0.0283953583266627,0.0320276413522649,0.0100163223962513,0.0134589113268804,0.00376926004514977,0.0461039834551593,0.0203422885793707,0.0374118125148808,0.00233655859720217,-0.00860336863667888,0.012226702177611,0.011953265286204,0.00175361487870274,0.0261192479739272,0.0240314871030978
2023-04-28,0.00754111813632652,0.00797184007586593,0.0192095573055668,0.00868290554878604,0.0162439797322671,-0.0397924126636834,0.0224881538997335,-0.00232348391010484,0.0042944310512536,0.0208555374746704,-0.000575378331430398,0.0129246599924118,0.0104201316965336,0.025126707615883,0.0102831940058346
2023-05-01,-0.000530350332814677,-0.00553315339006577,0.0418395512482375,0.0214117463532681,-0.000945233489438091,-0.0322427121373288,-0.00944942566314333,-0.00130425872727535,-0.000610881541209807,-0.0069926726720404,0.00121528063716969,-0.0310122411905314,0.00774111612607631,-0.022754362547321,0.00221853532549288
2023-05-02,-0.00619146579912389,-0.000490685243996314,-0.0242132853132252,-0.0161472261033572,-0.0237839464124213,0.0154825492837938,-0.011488243034338,-0.0175372661157203,0.00874084264328912,-0.00975744418654467,-0.000894461217655906,-0.0398535777378068,-0.00609703487306001,0.000653443378568319,-0.0111978751671719
2023-05-03,-0.00646724224214779,-0.00330707563210075,-0.0144628281353627,-0.0211631088742027,-0.00440569662773727,0.000193035539815867,-0.00407785514287817,0.000854590660507304,-0.0130884961820025,0.00227743372805378,-0.00127852080793678,-0.0197092876762611,-0.017673794731041,0.0137166638062525,-0.00724264018848919
2023-05-04,-0.00991357399405424,0.00331804867000351,-0.00863253244924989,-0.0136784406000806,-0.00168162037472053,0.0033767339022539,-0.0250101796682956,-0.0068305954032527,-0.00454356022660851,-0.0243924220261428,-0.00460850324102358,-0.017511252984156,-0.00742790129746917,0.00579891988221815,0.00159188146060707
2023-05-05,0.0469270532456532,0.0171572521652359,0.040563096024296,0.0195347328974036,0.0273937205676571,0.0159615736741285,0.0135434524702416,0.00840583303323106,0.00339227992643787,0.0223880426806442,0.00334386228595851,0.0248961047392129,0.0154378079824284,0.0189782339519906,0
2023-05-08,-0.000403388931615289,-0.00643816476055448,0.016422689169985,0.0024133356553524,0.00194148566653385,0.0016089169321718,-0.00583516153167685,0.0208390816790622,-0.00227433001855437,-0.00139487572421737,-0.00467852113534784,0.00395661643077139,-0.0019103894103818,0.000942973274272951,0.00728377170247074
2023-05-09,-0.00997098986008149,-0.00534573605344391,-0.0198964514955814,-0.00481535030827884,0.00443531950002729,0.00746481056277859,0.00920361716461437,-0.00389723622974625,-0.00776281663197698,-0.00605240808442309,-0.0102382815668133,0.000274971539582447,-0.00265271631409181,-0.0113841511722654,-0.00631087893471483
2023-05-10,0.0104207969954679,0.0172964396023862,0.010990116362432,0.000513130917924487,-0.00853137147149041,0.0334833952622333,-0.00533413907646063,0.0409874538203185,0.00372549473353323,-0.0014988286046862,0.00208165884080702,-0.0128276147417975,0.0115163099057198,0.0171536714488145,0.0173325904814008
2023-05-11,0.00109470786659105,-0.00704431809930162,-0.0106283996232683,-0.00315025858635609,0.000823203985258703,0.0180596952507348,-0.00463625312053273,0.0431320644260285,-0.00408284406387838,-0.0147300170899051,0.00233743287580412,-0.0180990710420903,-0.00504180324598058,-0.0182697782749673,-0.0102744785593305
2023-05-12,-0.00541766230562446,-0.00367600835843562,-0.00832802725816184,-0.0143331797507692,0.00160165596752093,-0.0171153339607962,0.00966327250379684,0.00806380319261746,-0.00130434104013966,-0.00233302793381351,0.0101690431350483,-9.46955211204026e-05,0.00896336737957171,-0.0045331649118201,0.0244416811163846
2023-05-15,-0.00289727410711349,0.00158565372709329,0.0216300702334193,0.00842641951519196,0.00618027787625985,0.0085252566098295,-0.00664437688780961,-0.0085100118712037,-0.00765040883117718,0.00835155296277024,0.000320486833137235,0.00190712176949437,-0.00413137414536158,0.000878863138851882,-0.00538764270303671
2023-05-16,0,0.00736756162567409,0.00898028938595452,-0.00672897021591312,-0.010051039184233,0.0197842143706237,-0.0215224892580919,0.0257490290700557,-0.00131611337304149,-0.0193572259151994,-0.00173069219486477,-0.0242694570431855,-0.00786324815925632,-0.0321680455041685,-0.02192401007804
2023-05-17,0.00360309134167291,0.00945172622594437,0.0330331941233393,0.0307472507976787,0.00945886117439598,0.0185185048136163,0.0356322883688325,0.0111286104665393,-0.00219637773887071,0.0236487008062682,-0.00423783246269926,0.0224347536360956,-0.00243252776759162,0.0119588976441209,-0.00659275873117593
2023-05-18,0.0136662659071876,0.0143949058045512,0.0497049851701623,0.00758414423103027,0.00408344199296606,0.0229437361547957,0.00947354793682664,0.0164682083658552,-0.00320821435246088,0.0123525990371811,-0.0164432583240908,0.00906316813179053,0.00871210782480047,-0.00521607525052203,-0.00318553905502295
2023-05-19,0.000628288518013997,-0.000564909352143594,-0.0130690869493838,-0.00229388208307268,-0.00124150220762831,-0.0160812653520173,-0.0145006359620254,-0.000569795782106586,0.00271341862122365,0.000279485683770453,0.00419607159587332,0.00463273357524407,0.00896251843793405,0.00819276984908845,-0.0082557484679231
2023-05-22,-0.00548076683347443,0.00892095794901349,-0.00281459178779853,-0.00826271743551066,-0.00870084890827116,-0.0106666482904906,-0.000756098376174519,0.0186543070050993,-0.00538933587485158,-0.00242113530781862,-0.0261801682545878,-0.0121402262395399,-0.0137283919545942,0.00950749422293762,0.00134271920384643
2023-05-23,-0.0151551707492528,-0.0184318778667493,-0.015653048948406,-0.0104324023346722,-0.0289692019685952,-0.000173935067293018,0.0147250170000859,-0.0199121609444854,-0.000382397182210781,-0.00723407962392075,-0.0107936362229659,0.0136229985443959,-0.0339800477662764,-0.00555416175527901,-0.00563136000007258
2023-05-24,0.00163237216785594,-0.00447248680988688,-0.00488800046887294,-0.00915154835756227,-0.0103749396903007,0.0153056976165489,-0.0130197303757348,-0.0135443480180029,-0.000956465400843487,-0.0141508469213306,-0.00826838674337282,0.0111841258125001,0.00259934989187416,-0.0203982849528734,0.00107839985156333
2023-05-25,0.00669205619099467,0.0384576798981535,0.243696391192416,0.00243823928492537,0.00508450244330838,-0.0149892933618844,-0.0149432052154888,0.0213399366194109,-0.014362212282192,0.00133523507337463,-0.0064236677316758,-0.0179384060260761,0.00487513769757952,0.00793262297574349,-0.0114492132074271
2023-05-26,0.0141051167975359,0.0213857566189961,0.0254347294039126,0.00936088659570711,0.00729697590588541,0.0444347879161004,0.0212030355163428,0.00915132552193509,-0.000388597666462931,0.00866753105846252,6.84601472795698e-05,-0.00653041956294731,-0.00106561120414062,0.0243481348300711,0.0136856950955244
2023-05-30,0.0106593579844816,-0.00504683065465883,0.0299129325735936,0.00379739272984247,-0.0149772244677745,0.0129048625749839,-0.0014683557359314,-0.00754357720464682,0.000129474473522073,-0.00897086080632548,-0.0152681962671775,-0.00885953420669583,-0.00364953296161497,-0.00512187833199207,-0.0166398143297521
2023-05-31,-0.000281945676719464,-0.00851393042573712,-0.0567674836635136,-0.0127309359217737,-0.00275212370295386,-0.00887721353399118,-0.023629815965108,-0.0064687527752898,0.0044696521957015,-0.0197711658414044,-0.00474919675533836,-0.0178777806905315,-0.00352191622472897,0.00193055012243981,0.0105932957305168
2023-06-01,0.0160224907227866,0.0127589934129206,0.0511709553905622,0.0137790594213774,0.0247476744127628,0.0181621726551318,0.0174279747044754,0.00691781502855826,-0.00335340569775655,0.016136161519422,0.0102455859835469,0.0115482468073265,0.00881121584738565,-0.0153352798062117,-0.00680650855732357
2023-06-02,0.00477548882225198,0.00847923462252353,-0.0111391003369644,0.0210062388692271,0.010110359932211,0.012055089984538,0.0261798935445465,0.00767864833378096,0.0157241559468901,0.083990919726888,0.0177826518348816,0.0232197947904687,0.0140087846451649,0.0185910731960637,0.0121986313259048
2023-06-05,-0.0075711757013075,0.00160999565330111,-0.0039664375665095,-0.00982439168581295,-0.00882885648083742,0.00845072878678321,-0.00959653162799068,0.0107483795820511,0.00860015923772317,-0.0183559617265308,-0.00395843911115668,-0.00444399247552008,0.00649154863864343,-0.00232149822971972,-0.00352077919301375
2023-06-06,-0.00206040852538114,-0.00672739220105856,-0.0131986565801411,0.0017972825305248,0.00639392001361716,0.0104548884811488,0.00989390511497823,0.0103165512478072,-0.000884229101603573,0.0189238031053112,-0.00993554041900269,0.00816788604754115,-0.00846157144822757,0.00962851012717514,-0.00285373615071782
2023-06-07,-0.0077562459002497,-0.0308679407606426,-0.0304011587126449,0.00968876177836475,-0.0129261681954776,-0.0424926722018996,0.0192572009568814,-0.0377817555851404,0.00214946517848413,0.0391301638951211,0.0021454893891657,0.0224211718006486,0.00708835601366697,0.0177223449342698,0.0107659568331688
2023-06-08,0.0154650608969593,0.00581370758583932,0.0276183257814366,0.000284397485030397,-0.00985466418464842,0.0249112971990499,-0.00202200801414865,-0.00293870351115966,0.0109765171437932,-0.00467006623079558,0.0113261162244029,-0.0031328732456144,-0.000220780833483647,-0.0245978854672905,0.00984225979181597
2023-06-09,0.00215974515641792,0.00470371964514538,0.00675170342622788,0.00198951666989888,0.00228638270373605,-0.00659959512936992,-0.0124215835962959,0.000736715118260678,-0.00155989621301145,0.00247397192426635,0.000819375896777386,-0.00739431445219985,-0.00400321704966045,-0.0288206451109788,-0.0110814188835765
2023-06-12,0.0156387204325414,0.0154841217141939,0.0183645726023087,-7.08798305215641e-05,0.0116746894973199,0.0254395153681026,0.0118041933578097,0.0115355998103581,-0.000687443384246533,0.0122113251552931,-0.00784680226566226,-0.00903273947146055,0.00346501428285428,-0.0139311343350121,-0.00121500689989218
2023-06-13,-0.00261162297348549,0.00735252369337247,0.0390051655796013,0.00723397984821572,-0.0122473899750341,0.000711100319998215,-0.00259269810833151,0.0015367858376496,0.005253159893015,0.0316940135390062,-0.00240708953232593,0.000188086033965806,0.0310763022058507,0.0144622321523493,0.00500114258313689
2023-06-14,0.00349139451676694,0.00912392442787757,0.0481448762014882,-0.00373153300819506,0.000179084385920847,-0.00189487988492665,-0.00123284267234047,-0.00129204165657248,0.00510148511913244,-0.00863754809526052,0.00937563754667514,-0.0120254332542159,0.00281315999364784,0.00758125855358238,-0.0127773029880577
2023-06-15,0.0111987002998375,0.0318966287477056,-0.00800041506046545,0.0113078638068671,0.0122179759710106,0.00545801654326983,0.007707556229545,0.0114821171383086,0.013431521050089,0.0178775991056468,0.0138642244314313,0.00694166350173964,0.00569043702957583,0.00263605492161445,0.013079175516858
2023-06-16,-0.00585990623117683,-0.016575783307025,0.000914325330265475,0.00118824440902898,0.012114963705175,-0.0127448881976491,-0.0054300575723828,-0.012470962054704,0.00305387772651411,-0.00969030883225808,0.00734248020375738,-0.00717726995832502,-0.00305495556136293,0.0074760854035727,0.0165411241061482
2023-06-20,0.000486807336931072,-0.0125025679781648,0.0261406772966251,-0.00509571141600429,-0.010659282170692,0.00231094844580504,0.00342881033312015,-0.00348095435385842,-0.000608834459092766,-0.0167978539126009,-0.00922820973309002,-0.0229238967709658,-0.0176129763923397,-0.0145966037355049,-0.0109802644107221
2023-06-21,-0.0056753720343099,-0.013282016360757,-0.0174170961560735,-0.00147329348973546,0.00344411556305713,-0.00755284590127181,-0.00235542859545124,-0.0207148588723869,-0.00152311538690197,0.00136843228611427,0.00863944450587995,0.011195411265571,0.00534325281863568,-0.00124138980355426,0.0136437716864692
2023-06-22,0.0165253552064095,0.0184376321852973,-0.000464466738847924,-0.0192524552778889,0.00501640372552359,0.0426178962380357,0.00159631278332051,0.0215678818118719,0.0106174054242749,-0.0171442227210312,0.00341241179867868,-0.00548747325094812,0.00536901909367993,-0.016819868726878,-0.00857788580898
2023-06-23,-0.00171133259933332,-0.0138060242945268,-0.0189658078117364,-0.00522982407148842,0.00507901933181532,-0.00630036191996963,-0.00122844967866365,-0.00657749574592315,-0.00084535603435143,-0.0122186954558626,-0.00993668575088635,-0.00871260292730835,-0.0055012051149228,-0.01483244516014,-0.0127776713356863
2023-06-26,-0.00755305805526796,-0.0191632389876117,-0.0373616883868603,0.00244846695119239,-0.0141579467229889,-0.0154643158716771,0.0235362018520424,-0.0326956387725713,-0.0111796711478269,0.0107063999888659,0.00101048020642991,0.0184570615428257,0.000323754070535642,0.0180497463416316,0.00161793829211199
2023-06-27,0.0150590078128199,0.0181681682825801,0.0306160473415042,7.20424482123505e-05,0.00459548844161373,0.0145291040455744,0.0190003838602857,-8.44785118035984e-05,-0.00207766872312776,0.015783841229259,0.00948800869110755,0.00249310306600403,0.0135957590356812,0.0156289317204834,-0.00511491257135088
2023-06-28,0.00632790426678365,0.00382575382673611,-0.0181246259348773,-0.00438260060869711,0.0027273570339037,-0.001083754432467,-0.0230446318266808,0.015634140950181,-0.00202121149688961,0.00490253149382247,-0.000199928025910623,0.00812997238506585,-0.00207596805124377,-0.00223378039966049,-0.00635930083824465
2023-06-29,0.00179670911821894,-0.00238207645197075,-0.00717475393405387,0.0349234713513449,0.0278994750581256,-0.00883440653725154,0.00427404814932664,-0.00898649247950112,0.00699577078012403,0.00979862417466126,-0.00406693931741009,0.0123340767164624,0.0112540139723785,0.00746253487131665,-0.00857846598740475
2023-06-30,0.023102464968116,0.0163859051565938,0.036254962976044,0.0140136756686309,0.0134858081432805,0.0192337690001896,0.00916118403683486,0.00503772457115059,0.00865313454416095,0.00741079136695366,0.0157986877031067,0.00515457479252857,0.00498438164434578,0.00930041043639873,0.019090689831252
2023-07-03,-0.00778469914257895,-0.00748814106535012,0.00262399410092051,0.00804463133615863,0.00206348570760206,-0.00107394437705555,-0.00199595747068659,0.0016709530590171,-0.0131101781801131,0.00520227433821141,0.00500834450314058,0.00195803633467695,-0.00766249393025153,0.00994882230507876,0.00242609630747803
2023-07-05,-0.00587135733689537,0.0004731950295076,-0.0022633829690355,-0.00666153526172963,0.00621924651345473,0.00122871802034608,0.00251587885049354,0.0154294882529831,-0.00330566386187647,-0.0101081301617946,-0.0017046045789183,-0.00511819893239263,-0.028876658459294,0.00113034953593649,0.00766331068209358
2023-07-06,0.00250862161626642,0.00922673370331828,-0.0050571447043436,-0.00988672503303856,-0.00238047401250008,-0.0154932059887293,-0.0282495233864806,-0.013470169657676,-0.00743193085147231,-0.0173588404818495,-0.00164235371214838,-0.0373210048193094,-0.00737929087245615,-0.00806527350420816,-0.0257503876693417
2023-07-07,-0.00589125484236785,-0.0118673194832666,0.00950044245909654,0.00789040727932044,-0.0101725003864529,0.0110626220177097,0.00261557859036632,-0.00524531947303775,-0.0145421187526786,0.0191202044002212,-0.0209882052791336,0.00233172463495812,-5.4899678474718e-05,-0.00813071451950853,-0.0132843332438534
2023-07-10,-0.0108557472145129,-0.0159836418568285,-0.00759942573754169,0.00561200003161955,0.0072319642580867,-0.0204191828540967,0.024669085730717,-0.025359917374391,0.00163263967692773,0.0148055977575152,0.000403357786061598,0.0148315121166174,0.00834005942234506,-0.00147544585972581,-0.00471875209446126
2023-07-11,-0.00281033060056568,0.00192876609997161,0.00533428887639031,0.0156388440389597,0.010035334111093,0.0129788528398205,0.0108934329804462,0.00592534350265539,-0.00551699562663355,0.0162373120687724,-0.00523986260555831,0.0122264487270227,-0.00193184283280856,0.0115753689206017,0.00669364816063167
2023-07-12,0.00898582986650931,0.0142266970573206,0.0353025508829383,0.00495175398346137,0.00690070705996271,0.0156856988011222,0.0123061886591482,0.015280837085869,-0.00346711918586218,0.00296623150509556,0.00519991022835664,0.0049069170091236,0.0211537602565164,0.0163935051718904,0.0177307716156418
2023-07-13,0.00405744746967907,0.0161921340213305,0.0472644105094273,0.00485991117888496,0.0045415206061199,0.0267584091616193,-0.00919618304446113,0.04717068131399,0.0046176981516397,0.00891160627322884,0.000671367279541313,-0.0183114265747409,0.00678049884637577,0.0136537682904265,0.00326670749765268
2023-07-14,0.000787143864134254,0.00752950022455878,-0.011049194983537,0.00604572732069397,-0.0006164516745919,0.00282940890088423,0.00603944703632697,0.00706599446871459,0.00667501935529025,-0.000938000041383225,0.00738532860813312,-0.0344365504985853,0.00381825027457916,0.00630169769547928,-0.00691889423477887
2023-07-17,0.0173055748972157,0.0014191468419904,0.0218170517042355,0.0241035370080069,0.00341347967493788,-0.0083159725133316,-0.00142198492662438,-0.00613936444491603,-0.00500424165465052,0.007198189740377,-0.00706407735767689,0.00435892047318509,0.00932425694333494,0.00180026933722166,-0.00737725889186802
2023-07-18,-0.0013401712829586,0.0397998411221934,0.0222338547433398,0.00182552068997843,-0.0131972842751609,-0.00546567640673101,0.00224653086516158,-0.00714008458413751,-6.30267706998033e-05,0.0246640395665334,0.00187893175140363,-0.00453735552303092,0.00565288112504736,-0.0310985183291059,-0.00839523849867696
2023-07-19,0.00707172016173652,-0.0122674282289454,-0.0087801715928526,0.00383967660878803,0.00269955764359109,0.0190468926027325,0.00858711028690817,-0.0139785964721432,-0.00201161722892229,0.000914280226525621,0.00683348932975569,0.00693622365082014,-0.0248783397825496,-0.00983890252770159,0.000694006125297575
2023-07-20,-0.010097285091578,-0.0231216308279949,-0.0330734522450314,0.0123180165720327,-0.0074558504144745,-0.0398935717504083,-0.00122079470849135,-0.0231909971945128,0.0607282736666166,-0.00631773266454783,0.00810857606469706,0.0176146323966362,0.0183875280605224,0.0079818826061806,0.0277394783468017
2023-07-21,-0.00616170374909408,-0.00893685416489398,-0.0266036060678454,-0.00768528815968328,-0.00154410553361162,0.000307735334462267,0.00432499108857431,0.00687919817597149,0.0107493533887202,-0.0131757314855623,0.0157412350913089,0.0046417628963511,0.00770441268871447,0.0135747385992817,0.0242913176466428
2023-07-24,0.00421997643771177,0.00389781021764901,0.00683828854354807,0.0196839170237479,0.00622794243150726,-0.00923074575570915,0.0144784157955087,0.01258116307543,0.0052295963525788,0.0066759172738009,0.00320384841883947,0.0156894008647273,0.000390114958563004,0.0125158434964396,-0.0052699802657894
2023-07-25,0.00451349057893813,0.0170092455254043,0.0239172641458296,-0.00746820658021707,-0.00851559955632819,0.00256212595679894,6.14213136855835e-05,0.00559533725486694,0.00765712829952991,0.0103710844497245,0.00234645573355996,0.00151647630468577,0.0165067998269111,0.000708730104643118,-0.00079466276721285
2023-07-26,0.00454527858577047,-0.0376374424534549,-0.00496949404980052,0.00599378482368618,-0.0066612582439296,-0.00758933593487821,0.0137176384649287,0.0577693019363068,0.00191432332694763,-0.0142712312532336,0.00104082161876584,-0.00558281113625592,-0.00723722869037313,0.0171517113631383,-0.0141834986802047
2023-07-27,-0.00658113219805612,-0.0208722263111939,0.00985679180301235,-0.0110292446287864,-0.0112188740148977,0.00078038320935403,0.000364323766278485,0.00100584105161339,0.00561600241873594,-7.75079696737624e-05,-0.0118879771667084,0.00314019116749753,-0.00922171311480713,-0.0335704246004832,-0.0147909332414876
2023-07-28,0.013507935698831,0.0231311721311864,0.018518382666169,0.00570441513917208,0.00558772368606975,0.0308772453322979,0.00503469020669045,0.024574952951774,0.00454834807274351,0.00824611932555941,0.0282690430063848,-0.0119520760665863,0.0106075683616773,-0.0103248871481919,-0.00573205516224817
2023-07-31,0.00316592958406403,-0.00724054207775382,-0.000449183166795319,0.00669174608470846,0.00839856743705658,0.0111185680906549,0.00745404274585448,0.00105590155205215,-0.0398326304122731,0.0182007631777725,-0.000703222556161731,0.0295699119707535,0.00504238066765472,0.00889589613214103,0.00617688573643282
2023-08-01,-0.00427571082510025,0.00125065325505735,-0.00475080544158757,-0.0049380326128502,0.00862342161996188,-0.0148862233947109,-0.00530238129730431,-0.0088155097446585,0.00811800560575571,0.0885467615294224,-0.000320006017676677,-0.00578164853367902,-0.00519625251519906,-0.00456920066008615,-0.0154163311093459
2023-08-02,-0.0154900853984959,-0.0262832100682157,-0.048121694617025,-0.0113247364682336,-0.00925858101926968,-0.0264256637787477,-0.010750594771881,-0.024097373804698,0.00603937660464759,-0.00374134509996493,0.00217618794688623,-0.0124741458836553,-0.0125049887249699,-0.0040262644900293,-0.00360250576513799
2023-08-03,-0.00732165733373147,-0.0025650413345325,0.00555675364508534,0.00611369284900265,0.00505157273316037,0.0054597684391704,0.00410981851911418,0.000545222936967349,0.00429628888272449,-0.0212819018215444,0.0026183669531088,0.0173807023211383,-0.00789534596066954,0.00105099001997311,-0.0251703210684256
2023-08-04,-0.0480201194702907,0.00342869056597017,0.00370675265413656,-0.0021108967224388,0.000963129492868475,0.0826933780100627,-0.0103684029196129,-0.00264679973897763,-0.00937630637892506,-0.0178005113585405,-0.0109556955102316,0.0028004758431619,-0.00769529023837101,-0.0126806202651101,-0.0132666481689674
2023-08-07,-0.0172535138459277,0.00710837706443623,0.0164949066333149,0.00474274447956113,0.0105443758845796,0.0189868435725484,0.00839369841582438,0.0266955732387635,0.0240177480770722,0.0188465810417724,0.0105616155386059,-0.00204810510371545,0.0189243425457075,0.0179154937857744,-0.00766234866060056
2023-08-08,0.0053115799612542,-0.0122987633256276,-0.0165796597509066,-0.00561354087501442,-0.00919219512738467,-0.0160314917713907,-0.00413158347672948,-0.000988089868981135,0.000462283345171732,0.00440280644016533,0.00108344813049954,0.00494413283514561,-0.00828648918121577,-0.00811697764216379,0.00101998760941102
2023-08-09,-0.00895426103208752,-0.0117161210704241,-0.0472415978893428,-0.0134077233221106,0.00196415051127663,-0.0149349457012173,0.00122023087954171,-0.0132421520563265,-0.000635261323583824,0.00579722897383506,-0.00127306129352323,0.0169868059175753,-0.00581469189541639,-0.0066438317120896,0.00305605040655865
2023-08-10,-0.00123478173659775,0.00217233171082709,-0.00390103822071508,-0.00149548408321631,0.00355197183002121,0.00515046371884065,0.00362581060506151,0.000231428102666076,-0.00520021082458522,-0.00249532985676437,-0.00497169929876062,0.00511144344429404,0.00727137297050984,-0.0035890118209837,-0.00914088845421868
2023-08-11,0.000337530963179677,-0.00594547999496786,-0.0361658920514422,0.00579569262671908,-0.000499797000125923,-0.00108251947984439,0.00519118339667202,-0.00100246470914445,0.0097578611662692,0.00493282429341102,0.00582920921550079,0.0155284583052808,-0.00130754591806337,0.0110510280106768,0.00922521511656549
2023-08-14,0.00939313812492837,0.00943897523597448,0.0709338219544389,0.00207196131776022,0.0119147608921815,0.0156058348743522,-0.00350349157016172,0.0136617060261386,-0.00235824692766007,-0.0023841633431454,-0.00783337978031451,0.000804682262468104,0.000916697137131717,-0.000242802027845546,-0.0052232516799533
2023-08-15,-0.0112002239200258,-0.00672756881433989,0.00427408655742401,-0.0254572944044547,-0.0126388798288406,-0.020630355012963,0.0066376329914235,-0.0118022945876094,-0.00288281023672188,-0.0251987551645803,-0.00641905792764941,-0.025673306537214,-0.00730038638183639,-0.00639787783548029,-0.0176489247071778
2023-08-16,-0.00495904977560913,-0.00242843728946995,-0.0103322528715893,-0.00424294702724615,-0.00225162787709543,-0.0188856750149434,0.00267949120626532,-0.00832174889010118,-0.00318042387263207,-0.0103109323287613,-0.0102072743538218,-0.0168267795525371,-0.00416504423891872,-0.006846426094824,0.00311813609630329
2023-08-17,-0.0145551393927429,-0.0109863972600537,-0.00326537062572541,-0.0103869978246648,-0.00802367352610478,-0.00806997510604446,-0.0172656668252004,0.00947931596010299,0.00939743719321373,0.00240424475475987,-0.00717974960547807,0.0193717573464254,-0.00381132794002259,-0.0135413424791728,-0.000740067129999522
2023-08-18,0.00281617083780206,-0.00126208740682188,-0.00103834853675577,0.00228754629048811,0.00337022255859121,-0.00567244761211561,0.000274867307098026,-0.018934739358183,-0.00873513949002525,-0.00497891874834,0.0028267306085239,0.0151291422632898,-0.00334768158678755,0.0105658101185473,0.00474007434391144
2023-08-21,0.00773656984122173,0.0170626220938639,0.0847133677470371,0.00342365217357044,0.00541628404963834,0.0109592511762509,-0.0101109593384165,0.00713954144072604,-0.0297989491057327,-0.00383474855338073,-0.00504766262660972,-0.0120863482636993,0.006371526755798,-0.0109491694627243,-0.0110571898229851
2023-08-22,0.00790505386599261,0.0018017691084653,-0.0276577089764718,-0.0207385450087361,0.00463544707242547,-0.00319269898400121,0.00129617647898783,0.00553077155409154,-0.00794741263776932,-0.00934946132528658,0.000395381973367304,-0.00561155353924259,0.000264737139451521,0.0073246524656212,0.00655940586312043
2023-08-23,0.0219486142564858,0.0140795468974872,0.0317070160514139,0.00676312267502355,0.00719119613822006,0.00945999458071456,0.00496188676413789,0.0254880634604222,-0.00897487351974269,0.0104740407916113,0.00935251501237766,-0.00878806198741622,0.00201302017064742,0.0169394568873611,0.00548006459133976
2023-08-24,-0.0261701361544515,-0.0214986443062198,0.000997776159484376,-0.000950094804861745,-0.0116796047761371,-0.0271547212112812,-0.0107333106560832,-0.0195662189381896,0.00340362278606321,-0.0136618019942829,-0.00463314347778299,-0.00746627591652582,-0.00108387159708134,-0.0108068903783476,-0.00986901515567606
2023-08-25,0.0126429769150129,0.00940718667089246,-0.0242776274456178,-0.00122256981451552,0.0129452015368663,0.0107706174786748,0.000837001814258054,0.000770555383846183,0.0143380106111659,0.0121056906686763,0.00655593180194169,0.0178657368897022,0.00965758913339387,0.0075570594781813,0.0110086054489995
2023-08-28,0.00884616839930041,0.00222914125456586,0.0177539787157137,0.00346824333236895,0.00519441003378218,-0.000900458668271598,0.00944671750505077,0.00870026320084105,-0.0117893100606937,0.00818157643431316,0.00156286582616194,0.0084064326348261,0.0012579354700033,0.0109245315420343,0.000882828709728001
2023-08-29,0.0218103537728298,0.0145505889763027,0.0416140656806712,0.00813234802397789,0.006192706849796,0.0132943088521491,0.0106471309304694,0.0271736159016271,0.000121775527650136,0.0190689851818242,0.000585321226028279,0.00595448322065972,0.0125106715649552,0.00887105837938407,-0.000621657587296931
2023-08-30,0.0191721164738854,0.00115719739117037,0.00983936218625936,-0.00403342800291018,0.00362756152668475,0.00118600294838123,0.010205050671775,0.0097346043423967,-0.003530150133775,0.00821351851687657,0.001104924231774,0.00974419924336511,0.000620539078623139,0.00479599811153175,-0.00622118412276129
2023-08-31,0.00117243516415422,-0.00313292350084937,0.00184725960051879,-0.0123514948674148,-0.00223361603867045,0.021766395374216,-0.000998083782813297,0.00213420264359532,-0.0125206262525573,-0.00425025618453534,0.00194756287718745,0.00279574316249143,-0.000129126881997621,-0.011932999519784,-0.00432251775657222
2023-09-01,0.00846340607704388,0.00274598072639232,-0.0171411781032412,0.00334852036191324,0.00989093362008164,0.000797048146727652,0.00841674807732806,-0.00374539630962678,-0.007422015954621,0.0182121936596773,0.00110134538743423,0.0209550492669122,0.00815256728926017,0.00313997167995916,0.00104767632732194
2023-09-05,0.00126669702669036,0.0148785562836071,0.000803948180680747,-0.0110339664049539,-0.0111644319703094,-0.00615400285820589,-0.015912137837839,0.000811076882548889,0.00124625236403286,-0.0161396985766173,-0.0133971797076086,8.81118694402439e-05,-0.0187960940093351,-0.0203868326444844,-0.0100193400871887
2023-09-06,-0.0357935011576862,-0.00200858980908702,-0.0305496079408394,-0.00165265858343522,0.00334250293028138,-0.0139142099705796,-0.00543060135719786,-0.00964867863488716,-0.0166166983340178,0.00450947506287869,-0.00196778789919849,0.00863212590165796,0.00442875037073831,-0.00548946251431881,-0.00770402610437526
2023-09-07,-0.0292492980601365,-0.00892234800666269,-0.0174242749445042,-0.00855414535064347,0.00398101340398171,0.018395430569861,0.00742319919350898,0.00594954009148907,0.012783844883081,-0.00519617966420449,0.00953055943873782,-0.00489042857718469,0.0086879721611588,0.0159003399325779,0.00852481537417482
2023-09-08,0.0034918562258619,0.0132155520853994,-0.0144676706902908,0.000765542728965896,0.000606896192768547,0.0027565441218631,0.000883164377966317,0.00828041225654541,0.00331171006307551,0.00302036689133178,-0.00429701988855358,0.0145676807006272,0.000491399120993607,-0.00673098238586822,0.00875477625095256
2023-09-11,0.00662238550131633,0.0109793975005517,-0.00864572839577482,0.00437997448783012,-0.000283000150053891,0.0352312126636805,-0.00103429570128055,0.00395942780931313,0.0130795457273885,-0.000814951352129167,0.0119008413665291,-0.0125420487375729,0.00656647846194081,-0.0026126732474282,0.010474184387179
2023-09-12,-0.0170605731700041,-0.0182576259513348,-0.0068174840943015,0.0130141324180639,0.000323556382225476,-0.0130678567170978,-0.00636476923069207,-0.0115393784425388,0.00565596923061196,-0.000850940215581297,-0.0175767586682288,0.0291696050866761,-0.00367272458939327,-0.00147346123810743,0.00296183309815445
2023-09-13,-0.0118547558631006,0.0129306838977881,0.0137064773659921,0.000478279548046912,0.00214308863069701,0.0256320221304849,-0.00122615411579363,0.010122651415803,0.00250642096413811,-0.0209004673652503,0.00697219398843774,-0.008936978286604,-0.00714060732071453,-0.00606655515432131,0.0103353103493118
2023-09-14,0.00878267993801152,0.00785576354196338,0.00211042691709951,0.0193976892573366,-0.0255416308779299,-0.000897513823503671,0.0115074106106063,0.0101676894675546,-0.00152457343659285,0.0240648299937358,0.0109740536400946,0.0178631870562938,0.0120730840179017,0.0254865423140336,0.0124212856335033
2023-09-15,-0.00415396346493913,-0.0250368711366453,-0.0368793284426819,-0.00294816504438411,-0.00178046867748105,-0.0299198576183763,-0.0249671978931458,-0.00506914837727246,-0.0139856690884381,-0.0120683006697564,-0.00839963251074305,-0.0153558575783992,-0.00464334677622735,-0.00226777244432297,-0.00923776894158879
2023-09-18,0.016913239465445,-0.00351300050420822,0.0015033309644692,0.00208301659622134,0.0148918506929558,-0.00292046202643981,-0.0128813022577352,0.00589510848264219,0.00631763881298419,0.00641243393003688,0.00377918677762357,0.0080548012766879,-0.00118562279115841,-0.00365330500927807,-0.00582750646479691
2023-09-19,0.00618076542532298,-0.00124593412788887,-0.0101441959053017,-0.00127397028932952,-0.00449602577966457,-0.0167880476957626,-0.00835253563941085,-0.0012298894682119,-0.00166166999726824,-0.00452055061480305,-0.00292104767542978,-0.00263509024386077,0.00580602261101792,-0.00945163738763,-0.00952540481748254
2023-09-20,-0.0199920977120069,-0.0239768280951079,-0.0294346977700627,-0.00423031418718145,-0.00697985469083406,-0.0170021907553671,-0.0119200451075736,-0.0311503355087579,0.00437709616764881,-0.00379011288162623,-0.000846382946517843,-0.00792637214962,-0.0281182742422608,-0.00542889036188354,-0.00355071117569206
2023-09-21,-0.00888949558481833,-0.00386565679117379,-0.028930601466757,-0.00782182699149658,-0.0217066335922521,-0.0440534536983307,-0.0131888118872664,-0.0246748277619139,-0.00767258888012146,-0.0236172352405276,-0.0086660699416391,-0.0140893380808947,-0.0168418000236736,-0.052601081500294,-0.00653292623801949
2023-09-22,0.00494444303660724,-0.00788652706319648,0.0144573732388973,-0.00958292996427534,-0.00646651940641985,-0.00162380507920756,-0.00335757526527847,-0.00145667120574944,-0.00717572725020732,0.00378609743057656,-0.00368089503251745,0.00156821596377088,0.00136931411514052,-0.00419046557186731,0.0118066534444248
2023-09-25,0.00738052762066199,0.00167171524407661,0.0147078741787261,0.00494072704622184,-0.00731650564041242,0.0166512487343429,0.00248583270490355,0.00660284152447099,-0.00149529571457963,0.00443138367139917,-0.00606943260963488,0.0112233713581784,0.00970635291524746,-0.00718846203571333,-0.00339710520733005
2023-09-26,-0.0233985259787614,-0.0170054712186125,-0.00736573703041987,-0.0103790195842738,-0.0158982249233208,-0.0402986268252687,-0.0128879751770735,-0.0193729422530847,-0.00773735042795309,-0.0173188881214869,-0.00889401243394949,0.00154874463671106,-0.0142602810775524,-0.0154524923184738,-0.0315699389213168
2023-09-27,-0.00889750622865004,0.00208222288950299,0.0132900298256318,0.0058649225603713,-0.000653252978911723,0,-0.0023797851177364,0.0153223344064126,-0.0120111060802874,0.0118362182680896,-0.013260356951425,0.0325572436901806,0.00218205806980887,-0.0022422310905913,-0.0823382497463971
2023-09-28,0.0015257367119621,0.00271744095844029,0.0146228055475972,0.0124160647967748,0.00941183560757519,0,0.00553284345673144,0.0135590240287546,-0.00146378383043455,0.012943768248024,-0.00678708208480427,-0.00607316389620272,0.00397826102708154,0.00791006963397134,-0.0480321260672303
2023-09-29,0.00304619054487687,0.0067273429041903,0.00951519048273175,-0.0174131666427381,-0.00712255934230699,0.00904905031966474,-0.00438215378460072,-0.0109590556195561,-0.00720328588551256,-0.0117287336401537,-0.00327997117669476,-0.0158198144028135,-0.00305221557329571,0.00071359570825491,0.00367912463164366
2023-10-02,0.0148356673503041,0.01916068998623,0.0294949110066052,-0.00861961897617736,0.00547812607976916,0.0184078344613479,-0.00771119474759119,0.0252941542074798,-0.00385230032195316,-0.00468840636741785,-0.00459346296163166,-0.0165845916572855,-0.00574719594035833,-0.0241512665389827,-0.0897190412504778
2023-10-03,-0.00776969959570717,-0.0261339489478152,-0.0282479841939446,-0.00737261828909086,-0.0106370211129867,-0.0366136663629288,-0.0263150865049849,-0.0129686479451459,0.00122448415673015,-0.0101208198199095,0.00206661715550416,0.00172971630031338,0.00707703214015409,-0.0182647974224042,0.0120807119793791
2023-10-04,0.00730845666443658,0.0177732062778817,0.0120414111440819,0.00448470648272803,0.0105329243688914,0.0182809393600167,0.0015416527940495,0.0212187213748782,0.00115901864121293,-0.0146487443417775,0.00329890551381196,-0.0373823317950623,0.0155031150741487,0.0085580121067248,-0.0409246594148295
2023-10-05,0.00719816875893775,0.00125405288113933,0.0146910189522693,0.00421623509763291,0.00977411841529796,-0.00818898358682951,-0.00236004108653876,-0.00125689884840274,0.0104166343902579,-0.0159603708390889,-0.0148660607676564,-0.0225113086636929,-0.0231108947544004,0.0056263004923196,-0.0231134675589189
2023-10-06,0.0147503942330349,0.0247371836215973,0.0240332676644568,0.0153955271808595,0.00668144925334646,0.0158780566412893,0.0038398453530899,0.0185828607140779,0.00318195896625406,0.0200921410044312,0.00201654645205074,-0.0166987155024385,0.00994983626716039,-0.00110036883880238,0.0159758168843283
2023-10-09,0.00845116492362252,0.00782230603612821,-0.0106857447765205,-0.00227429249932865,-0.00255262493369868,0.00234444689363622,0.00867416870111137,0.00610550085126116,0.00570916945614375,0.0197712382621191,-0.00506623069823176,0.0349911766087665,0.000508351377769722,0.00504985053909035,-0.0183121544505536
2023-10-10,-0.00335206738903104,-0.00433561700133822,0.011596078564271,0.00607830647902263,0.0092134464406417,0.00951193881922485,0.0130687598822516,-0.00260082784469373,-0.00113541486086477,0.00704018870202483,0.00990531232787273,-0.00423734313583124,0.0139942820011671,0.00794802893726243,0.0458232301235333
2023-10-11,0.00790397398100406,0.0122720047584179,0.0220099215366518,0.003433051387568,-0.00388844195038607,0.0181495688991269,-0.0039103342802117,0.0180356980675505,-0.0137660669958457,-0.00139087746099265,-0.0122945294613177,-0.0358534540548674,-0.000765344888875252,0.0187619590005621,0.0379991339376151
2023-10-12,0.00506118588568905,-0.00379040559397459,0.00296949893721088,-0.00232637285115245,0.00466726920405791,0.00379276335473899,-0.016876387091409,-0.0112416775451732,0.00096052975961225,-0.0118020569742646,0.00223775826483252,-0.000187620079222683,-0.00253529388020557,-0.0244662371741907,-0.0100859741867916
2023-10-13,-0.0102925373113891,-0.0103574338432246,-0.0316113575356015,0.0150194701150297,0.00375883586520009,-0.0191945024542862,-0.00375381996062152,-0.0115847487094711,0.00332610261385824,-0.00619423242757711,0.00955908742382094,0.0319337422631734,0.000476628336020468,0,0.0281134091701469
2023-10-16,-0.00072703985567113,0.0149816720936278,0.0139461541400736,-0.001013354213379,0.0100980371357384,0.021265196921155,0.0185323727425748,0.0126672404657304,0.00433527909908582,0.0106368735366071,0.0095375077376485,0.000728312361401029,0.00357246405696343,0.0115823261392785,-0.00201883789510038
2023-10-17,-0.00878482247121593,-0.0017434870398042,-0.0467948332722974,-0.00216446758015409,0.00470677175463563,-0.0081478823552571,-0.00467491690693256,0.00445707819742602,-0.00914092518086607,0.00686877596891144,0.0013007122038029,0.0130967887677704,0.00487808508339671,-0.0251532294013754,-0.00386179530460351
2023-10-18,-0.00739490736395954,-0.00587259542626617,-0.0396466844337472,-0.0109803851892407,-0.015464183750501,-0.0254050072783042,-0.0192606153849924,-0.0125963865457001,-0.0215261215019135,-0.0492571344513092,0.0257759898498764,0.014004814405332,-0.0254268563582286,-0.0346805407333289,-0.0171678448702128
2023-10-19,-0.00216076104382135,0.00366545629594772,-0.00225135061541959,-0.00424942670997563,-0.0154125094851547,0.00210714901571118,-0.0119556415140428,-0.0015224218063058,-0.00268436967468455,-0.024419637139441,-0.00562739097253295,0.000619746568826018,-0.00339274080689766,-0.0172445878245441,-0.0159656938378526
2023-10-20,-0.0147044202547265,-0.0140346679856425,-0.0169593540768519,-0.0161061464577625,-0.00183909504105328,-0.0251557311610394,-0.00125521204359924,-0.0156077334165317,0.00446420974040329,-0.00949959633496822,-0.00134914527014951,-0.0171650038458745,-0.0102122723244061,-0.00146229223511685,-0.00820776675241941
2023-10-23,0.000694179120219296,0.00811216913329593,0.0383697140263881,-0.0136409159110892,-0.00792699363809735,0.0111048926258857,-0.00467869583425062,0.00663677657794826,-0.0105227135044658,-0.00754406289455478,0.000675317708552781,-0.0146740775321209,-0.00253851067058253,-0.015815606860155,-0.00846807125411242
2023-10-24,0.00254343856409611,0.00367405916961339,0.0160091252797563,0.00120561426540267,0.0134756465024055,0.0158027815943507,-0.00617404781739272,0.0169230593879639,-0.00105710670192039,0.00901660508112268,0.0118123549248919,-0.00968501396018995,0.00500810950830077,0.00882839880453257,0.0698758822279066
2023-10-25,-0.01349180370406,0.0306781596335837,-0.0431486052729122,-0.00545414783897191,0.00937557900073083,-0.0557716109606913,-0.00840062981455747,-0.0950938055344278,0.00224830311459523,-0.0184731216007742,0.00466997790186729,0.00184533188747649,-0.00784209195213526,-0.0291051074604216,0.0243107299362353
2023-10-26,-0.0246056111704952,-0.0375144818736952,-0.034778234392008,0.00256386025365463,-0.0235170059579974,-0.0149929953371383,-0.0104295992954873,-0.0265107120918897,-0.0169558938899406,-0.0102476323137244,-0.0053122625389771,-0.00911700964874795,0.016301695328274,0.00901347850902234,0.0196598316072356
2023-10-27,0.0079693472956297,0.00585584023787233,0.00431481191046346,-0.0360185884148062,-0.00869068261168926,0.0683281608246,-0.00553966634192682,-0.000899510714293172,-0.0228187406015289,-0.015963331226338,-0.0176234877014266,-0.0190518802579334,0.000567148721671851,-0.0231858195889211,-0.0231022901493264
2023-10-30,0.0123052972103126,0.022740304463543,0.0163210620697656,0.0127497344699661,0.0166177435550148,0.0389072250916898,0.0181583336303945,0.0187443324123977,0.00982131230590788,0.0150907089236252,0.0142703408862956,0.00312637152170936,0.0225081682005721,0.0160296125301072,0.0170698382953429
2023-10-31,0.00281885793161263,0.00237166227469943,-0.00925647751715475,0.0119342134095028,0.00866690197586051,0.00286330800090107,0.011404063641024,-0.00305319740711518,0.00890981889459797,-0.0665262703911172,0.00515866035777734,-0.000283250278657943,0.00868369825590309,0.0189119953810997,0.0192306612736566
2023-11-01,0.0187385054983429,0.0235427320007309,0.0378865531305406,-0.000862894088128341,0.0148020801703148,0.0293786442985737,0.00681418993664429,0.0191006085307275,0.0023595396746896,0.0255695234306104,-0.00279960240986521,-0.00198387052256033,0.0129264805897831,0.00843639099376881,0.00222982098914404
2023-11-02,0.020693383882926,0.00650160250003173,0.0279028356813724,0.0178492446300291,0.0195740583970434,0.00781027243955301,0.027561804055392,0.00822447402908599,0.0104242973665516,0.031445380652505,0.0122320986034858,0.0328473506066973,0.00661333378772277,0.0307088668107152,0.0253293450055987
2023-11-03,-0.00518109579797266,0.0128615544082336,0.0344550411067714,0.0111725285543056,0.00143888677999904,0.0038386235328598,0.00366664618761114,0.0126283947616048,0.00732156626969749,0.00681677756583188,-0.00904636281257809,-0.0121895979977594,0.00731405088486903,0.0174752699769316,-0.0088464423991067
2023-11-06,0.0146050167017657,0.0105727002502396,0.0165759275538016,0.00755229955561521,-0.000451469264908022,0.00822510345920913,-0.00351789173130979,0.00890782496391229,0.00237864507264507,-0.0102597185902376,0.00579704344988863,-0.0177213455451852,0.00124839890336093,-0.0152042146759406,-0.00572595384866592
2023-11-07,0.0144506944785996,0.0112190470984479,0.00445899135422834,-0.000485817192583005,0.00525691164150599,0.0212537648772915,0.000678738119984867,0.00552805110741961,-0.00527331020650934,-0.0141009858190743,-0.00231862857381404,-0.0156795670648848,-0.00941482167297969,-0.00667101469736597,-0.00982377317792071
2023-11-08,0.0058850482654933,0.00740600016736725,0.0134696189046069,0.00493030651470994,-0.00139213125677795,-0.00441458099063552,0.0039014947492737,0.00664263800163356,-0.00364499162448073,-0.000425703916186237,-0.00385160505700366,-0.0122829217561717,0.00760339351766737,0.00863462057739151,-0.0164214736718058
2023-11-09,-0.00262448659437586,-0.00691067282060864,0.00807312142320638,-0.00297133128185956,-0.00930671423082585,-0.0104166364616106,-0.0272034346569459,-0.0121356639809002,-0.0194877901249618,-0.00285328261010731,0.00226660508915799,0.000291695504249123,-0.00326308836928046,-0.0175971178374645,-0.0483477550748067
2023-11-10,0.0232202151863157,0.0248965134750041,0.0294993623589777,0.0148310698786205,0.0149395893735471,0.0210525698903516,0.0129225276923983,0.0180435001672392,-0.00115320466570534,0.023617301953236,0.00705008312608646,0.00767272378464234,0.0226611492531514,0.012296605708044,0.00767529461579364
2023-11-13,-0.00858380407290715,-0.00808828903040482,0.00589646258156606,-0.00443887281735988,-0.00236493861786036,-0.00675676537475012,-0.0120716524548707,-0.00377124031064491,0.00258069452268495,0.00830277731240558,0.00693494353206781,0.0105058482593181,-0.000225243070186787,-0.0197992019749684,-0.011606837028948
2023-11-14,0.0142857871160975,0.0097906449623355,0.0213081452447565,0.0182466597755362,0.00927774179837204,0.0225121452858483,0.0540145245449524,0.0115831367553223,0.000203051695903733,0.0256134071462806,-0.00223018102986772,0.00385040774408596,0.0100312864887728,0.0668422511354134,0.0559633368694843
2023-11-15,0.00304067752841086,0.0004059774935119,-0.0154664789065345,0.00875775080675978,0.00473806945984978,-0.017832688951266,0.0150184828586994,0.00748399481784179,0.00772058736646919,0.0130315628625308,-0.00460171687402977,-0.00604086137515158,-0.0025016075367259,0.0107930044147135,-0.00955689117236647
2023-11-16,0.00904237923675932,0.0175832514765832,0.0121095363244219,0.0114199867760043,0.00185410676706588,-0.00258376483989198,-0.00567847364818619,0.0171592749393916,0.00873649669988819,-0.0114699775517892,0.00931197741431777,-0.0115762071665163,0.0140038528035658,-0.00217186784633017,-0.00701754539990018
2023-11-17,-0.000105592356839268,-0.0168009949712852,-0.00367831987332767,0.00904597549121933,0.00398273421547346,0.0164530617839398,0.00270852711710834,-0.0118307975570962,-0.00206529731491423,0.0195803825542893,-0.01151612642078,0.0243997493269024,-0.00124893075252042,-0.0018137032652934,0.0136042322378793
2023-11-20,0.00927820857368578,0.0205217899592143,0.0225363520468549,0.00307536095468963,0.00164283990147829,0.00654368545914474,0.00299426569264893,0.00694687782115166,0.00881553634141552,-0.0103530113397543,-0.00529551845312159,-0.00438268838485434,0.000956373329087379,0.00844923359234584,-0.000522859720654911
2023-11-21,-0.00423064629773673,-0.0115779977825553,-0.00922462032074522,-0.00208754869090944,0.00904108421220307,-0.0152604592610289,-0.00924773271731694,0.00528438758039473,0.00807168063226604,-0.00415244842472684,-0.00439236398702691,-0.000382673336929873,0.00891549942432412,-0.00351327376535027,0.0111614365342207
2023-11-22,0.00351429520468605,0.01281268612829,-0.0245874431083141,0.00235328612798757,0.00590730089277125,0.0195275395175083,0.0126418269568098,0.011097349450109,-0.00198510007749286,-0.0136322134439294,0.00942463641571401,-0.00430790120005586,-0.000703814664704483,0.00840775560868146,-0.00073018578092654
2023-11-24,-0.00700438002828518,-0.00111164372561012,-0.0192956180130028,0.00136952735160767,0.00228598927347745,0.000204476708636436,0.00485127293415033,-0.0129973442052186,0.0111390215734928,0.00548760916117486,0.00238389745720502,0.00538410952908785,0.00631629729663308,0.00412401970727894,0.00139190806065059
2023-11-27,-0.00094740476704025,0.00312648829026529,0.00975390443278257,-0.00227952923521801,-0.000629107614830038,0.00674655988356987,0.000707893967179629,-0.00204819287970393,-0.00799999135229557,0.00012136525154105,-0.000924842358387079,-0.00583359676206852,-0.00342817315401811,-0.00116065987529657,0.000521401729682403
2023-11-28,0.00321404227643551,0.0108028568765943,-0.00872683631840354,0.00228473736082679,-0.00472189025661374,-0.00473835354015173,0.00778323343467013,0.00579097670476236,0.00231360960801785,0.000444503896529502,0.0069426301294242,-0.000576951521064628,-0.00501441161287153,0.00214538990443858,0.0100728094920663
2023-11-29,-0.00540974235463232,-0.0100601928915605,0.0066708756515399,0.00508017501928504,0.00510007571406423,-0.00482888839674056,-0.000738746268794888,-0.0161077237426801,0.0031654989425145,0.0078788415790183,-0.00761700510504848,-0.0150145385136107,0.00160685533962845,0.00829541199877015,0.0034388428645824
2023-11-30,0.00306294663214124,0.000158210755649257,-0.0284587486476752,0.0114049388688608,0.00963681980228448,-0.00157197221715866,0.00794147220984742,-0.018223697310892,0.0167641829166356,0.00509113090681512,0.0158143416356853,0.00390864225390319,0.00578525035963651,0.0167197542655069,0.00257032875371621
2023-12-01,0.00679116623127918,-0.0116122144718801,-0.000107002906666875,0.00486926434714685,-0.000895828024323864,0.00643440663269046,0.0195542275692124,-0.00505520063368714,0.0240528712305639,0.0240907382610351,-0.00560199568758246,0.00243322774160615,-0.0019271346148555,0.0289741977747231,0.0112800844139891
2023-12-04,-0.00946451447107799,-0.0143387282570222,-0.0268362227891656,0.00733246667686616,-0.00783782424448143,-0.0148949361326841,0.0137661235090345,-0.0196422434166242,0.00315673722288512,-0.00782859769198574,-0.00393040709369363,-0.00543727148420148,-0.0122905929665713,0.0175036493252723,-0.00845035841753927
2023-12-05,0.0210631836806576,0.00915643606491345,0.0232935835265085,-0.000126788844138415,0.000667882965892597,0.0140845663939595,-0.0016045773701846,0.0133054384530378,-0.00207677208858159,0.00172733105628864,-0.0348546574242057,-0.0194280480781003,-0.00656605663506638,-0.013961537632821,-0.00749947896293457
2023-12-06,-0.00568708200893475,-0.00998603867302628,-0.022827755293049,-0.010508317706351,-0.00125668347281971,-0.0160675417476632,0.00806786328282705,-0.0074048281200958,-0.0121729861599345,0.00305656702761969,-0.000749792733629628,-0.0132417665302369,-0.00905995440675966,0.00337120990953022,0.0338313483416253
2023-12-07,0.0101392756049534,0.00582983589662711,0.0240204508795081,0.00307087620795543,0.00601675966941828,0.0163299234748311,0.000184126859189337,0.0531455252442548,-0.00778944142146809,0.00562555966100775,-0.0010224794421545,-0.00696202563613446,-0.00414691007420376,-0.000839970759633935,-0.00581414644621003
2023-12-08,0.00741235242076699,0.00884195288599487,0.0195294395257759,0.011034043917602,-0.000312684828854826,0.00367642475613783,0.000919762168755556,-0.014167888272327,-0.00630618809027028,0.00811940521052534,-0.00921487000223231,0.0114817241185212,0.00657220143172887,0.00756616221847306,-0.00250620122554424
2023-12-11,-0.0129272923947898,-0.00782937700053976,-0.0185029564512631,0.00365886694956896,0.00304985907421695,-0.0103785022269738,0.0148861943930119,-0.0125934078599251,0.00414444306971262,0.00547227599820754,0.00461569367503345,0.000702914257199705,0.0173698406301839,0.0179392079420042,0.000167610732907164
2023-12-12,0.00792012698682742,0.00829510720050397,0.0220904550848227,0.00892516811982014,0.0118509970898553,0.0108985971933826,0.00564419282726347,-0.00577675487738005,6.4531177276228e-05,0.00195446705287528,0.000822931811327754,-0.0157598641423079,0.0452675180746143,0.000573727777786193,-0.00318206118893338
2023-12-13,0.0166915249106891,-2.64751596814605e-05,0.00904374790728313,0.00336389994665653,0.0108646576493447,0.00922159377373521,0.0306121265848607,0.000377195361275895,0.00464286211640319,0.0250163710351268,0.0180897257684061,0.00887298346506449,-0.0421353685840886,0.0587367032737685,0.0502351248757968
2023-12-14,0.000757729196697809,-0.0225447781318716,0.00544816640213841,0.0181921840466144,-0.013911200620587,-0.00954043404920335,0.0244904477424104,-0.0047523800825775,0.00693247869867997,0.0641862311959824,-0.0263831460277071,0.0268905633750192,0.0023976159812602,0.0609719022662505,0.00431927696133494
2023-12-15,-0.00272566616740555,0.0131172862509419,0.011168591056629,0.00756116006920515,-0.00270550579098416,0.0172975382134755,0.00622475045579574,0.0050023852015233,-0.0109005744367653,0.00199864609994171,-0.0048390236288639,-0.00669425749125552,-0.00571114772950687,-0.0146056722034599,-0.0203885159665774
2023-12-18,-0.00850336546436781,0.00517909803772532,0.0242790225976941,0.00605226270447345,0.00131736246418312,0.0273388415692672,-0.00901115286469334,0.0241327967727369,0.00180432713408196,-0.000104952913047351,0.0153516950775363,0.00743304762477281,0.00422207693188192,-0.0117680906505527,-0.00813007255137832
2023-12-19,0.005360153443696,0.00163686833046195,-0.00944547232938664,0.0133550110663121,0.0062705373014158,-0.00181744677597562,0.00359161832531707,0.00625914540772921,0.00656227212123506,0.0253754455563626,0,0.0131824718628573,0.00730861549891393,0.00806458208789818,0.00934430505037054
2023-12-20,-0.010713969497623,-0.00707270874523924,-0.0300984666596225,-0.0112792336748881,-0.0110775434029827,-0.0108589520895434,-0.00968565288604173,0.0123673780419069,-0.0203884974282585,-0.0110936140700424,-0.0154615293857071,-0.0167007464886549,-0.013904732913348,-0.0245232966146277,-0.0280982306344167
2023-12-21,-0.000769902336081207,0.00787855713940777,0.0182703607847572,0.0057038073309823,0.00945126166472932,0.0113068713904316,0.000889356150656884,0.015035310916899,0.0102431541833581,0.00124261351090782,0.00243177917023285,0.00454229988966803,0.00681688984175821,0.00375554577921422,-0.00401061931364344
2023-12-22,-0.00554745683713642,0.00278405682096006,-0.00326598657948307,-0.000596888855701527,-0.0042767905008867,-0.00273009736702567,-0.00108905848979635,0.00762004870433497,0.00400427554253402,0.000999582088222706,0.00707084804791558,0.00176961639912876,0.0039350359372905,0.0109958820789755,0.00251671336848069
2023-12-26,-0.00284101651781621,0.000213768470190834,0.00919520723826706,0.00591387913509522,0.00282468132897762,-6.51447461558208e-05,0.00206553121307684,0.000212078363608592,0.0043740719014711,0.0181497753731492,0.00454289164693455,0.00225672278659617,-0.00197208250974013,0.00800593029092678,0.00769893365829577
2023-12-27,0.000517867426258922,-0.001574843239455,0.00280051176707152,0.00599778072792434,-0.000887495877336719,-0.00045634132421335,-0.00223298390159576,-0.00812616901369201,0.00134483101561655,0.0084229929540236,0.000822367588867445,-0.00469932642715598,0.00312252853166206,0.00539482810052716,0.006145012512071
2023-12-28,0.00222640498884874,0.0032347291304935,0.00212465296522013,0.00531327621786648,0.00567731837670848,0.000260913955115294,-0.00335687797854234,-0.000997303177202924,0.00147102237742192,-0.00415942968532823,-0.00225959643178575,-0.0144599967992515,-0.00350182329450155,0.00752727112437146,0.00726303087445346
2023-12-29,-0.00542403675735748,0.00202514340578408,0,-0.00117433987562254,-0.000191968318348001,-0.00938846261288395,-0.00233195058839786,-0.00385072225620797,0.00102184426360674,-0.00407578811192555,0.00555847438485202,-0.00209585575502602,0.00229383933789418,-0.0139803556753172,-0.00458852763017359
2024-01-02,-0.035786761899941,-0.01374849786788,-0.0273415244318054,0.0116400141466961,-0.00568482514694624,-0.013228970207501,-0.0042418245277771,-0.01088126370689,0.0206072262962418,-0.0100111774398222,0.0150129910208938,0.0238046439993285,-0.0027513571085872,0.00990257630795455,0.0136648417820397
2024-01-03,-0.00748754218642689,-0.000728065850165049,-0.0124353697061695,-0.00435850445742247,-0.00343788211393858,-0.00973782115920796,-0.0197635032404855,0.00542812981757801,0.00625134220843115,-0.0287314134844961,-0.00605109774194212,0.0084017263653815,-0.00212416763233192,-0.0304560575274659,0.00682147478977546
2024-01-04,-0.0127001245979738,-0.00717763671042171,0.00901833545106667,0.00663621475576304,0.00631805580706768,-0.0262678915903487,0.000975644978278734,-0.0182120088330083,-0.00211217411073628,0.00633140865906268,0.00547892081143031,-0.00871938670637262,-0.000293545639153292,-0.00176236751303216,-0.00306495773913673
2024-01-05,-0.00401305444079458,-0.00051649164515255,0.0228967360496042,0.00501726899725741,0.000308360068073332,0.00463442024626004,0.0128473955025026,-0.00483917182363491,0.00311272506348659,0.00989156633974075,-0.00827432745217349,0.00302974113799093,0.00129731882799811,0.00207237776976665,0.00453068021783243
2024-01-08,0.0241749173862471,0.0188716458051996,0.0642810372743943,-0.00145139330676924,0.0109743903697987,0.0265767038306346,0.0145506675165981,0.0229133910633939,0.00248247331891083,0.011490680064258,0.0086149562996638,-0.0166617754296227,-0.00202888236446397,0.0199907936758708,0.0135308704758279
2024-01-09,-0.00226336993001552,0.00293572898889916,0.0169750474146566,-0.00790592279999924,0.00300907719101207,0.0152246071143409,-0.00500113719952311,0.0151971785544218,0.000619362123347678,0.000136747795023151,0.00410233535038196,-0.0123858761048632,-0.00391866453981415,-0.000750809686353104,-0.014462869955664
2024-01-10,0.00567121927543845,0.0185741362996346,0.0227700747145101,0.00210942950608106,0.00467109541866817,0.0155909406519072,0.0306479124510726,0.00943583045143792,0.00148456989696943,0.00362646303926462,0.004286814769354,-0.0098325517137926,-0.00199179897778723,0.00360696786859083,0.00435423760516862
2024-01-11,-0.00322251647114202,0.00485943698248481,0.00868442571917316,-0.0042101664225922,-0.00200325636617704,0.00943210166226804,-0.000756475879485796,-0.00140560866330441,-0.00444812603926747,-0.00439730457557597,0.0038013259716636,-0.000202643153184967,0.000196983680575746,-0.0166977735185478,-0.0250480922600934
2024-01-12,0.00177816399304054,0.00998370273978888,-0.00204302594781125,-0.00733987663787206,0.000530404571839505,-0.00360869690053256,-0.00230016406392197,0.00401188908651018,0.00769496891180999,-0.00564955824063063,0.000598102816992352,0.0129724669080162,0.00729147749626269,0.00175137899648448,0.00527010524132909
2024-01-16,-0.0123168939167252,0.00463335946603594,0.0305611383250974,-0.00627041015365815,0.00405004836565137,-0.00944244923802762,0.00764666196025443,-0.00112152693527379,-0.0115156265956563,-0.0109500353522423,-0.00537872710976528,-0.0226113454984743,-0.00555115441792742,-0.0120106432986795,-0.0113042029200893
2024-01-17,-0.00517358826459846,-0.00204966704890275,-0.00583518750516965,-0.00535739157779558,0.00524073591833396,-0.0094672036665725,-0.00761649400311737,-0.00715854560164786,-0.000560512212449904,-0.0299413041421825,0.00100170269740008,-0.00726768553987989,0.000245743911366114,-0.0239285935768866,-0.0344655354241775
2024-01-18,0.0325706574175872,0.0112973628522639,0.0188036835295466,0.00197490941113632,0.00566339600912169,0.0117987819320899,0.00618502518108621,0.014208102474035,0.00486186691743917,0.0117361063281392,-0.00576507991539577,-0.00185611819141218,0.00270446198142493,-0.00472958223416642,-0.0106401458695898
2024-01-19,0.0155329182236963,0.0121867036746317,0.0417461172521485,0.0172619579343514,0.010293050064927,0.0119869468266489,0.0126012886976821,0.0202117736786369,0.00291531773997944,0.0166785836852739,-0.00384769401432394,0.00154945473018531,-0.00115231904401392,0.0172658525862299,-0.00676502970006043
2024-01-22,0.0121632380905541,-0.00541774685809226,0.00273997586001973,-0.00117425085797929,0.00110739615041533,-0.0036049798622092,-0.0157833609714549,-0.0026641806452754,0.00488616817684528,0.0118830249367285,0.00196509025558766,-0.00134094966120413,-0.00223380664787376,0.00233582986423331,-0.00716025195071079
2024-01-23,0.00665324488574059,0.00602731128620038,0.00367119475571465,-0.00658404601335627,0.000221257211968418,0.00801140653148735,-0.0165690306210211,0.00719236053452121,-0.0163721653403935,0.000554278569751654,0.0413904221003005,0.0112581790180242,0.00349350446322672,-0.00567047626119455,0.00932288701201123
2024-01-24,-0.00348374926912487,0.00917538578095711,0.0248692842448186,0.0089355292321005,0.00143762403484105,0.00544796065536701,-0.0100062254819149,0.0112894111642432,-0.00531891849069965,0.00640505008989489,-0.0120795487229363,0.0172606537927347,-0.0162053670352676,-0.0200764598730622,-0.00644844695583047
2024-01-25,-0.0016966269632982,0.00573812797504236,0.00415563327628976,0.0143108191184673,0.00353390729746761,0.00560977185060207,0.0106545569771457,0.0213181004803931,0.00377459532870228,0.0347115987817752,0.0230079322542609,0.025401533154003,0.0054574438030297,0.00605851085959497,0.0170147148230733
2024-01-26,-0.00901290947016897,-0.00232180338046073,-0.00951033615435892,-0.003816302336768,-0.0171304026933767,0.00868459662242471,0.0123372246249336,0.00210687811722265,-0.000376060796219879,-0.00445528014259911,0.00334159677632462,0.00851867999795108,0.0014128227039536,0.00530923971416852,0.0086236535373545
2024-01-29,-0.0035858916774163,0.0143343246667473,0.0234962504402867,0.0026118524578258,0.0213478462331826,0.0134489659082278,0.00112586638864953,0.00867346045393735,-0.000877770848582093,0.012758020385083,0.000128243527357075,0.00126202303750955,0.00388562978148221,0.0080397209172407,0.0186388199971679
2024-01-30,-0.0192458082377521,-0.00275799090092743,0.00494668473760917,0.0204945188406329,0.0127529668388024,-0.0140146011647057,0.00393591674755078,-0.0133542359006511,-0.00370222753275962,0.00497931893003933,0.00851686791775097,0.0166779954562952,0.00552264462784158,-0.0106343267509744,-0.00486833219624572
2024-01-31,-0.0193576043020111,-0.0269463571936517,-0.019864863250649,-0.0108354924643287,-0.0140357578577436,-0.0238993902626278,-0.011593493612306,-0.0750032621345558,0.000818679557607727,-0.0146017472574016,-0.0022223317420289,-0.0194562867550166,-0.00740473117426088,0.00126466423253002,-0.0109647688946757
2024-02-01,0.0133406715765667,0.0155942646935809,0.0243796914872978,-0.00361330439763041,0.0138694686532315,0.0262886721087716,0.0201439342746217,0.00756609530812802,-0.00339829414078774,0.0245744753320547,0.0129820294162206,-0.00408513380215114,0.00943608769197835,0.0295997175835556,0.01910271953798
2024-02-02,-0.00540527271144819,0.0184260281426509,0.0497087542236738,0.00575604403599539,0.000469605630229575,0.0786664921856184,-0.00788731979429669,0.00864253521059144,-0.0110506531469191,0.0240503132540981,-0.0068476985066328,-0.00410205354466942,-0.00381750432414796,-0.00912290078434985,-0.0267781742576226
2024-02-05,0.0098467892185603,-0.0135450828043929,0.0479446288058907,-0.00131628391936744,-0.00577244888691864,-0.00873057459586102,-0.00585049852278008,0.00913052505008882,-0.00517213449254883,0.0200258983437984,0.00075924802985905,-0.004118786054924,-0.0158687261685654,-0.0181042281995677,-0.0374893340195603
2024-02-06,0.00863158572141121,-0.000394559974576048,-0.0159957436209218,0.00343834999748882,0.00428189243931421,-0.00681113075414308,0.00312532237579077,0.00292319823574605,0.0145059947968489,0.00410702630444626,0.00474054056282514,0.00689308913158038,0.0372664244635654,0.0282876536002457,0.00464534408353479
2024-02-07,0.000581159262196262,0.0211104110170497,0.0274978965447705,0.00188475030181068,0.00950292702129829,0.00815846841624501,0.018077396940126,0.00999302918815004,-0.000506346540234737,0.00269582296882187,0.0010064138237007,-0.00029350411024065,0.00305603248610242,-0.0108047252248572,0.00266776700530436
2024-02-08,-0.00575464420898819,0.000144835936415566,-0.0065336740504599,-0.00359126579079394,-0.0110805693334285,-0.00404622322374648,0.00283991303691589,0.00254238821922015,-0.0100014191146394,-0.00491356572168122,-0.00301661582782053,0.0171201413542927,-0.00678931014899364,0.0199086222825255,-0.00159637202849228
2024-02-09,0.00409395914258637,0.0155515764056986,0.0357838064349763,0.00120121915878779,0.00235704355495803,0.0271431977729211,-0.00156725053972973,0.021177286347958,0.00230184856178473,-0.0150310027586288,-0.00769022111454298,-0.0211599387554648,0.0130918504292514,0.00622800464133766,0.00515200842569574
2024-02-12,-0.00900187494818472,-0.0125788056019412,0.00159409493265983,0.00445701386778663,-0.00492011893962307,-0.0120951599155235,0.0063336576855102,-0.00986578888059531,0.00695341288032902,0.0140939754066793,-0.00196933260631416,0.0137562936373545,0.000452855708247046,-0.00324554733790705,0.0171437281972042
2024-02-13,-0.0112744013230257,-0.0215286301688299,-0.00166071456371797,-0.00870358945535743,0.00269018753080674,-0.0214691715612432,-0.0215076815708148,-0.0162001338569276,-0.0087425751032264,-0.0273296846449703,-0.00534664172985633,-0.00860894129794576,-0.00800735210854397,-0.00886023421069548,-0.0399652916367206
2024-02-14,-0.00480976791856957,0.00966516173103771,0.0245671840655843,0.0101574258896791,0.00634505003565122,0.013875689909628,0.00178968496161058,0.0055119618646744,-0.00466537622477581,0.0123705417211692,-0.00409547446367486,-0.00493377328673861,0.00516509671483534,-0.00290343969595053,0.013755645199933
2024-02-15,-0.00157484641666528,-0.00715514903141545,-0.0168062954832492,0.0218141728174637,0.0123217029042013,-0.00690134931142239,0.00795570585274641,-0.0217211639647589,0.0139974825235225,0.0200814160958473,0.0088672181467051,0.028659463763864,0.0245937690999529,0.0199234298715163,0.0224961110269584
2024-02-16,-0.00843021514482223,-0.00614907742029391,-0.000619424769008337,-0.00466988917897815,-0.00861288712449626,-0.00170794192997437,0.00351720961871149,-0.0157597120532391,-0.00114824968125637,-0.00359043883087062,0.00318448020004802,0,0.00685811351694454,0.00217874184768907,-0.00419074037063283
2024-02-20,-0.00411396137514597,-0.00314310905620563,-0.04353212978891,0.00390996753834982,-0.0122415242827741,-0.0143353946936932,0.000607187637876594,0.00426986006728769,0.00836803117800167,-0.0253799168576606,0.00634874295386423,-0.00944781289514807,0.0100316850189772,-0.000300014836171481,-0.00736444142287229
2024-02-21,0.00418600932729629,-0.00151452446573386,-0.0285088395779002,0.00650981294622088,0.00585157049257856,0.00903755380828164,0.00430263698152977,0.0101333178478429,0.00519428699941038,0.0108370422830821,0.0119235138890774,0.0204379863886208,0.00802843836420664,0.000525105875333942,0.00865551885507165
2024-02-22,0.0112438841355131,0.0235466305872269,0.164008658523143,0.0119955224918158,0.0252564459960851,0.0355300173395745,0.019800415167095,0.0108032138842704,0.0111545646664823,0.0156084261666787,0.000997582238014161,-0.000858418771808367,0.0172254623595145,0.000149818463855977,-0.00753058416903862
2024-02-23,-0.0100341608569673,-0.0031822741901133,0.00355247885357346,0.00502545095318863,-0.000528570825805597,0.00234851447937401,0.00166963454338709,-0.000902067035618237,0.008663145367928,0.0055573078965836,0.00292730604566294,-0.00878181138994416,0.00118569206446972,-0.00172367854829092,0.00194120188966806
2024-02-26,-0.00745117211846724,-0.00682355531509149,0.00348903381333932,-0.0034241848998664,0.00193941039380108,-0.00148585494864251,-0.000967877658010652,-0.0443874647776705,-0.00648787956658103,0.00463130307735526,-0.00502996328257432,0.00394838017142241,-0.00585384039916281,-0.00487948178716913,-0.0198169885462666
2024-02-27,0.00811454380053656,-0.000147106940103892,-0.00494370300400915,0.000490787387500857,-0.00344887626978541,-0.00681052177933916,0.0106567926678758,0.00952232189595459,0.00118162886108908,0.00691512323433363,-0.00574236238730752,-0.00211034552209721,-0.000314832333131454,-0.000527922791291768,0.00743425596753577
2024-02-28,-0.00662555156270361,0.00058889609049495,-0.0131891082790411,0.00506956627998578,0.00868739193198298,-0.0021896371944472,0.00545824747112222,-0.0180010818728401,0.00354080441710281,0.00589080309094947,0.00470820703663843,0.0027876154258808,0.0143885521019704,0.011321572010115,-0.00935920111916744
2024-02-29,-0.00369312162474222,0.0145198434197373,0.0186573924694766,0.00911158453079386,-0.0104683016837557,0.020789967478583,0.00794493679243669,0.0152516187853191,-0.00105221455211713,0.0133510510750923,-0.00693538264671967,0.00191708627609333,-0.00527481104835492,-0.00537367369134822,0.00272522726487368
2024-03-01,-0.00603026757040181,0.00449659821784754,0.0400320212066505,-0.00413829475808214,0.00184004462581311,0.00825982552183624,0.0100891670828622,-0.00953353826737757,0.00458535068149679,0.00820461812634932,-0.000566313749923442,0.0126292870099451,0.000868922884291523,0.00997976821179503,0.000362371126708227
2024-03-04,-0.0253814942716832,-0.00139586413289594,0.0359508076819173,0.00750158195947392,-0.0092880956998711,-0.00359106377098428,-0.01061262447381,-0.0276360822159996,-0.0140637254961323,0.00579156543309001,0.00446994665319611,-0.0139835458108956,0.0142250565002746,-0.00735515494131067,-0.00434702682668675
2024-03-05,-0.0284409196164559,-0.0295720189800552,0.00857665175479672,0.0100172829702829,-0.00409951823843313,-0.0194842137526215,-0.00504768023445379,-0.00509919948932924,0.000813417468014777,-0.0151190062094688,-0.00150440376108096,0.0122654275108838,0.0117645466940988,-0.00875690902148063,0.00782242115202014
2024-03-06,-0.00587818095828063,-0.0013908057540416,0.0318271526219094,0.00519751982609895,0.00375820423642814,-0.00350333463966046,0.0032959981811842,-0.00957260122428416,-0.00393829392550782,0.00629637970925434,0.00156930760609097,0.0106967065784389,0.00574889343197293,0.00483254410911482,0.00234659491800726
2024-03-07,-0.00070960002181697,0.0175333163418714,0.0447462828958434,-0.00875844864689712,-0.00773788230044392,0.0190767847511655,-0.00235796913548947,0.0226787929090086,-0.00294958688123315,0.013675728376183,0.00658009026062434,0.00561959688762448,0.00362386809101056,-0.00255491495422944,0.0129658553530834
2024-03-08,0.0102368141781282,-0.00713693623804168,-0.0554769222512803,0.00186286575742356,0.00639680341991333,-0.00831354575168475,-0.00849824225262708,0.00766485291359786,0.00409160996490132,-0.00302754400741867,-0.00168096812718754,0.00940660888589218,-0.00588889960904637,0.0175530946602889,0.0277334796991728
2024-03-11,0.0118316283287974,-0.00418484194354163,-0.0200393344283942,0.000371914563714659,0.00185690607599831,-0.019332758891649,-0.00490158389441475,0.0166900212067871,0.0107194265632924,-0.0124414528611894,0.00748363945356179,0.00590512579197044,0.0149823103906532,-0.00703340089606219,0.00103777350926415
2024-03-12,0.00277830980721494,0.0265993316230644,0.0715717904227104,0.00823203076971946,0.0119760266654134,0.0199464558145115,0.00812895316831197,0.00602878029005871,0.00936543650118371,0.00677680890641041,0.00235220256558044,-0.00642072319917886,0.00423853988549938,0.00335520623342145,-0.0124415759674275
2024-03-13,-0.0121223076354564,-0.000433320260306846,-0.0111518661459737,0.00811204366948348,0.00429689930156085,0.0066708374081581,0.0118811306477731,0.00931412991712532,-0.0100772603363296,0.0126912639276293,0.00228485368578424,0.011170479219534,0.0102323818653378,-0.00921459931442214,0.0418196996368665
2024-03-14,0.0109272097428645,0.0243796595657229,-0.032391447091506,-0.0178177892701862,0.00445388269969915,0.0124037294499819,-0.00981554662498429,0.0236784378225579,-0.0117319060968174,0.00117126085816044,-0.00492901653561473,0.0177120949100935,-0.00200047258916469,-0.0193503801826261,0
2024-03-15,-0.00219652139131865,-0.020695086596088,-0.0012166982680516,0.0123955866308112,-0.0117661595228391,-0.0242237864674388,-0.00543614712617124,-0.0134172920566776,-0.00646958269557729,0.0147695693475016,-0.000742913845822035,-0.00179419312960627,-0.0120479115146576,-0.00593258637108673,0.00906961210763169
2024-03-18,0.00637236250478734,0.00216126723417864,0.00703565614542634,0.0124013342971387,0.00710147274586248,0.000343983254349256,-0.00353647669571211,0.0460404451248473,-0.00897705490251932,0.0142087451178192,-0.00105356371691057,0.00925676979297596,-0.00452767284805278,-0.00682068975275141,0.0014978450312364
2024-03-19,0.0135850759420635,0.00980052585169089,0.0106608351105717,0.00586524705896685,0.00806869865083493,0.00813845829732096,0.0201659964182437,-0.00440131855977288,-0.00350837899969658,0.00568338117108569,0.00384596749958699,0.00703473436437596,0.00133011942469374,-0.00226314468211375,0.0182817493630871
2024-03-20,0.0147093310766802,0.00906480846361823,0.0108952575336834,0.0131069923349472,0.006716613434677,0.0127913591703936,0.0131783881331287,0.011630361707172,-0.00288091234022725,0.00720543144009311,0.000988666209480682,-0.00088424574795265,0.000128587282974379,0.00664835038674316,0.0151785909613926
2024-03-21,-0.0408576536530466,0.00973586823387018,0.0117622895060188,0.013905017071961,0.00376815317709833,0,0.0280689975726902,-0.00766419268052765,-6.40721978129033e-05,0.0227521422213166,-0.00080247272730205,0.00442506849147706,-0.00104976937284007,0.0092462056629854,-0.0135048528596045
2024-03-22,0.0053101823365127,-0.00146721443445108,0.0312136102848317,-0.0122575045385598,-0.0244863500761661,0.00404154502032417,-0.0124493482440244,0.0214768684035389,-0.00333890061870401,-0.0176925911636825,-0.00123580516529687,0,0.00416043050488457,-0.00977741200303872,0.00684486532891304
2024-03-25,-0.00830036719309524,-0.0137146550912786,0.00756164436917728,-0.00915467591771679,-0.00723703010929921,0.00469621300167944,-0.0173466136381774,-0.0046429574506931,-6.4290964463587e-05,-0.00603162598637563,-0.00909294935321625,0.0102213035162937,-0.00286187085694156,-0.0115844612901683,0.0134347050840558
2024-03-26,-0.00667248822191391,-0.00286144484129514,-0.025694113796456,0.004670930406381,-0.0021692093908543,-0.00784599415409504,-0.00933486855147281,0.00399803618925865,0.00354350311736362,0.00123615644698227,0.00224737469522052,-0.00750117111165161,0.00139213925038084,-0.0156532607882212,-0.0188467914442529
2024-03-27,0.0212126277236324,-0.000521809335502499,-0.0249673077272795,0.0193635784629158,-0.00563074969163202,0.00858103619242634,0.01568721208973,0.00132744000679663,0.0140592659080236,0.0231768020768039,0.0128309153426498,0.0103700146709853,-0.00282294784979187,0.0297267404512658,0.0384178321678321
2024-03-28,-0.0105590661362791,-0.0016845848051027,0.00117450435390642,0.00390924982251928,0.000214878748424852,0.00305846102517715,-0.00593434796011272,0.000397581552461057,0.0014559321336971,0.00488145971118725,-0.00221402887473099,0.011046295548659,-0.00409682701265068,0.0105540617599267,0.00188110315126866
2024-04-01,-0.00845584852136672,0.00915088658156882,7.74802048661982e-05,-0.00678985950447863,-0.00286647731387957,0.00327085221155143,-0.0405892584949852,0.0302129665605952,-0.00259188088993323,-0.00734107309665921,-0.0102928180921081,0.00645216209798538,-0.00198145276575856,-0.017662391591281,-0.00829289495715557
2024-04-02,-0.00699887271228905,-0.00737225903495053,-0.0100815528167038,-0.000402072118351748,0.000574831777335305,-0.00154721101513067,-0.0136672404423894,-0.00598119245609907,-0.000316777960632231,0.00299660476075303,-6.24503507018481e-05,0.019574317264577,-0.00444535350263486,-0.0182926931178941,-0.00788895650215127
2024-04-03,0.00479746970747597,-0.00234901697109391,-0.00545533111926833,-0.0028159603866782,-0.00531525604240146,0.00951907243047878,-0.00853994554575466,0.00232923510474525,-0.021999862253867,0.0300413721408692,-0.0275266857367084,0.000167782513943449,0.00244942885946453,0.0040611291577366,-0.00524806127922817
2024-04-04,-0.00489221862105371,-0.00611250091754845,-0.0343849290167754,-0.00760847413766752,-0.0106875424771596,-0.0132120147674225,-0.00616837999000397,-0.0283373886623997,-0.0114092689173889,-0.0159664711403688,-0.00448301388857131,0.00352048581554021,-0.0112656050692769,-0.0111030592253155,0.0188648679997916
2024-04-05,0.00450163169072693,0.0182827655184399,0.024480651644091,0.00919998842881808,0.0114601278323601,0.0281667073567708,0.000531113351709189,0.0130870973657367,-0.000721255273837262,0.0257173892492772,0.0041814845922421,0.0137821728689735,0.0162708395273414,0.000400893480050124,0.00706113250575369
2024-04-08,-0.00666351699657552,-0.00218552961804996,-0.00994211214765095,0.00521648751109427,0.0022369720446942,0.00064837689759889,0.011680291976379,0.0154098476237403,-0.00524975720718368,-0.0153702868655937,-0.000384620205827191,-0.00675619715378273,-0.00652039638431645,0.0114637671338169,0.0105951930758894
2024-04-09,0.00724262571806555,0.00398033551148647,-0.0204173152166106,-0.00670081866852945,-0.00374418536175003,0.00259190950489319,-0.00174013973255527,0.0113013649913738,0.00461771232535035,-0.00420405988451622,0.00397370869097502,0.00522600656050298,-0.00807938588064594,0.000713391437868971,0.00801716165668576
2024-04-10,-0.0111392434983881,-0.00708454148959869,0.019741461524319,-0.00852153065115424,-0.00809481105889276,0.00150804536036087,-0.0300481691369573,-0.00293738102116636,-0.0137237142357134,0.000457270779142815,0.00370234518638912,0.00841714907574675,-0.0162684996261409,-0.0446697384150997,-0.0209543701400586
2024-04-11,0.0432708197707596,0.0110333326399401,0.0410962998307216,-0.000204645200677422,0.00437194414824083,0.0166711812551332,-0.00909969502430052,0.0209426738672955,-0.0093876621382738,-0.000241789493018119,-0.00890366622648531,-0.00335501914815151,0.00557163815145789,-0.0030674896814108,-0.00109350680704146
2024-04-12,0.00862658481286793,-0.0140910410458333,-0.0268162616157052,-0.0646780113381267,0.00101555572375567,-0.0154456393642368,-0.0129544339191484,-0.0105387008643375,-0.00853539541889248,-0.0170709583975733,-0.00327263314030479,-0.0116594466094962,-0.012339929454706,-0.0103949923398193,-0.0134501256800309
2024-04-15,-0.0218634158581757,-0.0195780081807382,-0.0247772593971586,0.000547365673682298,-0.0169590155621415,-0.0134852506300921,-0.0144079767124404,-0.0181958049361115,0.000474555601802207,-0.00470414249900708,0.000772423778265141,-0.0057322676832825,-0.00594541420740524,-0.0269748542375537,-0.00523148646943317
2024-04-16,-0.0191672195741023,0.00227236761269922,0.0164417729393025,-0.0114276347996364,0.000258264818072895,-0.00163374251686099,-0.00917340362070629,-0.00297028590083537,-0.0212751476089043,-0.011074090069751,0.00321633295455248,-0.00827212230822061,0.00231605919399103,-0.00906813096411896,-0.0167331365920221
2024-04-17,-0.00814741757871484,-0.00660916029571956,-0.0386662432707267,-0.00398232228796147,0.00493819690146191,-0.0111281282097808,-0.00597315637165841,0.00692999766545821,0.0022152604819683,-0.00433487507771346,0.0064766607774942,-0.000505501384522211,0.00226573637811112,-0.0719017262998992,0.0338736970485978
2024-04-18,-0.00571436966059657,-0.0183808529162363,0.00756820548837833,0.00649703647454869,-0.00484094612500219,-0.0113636229725582,0.000180412290487153,0.00347335269887306,0.00670036702280274,-0.00108845900051258,0.00857298302139631,-0.000927407070452801,-0.000805815245936925,-0.0169029119218972,0.00344875336915318
2024-04-19,-0.0122125817174833,-0.012738983399373,-0.100045895514195,0.0251035096698118,-0.00585893744076227,-0.0256109603092693,0.00741971805814412,-0.0123069959827794,0.0148894388777623,-0.00552396223925977,0.00540421779494205,0.0114749793460556,-0.000291250969159718,-0.0114624336729264,0.00453059926747335
2024-04-22,0.00509085544713406,0.00461014095376178,0.0435431685936616,0.0194293864899278,0.00945204751521223,0.0148885688142271,0.00223644215776453,0.0142124752605501,0.00818067637499098,0.00831793278794346,0.0151762010710383,0.00567239901152794,0.00150124465725421,0.00570101327863326,0.0157075826165629
2024-04-23,0.00639170227404495,0.0164854140930151,0.0365327527858312,0.0144131799060758,0.00653643805576776,0.0130338972763109,0.00859842372076192,0.012669553025132,0.00295041369644977,0.0157714399736244,0.00598005377163924,0.00389852387214207,-0.00427307873655147,0.00720607791656191,0.0136271585911019
2024-04-24,0.012702308188113,0.00365572394723235,-0.0333160952045977,0.00489242709766891,0.00331960196541847,-0.0164308625295578,-0.0176696645413467,0.0054973918048955,-0.00688680011017828,0.000743135657231164,0.00681106121799169,0.000165151581900114,-0.00166272639393483,-0.015739806930118,0.00543830022421554
2024-04-25,0.00514718719452834,-0.0244951977724046,0.0370873872365989,0.00150191863522653,0.000509279193547707,-0.0165354676340677,-0.00309281363066283,-0.0196695340170794,-0.011512580698104,-0.0702023793612327,-0.00030749023698573,0.0023131744411331,-0.00110299980760642,0.0016476217352499,0.00510823066413968
2024-04-26,-0.00347281207346284,0.018243968432498,0.0617557660236665,0.000620602874434661,-0.00232607655913353,0.0342603616685369,0.00936781190575608,0.102243472264133,-0.00463156524708075,0.0159171751969007,-0.00775141645000677,-0.0277755180656828,-0.00146435978806514,0.00686989659908144,-0.0136026541250065
2024-04-29,0.0248081379118319,-0.0100168444332858,0.000250634303621267,-0.00108550538385721,-0.00976246160705607,0.00746025850744192,0.0051031384272191,-0.033730480628644,0.00465311645956534,0.0186964543579022,0.0022938685023508,0.0142419813039001,0.00426467060272029,0.00912926248306878,0.0216701166021032
2024-04-30,-0.0182708273099739,-0.032119421963172,-0.0154402264036451,-0.00796761700247994,-0.0118820176550941,-0.0329354912286841,-0.00766039020505171,-0.0202829178475771,-0.0151885342573583,-0.0435391513150759,0.00952629020178342,-0.0114509536864755,-0.00923455679354057,-0.0281876819158158,-0.00667460454691704
2024-05-01,-0.00604725363255421,0.0144096223757091,-0.0388996096942056,0.000625795324987966,-0.00480229504344021,0.0228571428571429,-0.00673201688335656,0.00663465310040934,0.0455770002587756,-0.0104612113789893,0.00122533970341876,-0.0189397460609732,0.00376446432315314,-0.00166602687882478,0.024488469594748
2024-05-02,0.0220317956425493,0.0073428897851251,0.0334291466003795,-0.00104239547129203,0.00108454091219157,0.0319553140821405,0.0107237617635503,0.016843609770937,-0.00833466081305823,0.0131994832489442,0.002692785302576,0.00180988653726977,-0.0519633361510364,0.0260110666225009,0.00349808295781617
2024-05-03,0.0598164245488528,0.0221696380240319,0.0346319790539114,-0.00600038289134686,0.00328856125677413,0.00806629213575971,0.0218163067668613,0.00372101236238853,-0.00433543721205898,0.00390538356061132,0.00378427917733726,-0.00206462360052806,0.00948477565282291,0.0130106638969909,0.0187363186401801
2024-05-06,-0.00910678477967031,0.0169181783622392,0.0377409494786707,0.00782129346874116,0.0155686540720303,0.013371946429287,-0.00163340247788879,0.00514252234678891,-0.00462251404920944,0.0158871922057031,-0.000121664148826306,0.00646558220704607,0.00712937906910738,-0.0115215493127933,0.0158255822094453
2024-05-07,0.00379715867167452,-0.0101562070353164,-0.0172128456282903,-0.00130210664484076,0.0138993796406488,0.000317952090959528,-0.00467441806290525,0.0187387958006229,0.000942229868411637,0.00847707217115734,0.00802736249293079,-0.00496794667550315,0.00792275010181331,0.0295214518742701,0.00982448703774086
2024-05-08,0.0018642089057328,0.0029316336971883,-0.00156801499508341,0.0203390808450405,0.00264044177288225,-0.00402624776940441,-0.00545954784653502,-0.0109198738213477,0.00154649977640764,-0.00144927852875654,-0.00416278350349208,-0.000172131908118156,-0.00532554394035567,-0.0174461048844927,0.0125087393225305
2024-05-09,0.0100140973599927,0.00433571710751224,-0.0184157488481641,0.0094556821285221,0.00487050595305871,0.00797872340425543,0.0254111735625591,0.00342438158964287,0.00604233423397371,0.0211321034755128,0.00587620705409853,0.0197158772299599,0.00502662326134096,0.0214392800570855,0.0237473675492106
2024-05-10,-0.00689012233886743,0.00586933298040582,0.0127440982214853,0.00643033560241602,0.00789812111486943,-0.0106596531528281,-0.00290712760056078,-0.00770770275419208,0.00040025006348765,0.00855646694107337,0.00487851048186472,-0.00405268645945145,0.0105385530743642,-0.00610263524993981,-0.0105926749131329
2024-05-13,0.0176454930791996,-0.00245950337340617,0.00579671701543383,-0.000201247638839108,-0.00480836384368255,-0.00485378933250447,-0.0157894474783152,0.00290524744792986,0.00873878907861458,0.0053269648649239,-0.00587362401115821,-0.000423834703344395,0.00089768039849436,0.00176768163584784,0.0107060809482109
2024-05-14,0.00617343878253251,0.00686451516259678,0.0105864636810153,0.0139888022003642,-0.0059059022514798,0.00267995915941155,-0.00134913000968562,0.00709481449140648,0.00105809653194266,0.00420563607361846,-0.00066302510772942,0.00607031880864284,-0.00614103293267199,0.00557196084530087,0.0112632086909972
2024-05-15,0.0122178655998622,0.0174841180270391,0.0358377704568311,0.00297750952052489,0.0135379446378769,-0.00577324952568636,0.0239938896491356,0.0127393523127142,0.00852153506514197,0.00519298339144969,0.00452452245034407,0.00773352326729326,-0.00298532199059298,0.0157923802528495,0.0216122405810455
2024-05-16,0.000632424841394474,-0.00494005286223576,-0.00286382434391375,0.00178137619795349,-0.00405733246739792,-0.0126888571463497,-0.0170359638792127,0.00968055326121409,0.0105456264337644,-0.0258860834027557,0.00810757479547886,-0.00598738876204785,-0.002622877367222,0.00727335254692196,-0.00830620140192284
2024-05-17,0.000158148284018056,-0.00185275400566953,-0.0199239304231035,0.0114581886467713,0.000929174950987433,0.00582689123225011,0.00431810943287503,0.0107934909890928,0.00233339190496262,0.0158245335926235,-0.00131052276036747,0.0150165110175946,0.00658599108785851,0.00640863020455806,-0.00418810070839892
2024-05-20,0.00616210223963898,0.0122081868786454,0.0248813967999515,-0.0449727667493118,-0.00556932023419576,-0.00628047472266302,-0.0185641606624056,0.00488472384205441,-0.0138852374187914,0.0181885628669245,-0.00196865366027998,-0.0081078093205984,0.00020806391606909,0.00493282131168793,-0.00289126048506161
2024-05-21,0.00685724201342408,0.00869882159223634,0.00639377084429515,0.0201453144584707,-0.00929867406165497,-0.0021248741632045,-0.00494340022543571,0.00525652701617885,-0.00019837333862327,-0.0101447315379064,0.00621615421539468,-0.00690972846983084,0.00561721288780737,-0.0129407689592389,0.0142347835407837
2024-05-22,-0.00753834783088503,0.00344966662922008,-0.00457090888614853,-0.0060646563864879,-0.00134080193003494,-0.000109140127425689,-0.0165404022311666,-0.00826540552324484,0.0149431910857005,-0.00871705138695666,-0.00320758472046379,-0.0201105536693917,-0.000574712060707916,-0.0124774230857048,-0.00818691370133195
2024-05-23,-0.021058138220343,-0.00817606351799538,0.0931964727196455,-0.00700929531190442,-0.00489892075966947,-0.011358061353112,-0.011192145031345,-0.0160450182759675,-0.0247558339496406,-0.0147216495391157,-0.0138252189248042,-0.0170589409828978,-0.00572693656741363,-0.032777807474754,-0.0131029931222767
2024-05-24,0.0165880793199713,0.00740038119032449,0.025722775138098,0.0192465841788703,0.000948070287594804,-0.00165701765645399,-0.00547577265054711,0.00829738403806024,-0.0182365288030695,-0.005132513894756,-0.000966667968741231,-0.000793040316326099,0.00756440175501361,-0.00842480449632188,0.0171271948585763
2024-05-28,5.27042724354221e-05,0.000371950271288446,0.0698042539406085,-0.00602877888789888,-0.0127871653177528,0.00774547107321921,0.0110735110990892,0.00805753779518148,-0.0176224130821897,-0.00696483340642751,-0.0134278724437373,0.0126961852811787,-0.0129715142949566,0.00238650500929771,0.0120087534845397
2024-05-29,0.00157893678544885,-0.00267247074398336,0.00811243100675285,-0.00696732563974878,-0.00782352061864233,-0.000713640562059581,-0.00848789520694571,-0.00283445603139476,0.000415455109940455,-0.0241290005602098,-0.00895101886066041,-0.0107087149991758,-0.00869944365762287,0,-0.0109634379358512
2024-05-30,0.00525512240257298,-0.0337861135422686,-0.0376661055491332,0.006158179018386,0.00907538111370809,-0.0148335176621611,0.0170548051358743,-0.0215461417739596,0.00581564150147118,0.00337163536623208,0.00575317109956108,0.00316823452324932,0.00922147811537188,0.0244763281521589,0.0196922227539369
2024-05-31,0.00501867972855874,0.00110930288117683,-0.00784620151603543,0.0165554839915396,0.00427566537618329,-0.0160607002296477,0.0172854716537627,0.00226580255422792,0.00956776700977002,-0.00215188429668822,0.0120555790735812,0.0286866908406194,0.0125782605263984,0.0271450383873477,0.0234045816877808
2024-06-03,0.00925873027866486,-0.0038782579214327,0.0489542924195883,-0.00399743566983268,-0.00763394782156956,0.0107684984708347,-0.0204856079451887,0.00388403735212517,0.0072951525393834,-0.0211508108956648,0.000668384431723457,-0.0239639150389738,-0.00273251866569713,-0.0279663484251704,-0.0225774526678141
2024-06-04,0.00164926931272213,0.00616657279110822,0.01249565714123,-0.0131800844349282,0.00754469531691626,0.00560726713319748,0.000762178674191372,0.00358017963876911,0.000406336163808696,-0.0114377745313744,0.0143335084850167,-0.0155526456234009,-0.00415743534007273,0.0127560881921638,-0.00720596753226743
2024-06-05,0.0078208526745005,0.01908332761714,0.0515559062459074,-0.00954014249363622,0.0076354108414356,0.0108174555649658,0.00609278560227899,0.0093218114077982,-0.0123817955838141,0.00573922523000192,-0.00574799729072317,0.00399403689127698,0.00913839661352567,-0.000275787282728701,-0.00129628562119621
2024-06-06,-0.00709647442834349,0.00120264124039915,-0.0117772940993488,-0.00177419397978451,0.00925313631906333,0.0205207482665097,0.00254351226258676,0.00752530535740137,0.0030828626060373,-0.00352089447288306,0.0145739588726117,0.00751426348735706,-0.00282698159161676,0.0116792743583642,-0.00454257141044889
2024-06-07,0.0123920661501609,-0.0015780885347757,-0.00090898415914098,0.01543840111165,0.0058834878488363,-0.00378376728779561,-0.0122923887051959,-0.0128446732133386,0.00450733243729795,0.00197996102645326,-0.00836945827162117,-0.010704634986653,-0.000345593451742787,0.00172718917322157,-0.0170795089009317
2024-06-10,-0.0191477634354845,0.00948452278810352,0.00746140090539349,-0.00170043005704024,-0.0130260875957776,0.0149755532345859,0.0169096952734469,0.00430404009028007,0.000340188185969481,0.00203677363674748,0.00173594712014125,0.00292671212623019,-0.00391984270496459,0.00880200568727774,0.0209575779079525
2024-06-11,0.0726491203063109,0.0112416727006259,-0.00714391974002559,-0.0263011192166717,-0.00134512538478104,0.000908789538992982,0.00950218746340248,0.00919944324017896,-0.00251485983343402,-0.00697786390330646,0.000776724482282054,-0.00804736019074026,0.00805549217837509,0.00368809354758559,-0.0549564282083738
2024-06-12,0.0285783443061751,0.0193676507499501,0.0354806672371495,-0.0145606346109727,-0.0158374453961565,-0.00181592878090642,0.0250804701145249,0.0066243448265888,-0.0091986931205259,0.00433832735468354,-0.0137329903552157,-0.0110545642430999,-0.00300822293779013,0.0110234033973129,-0.00659868657828855
2024-06-13,0.00549107299392237,0.00117896413664886,0.035223684253944,0.0111209008978175,0.00321857611019638,-0.0163732546877158,0.0108675204616553,-0.014792736309616,0.000275231446654978,-0.00720950362768158,0.00744654295322311,-0.00802311482599383,0.0129672819756039,-0.00381167808595617,0.0127315688936973
2024-06-14,-0.00816840437746802,0.00224192319004324,0.0175142093330334,0.000619838685083307,-0.00195448016161426,-0.000924757478387828,-0.00298950731893677,0.00930575998240357,0.000618821409658743,-0.014983428413054,0.00228346000561763,-0.00845149998345718,-0.00648008480370288,-0.000800857565158908,-0.00163975299077945
2024-06-17,0.0196715994459142,0.0131053293401409,-0.00682444017430284,0.00619240207594896,0.00188445250989311,0.00217790421707864,0.00766927263518724,0.00254550233375417,0.00281698496299621,0.0028927516879107,0.00425665261640717,-0.00687379563908341,0.00842192490477855,-0.000449044736411386,-0.0102654002186063
2024-06-18,-0.0109845241659319,-0.00452745776451802,0.0351197319876331,0.0103599794381337,0.00903504335863881,-0.00679126380843331,0.0125034274492795,-0.0121305792582512,-0.00205548623007701,0.00849901297511035,0.00632855928260589,0.00941303528919635,-0.00138442043197773,-0.0110532800303718,-0.0258608531798241
2024-06-20,-0.021512959827844,-0.00143386762204034,-0.0354032137381199,0.00847721526229872,0.0116948821447833,0.0179968742894785,-0.00121494541787837,0.00691088653344218,0.0146241788280399,0.0122716044803368,-0.00528020201542523,0.0215760126987572,0.00593166312780524,-0.0080872525706458,0.028676927431919
2024-06-21,-0.0104443677464771,0.00915403176025942,-0.0321916170242837,-0.0119293212102278,-0.00577984644935148,0.0160128728092652,0.0066770684180042,0.0188882658526954,0.00656386294134936,-0.00391947040868545,0.00351897952106195,-0.00877019308485039,0.000271089969074767,0.0021986657588895,0.00483009678179402
2024-06-24,0.00313259414653677,-0.00469119666148476,-0.0668404782116411,0.0131432332409156,0.00392390210365012,-0.0185635417434159,-0.013827952843813,-0.00228263782788884,0.00248725251717441,0.00658855573980044,0.00112927318156264,0.0297038975376296,0.000880892329097716,0.0203838266304979,0.014283706997853
2024-06-25,0.00446829607940047,0.00732687891662809,0.067564117885772,-0.00407288980712373,-0.0100250789869006,0.00414931822644471,-0.0357958097594806,0.0268385942928238,-0.0129425014246329,-0.00787870995225459,-0.00949845097256763,0.00280578146999377,-0.0044456794144786,-0.0161245772488375,-0.0117804638949208
2024-06-26,0.0199931669333508,0.0026832617576491,0.00245861489351129,-0.0032311805125671,0.000255780654131232,0.0390147279990187,0.0103453279843462,-0.000815091661651612,-0.00251383441396202,-0.00204635396551589,0.00359608840663972,0.00034980411973029,-0.00623341254124943,0.00528086093576996,0.00534402383643795
2024-06-27,0.00398610504833674,0.00152605925263827,-0.0190665009376729,0.00881328464669484,-0.0256214425062726,0.0218997235669518,-0.000965410048226034,0.00832056647930801,-0.00694724091767829,0.00223405378147312,-0.00495692203316622,0.00428275991323535,0.00410568441176506,0.0085135956654192,0.00477018929218609
2024-06-28,-0.0162542429111179,-0.0130286487218232,-0.00362923080150601,0.0155142343188175,-0.0154543460370731,-0.0232499669527879,0.00805301578981688,-0.0175825395983688,0.00246912096088003,0.0172234587849596,-0.0102027242918127,0.0019146556977474,-0.00320301308912296,0.00862154616302235,-0.0394737263712579
2024-07-01,0.0291045975248625,0.0218815242594841,0.00615187514529736,0.015771815873723,0.00293368433003161,0.0204398289689116,-0.0233848655092083,0.00461167492451708,0.00191551226267617,-0.0120683997933222,-0.013339834116083,-0.00138988708102339,-0.0224924930149972,-0.00320553466676243,-0.0128511361083462
2024-07-02,0.0162399437132217,0.00558323837208952,-0.0131134710574619,0.0164518901413326,0.0189561578859925,0.0141987986566385,-0.00362914378683254,0.012295608174437,-0.00279967288755856,-0.00401111522135578,0.00725175703243597,-0.00678485368897619,0.00268087952538054,0.0112551233634404,0.00815430878957502
2024-07-03,0.00581105003045956,0.00324417037567604,0.0457322982793533,-0.000670435098368394,0.00283330800976556,-0.0120500183105469,-0.00397023199231017,0.00313108971241505,-0.00232820085941943,0.00869530970914134,-0.000427032332871669,0.00507977408384486,0.0066265297007071,0.000795102840550177,0.0192990293674851
2024-07-05,0.0216203787364322,0.0147361654170963,-0.0190988093921062,-0.0132506084850045,0.00509302302234271,0.0121969922909868,0.00281727771458939,0.0257240339141778,0.0054224212892835,-0.00683573108465518,0.00842344894832969,-0.0121121493831281,0.00642114194259458,0.0102381794442732,0.00361964596868725
2024-07-08,0.00653880570238674,-0.00282313426486225,0.0188349465922746,0.00185551948140183,-0.0146470038434651,-0.00355003356933592,0.0150039418215919,-0.00823733495925727,-0.00682708849200331,0.00216219742388124,0.00792914674123879,-0.0104968553481865,4.60063628675567e-05,-0.000436694037384888,0.000277386649420119
2024-07-09,0.00377499259099379,-0.014370247110141,0.0248051728024103,0.0119902199731088,-0.00360359856508541,0.000250905983453009,-0.00739107564186647,-0.00026445633589034,0.0107920041445579,-0.00911689874258004,-0.00516450456570383,-0.0110536523387975,-0.0104189523073689,0.000349450851241384,0.000138824299380724
2024-07-10,0.0188035065461623,0.0146015901078578,0.0268684754688986,0.000818772652748434,-0.00919207671449707,0.00225743431578795,0.021032896008542,0.0116413551073724,0.0161850232827534,0.00742207919742066,0.0068815903667907,0.00883358260335476,0.0086965031239179,0.0182613328303303,0.0108152723029415
2024-07-11,-0.0232208788893924,-0.0247720939910717,-0.0556666534725289,-0.00168433382083855,-0.00171120088913046,-0.0237248630745311,0.0279215546040064,-0.02934396195638,0.00180680109211773,0.00806747937450836,-0.00755410756298536,0.0118836379376424,-0.000137902228981135,0.0332074592629021,0.0246913207803523
2024-07-12,0.0130507911486228,-0.00252931527836742,0.0144427283819817,-0.0120993322040531,0.0121500294733179,-0.00287104614115363,0.0169024478525175,-0.00269428627241453,0.00120272300651703,0.013468925863477,0.00646377792571484,0.000176523158455399,0.0133597211577698,-0.00215919386304153,0.0174029982473896
2024-07-15,0.0167434785205887,0.000903969254911541,-0.0061901489199353,0.0249341590049363,0.0101980208775125,-0.00910074668347494,-0.00364103258386816,0.00788870300185063,-0.0042703090351518,0.0303345892182074,-0.01218396518417,0.017127253123485,-0.00571817762925197,0.00823972243345561,-0.066184291246378
2024-07-16,0.00179192590402488,-0.00978041592233403,-0.016194336565724,0.0169959787361404,0.00298014343862585,0.00155667834089646,0.0297382823411496,-0.0139922956999448,0.0118601837418819,0.0428319096268861,0.0144000429993081,0.00720414381327239,0.0172304590661241,0.00288916897459202,0.0131040427133833
2024-07-17,-0.025296027461818,-0.0133476903239678,-0.0662394258161964,0.015213725750266,0.0128134081731301,-0.0263703838152174,0.00750441903840926,-0.0157677226780173,0.0368849847105615,-0.00770971394865583,0.0149148199398268,0.0137885351391485,0.00798689546869302,0.0141574811329099,-0.0139081366717514
2024-07-18,-0.0205349258226761,-0.00710212015396128,0.0262735339936941,-0.0317700466058535,-0.013018156396125,-0.0222422861634045,-0.0156230024313032,-0.0183957641786552,-0.00740858516110499,-0.00494683834128007,-0.00590183427972912,0.00986052788135439,-0.00723365825283073,-0.00478850874358749,0.0108605267747244
2024-07-19,0.000579943811415573,-0.00740299015217194,-0.0260961792191794,-0.000952494966633188,-0.0137098656599234,-0.00337412308673468,-0.00743006568539695,-0.000168852147431342,-0.00469680107112003,-0.0235935677675957,0.00314758230878676,-0.0229798192442604,-0.00289234285688522,0.00921539799364113,0.00460421189012261
2024-07-22,-0.00156040823608772,0.0133376615423002,0.0475705593883839,0.00238346979904946,0.00847578320928011,-0.00316715893403618,-0.000302786148476564,0.0225711171629088,-0.00290897409117252,0.00476577029529257,0.00172658214497168,-0.00689248496322215,0.0030355963570301,0.0235151886316189,0.0125001527250908
2024-07-23,0.00468833440219352,0.0043120459572028,-0.00768990585909446,0.000237802921792651,-0.0109071177259359,0.0211448948004518,-0.00999292276596886,0.000660611904480524,-0.0122538198356618,-0.0106362001085308,-0.00968816578321519,-0.0161359404898275,0.00293660810142948,-0.00773724445034896,-0.0108368735939797
2024-07-24,-0.0287542663576371,-0.0358547833662388,-0.0680316575162886,-0.0082727426528808,-0.0401073703055237,-0.0299340256500886,-0.0258886293993329,-0.0503877474759914,0.0257958738958817,-0.023621970672119,0.00828256766556801,0.0141080757047476,-0.00815817347927172,-0.0206873901452898,0.0457633342772783
2024-07-25,-0.00480446854130767,-0.0244812352936022,-0.0172428340234092,0.000383491144525516,-0.00169175839618907,-0.00541943105466891,0.0085068091563274,-0.0309912865778431,0.0214998500961991,0.0245802291990229,-0.00654779313824261,0.0210415678016371,-0.0016450553427233,-0.0215308398020442,-0.0261236268175522
2024-07-26,0.00216094240036724,0.0164196511789043,0.00694692863770729,0.0171083797915541,0.0225427489811971,0.0147344665362932,0.0176060168177778,-0.0016737507736625,0.00626429491176883,0.0179495439865716,0.0132417242359546,-0.000851408094780126,0.0188700909476909,0.0186830982759509,0.0111654552548845
2024-07-29,0.0012846526518886,0.00343314624452296,-0.0130020273269599,-0.00654927127436267,0.00824792784929396,0.00383559971639547,0.00600810508470584,0.0151496361824512,-0.0129484658816925,-0.0169764398080985,0.00484873175880729,-0.0104834168705682,-0.00316802211162914,0.0103520519027385,0.00107723350728195
2024-07-30,0.00256607945762166,-0.00892833100912271,-0.0704363484411524,0.0205834590457719,0.00573381813625518,-0.00813313460259479,0.0055850909341133,0.00448293703984759,0.0174699168218613,-0.00815625672693487,-0.0484317116296781,0.0178295678498945,0.00197795328549999,0.0172650397464709,-0.000807083135150877
2024-07-31,0.0149906905731827,-0.0108056999968351,0.128120953892211,-0.0111063625919939,0.00976827395620883,0.0290021948101644,0.0122907270023542,0.0073403335153357,-0.0215706658178981,0.0131101658890369,-0.00581341671242275,0.00355396475900838,0.00587782306875861,-0.000317209795226425,0.0284059339027978
2024-08-01,-0.016750725958201,-0.00296413881968483,-0.0667406308574507,-0.0227444815458769,0.000978617396816928,-0.0155631001701415,-0.0260213358748067,-0.00454683381444398,0.0184352672854664,-0.0424032578608579,0.0306671968104817,-0.0138290576849863,-0.000352720318214539,0.0132488431201228,0.0261814153205728
2024-08-02,0.00686947648997727,-0.0206659931551394,-0.0177639744765022,-0.0424120543232969,0.00244438504608757,-0.0878470841762542,-0.0087845496339809,-0.0240103656775692,0.0210250712857583,-0.0321248297646417,0.0264951829370055,-0.000598424786102614,0.00145580523911071,-0.0292828909816532,0.0103331193177325
2024-08-05,-0.0481670137513642,-0.0326568559684197,-0.0635779160629409,-0.0212915331527873,-0.0380374210032868,-0.0409767115790676,-0.0152490164051597,-0.0444618357941057,-0.0176068982837345,-0.0126841413382712,-0.011876812934941,-0.0180526619048852,-0.0231276687009315,-0.0406517398393337,-0.0318180331601626
2024-08-06,-0.00974824110319894,0.0112868781062905,0.0378297502061147,0.0279117975417555,0.00709730763355609,0.00565139969677642,0.011142359916426,-0.00602834929952833,-0.0141396515028009,0.030429296295309,0.000178333846326595,-0.00531508107547352,0.00487025959982046,0.017740103359414,0.00378171773541802
2024-08-07,0.0124982271332901,-0.00295292211993337,-0.0512228981670526,0.000299442638282521,-0.00673768623074955,0.00518749851586531,-0.0325221918017892,0.00410655323156206,-0.000440417144661476,-0.00196077924086424,0.0114821345849927,0.0133147107909348,-0.00852678533974427,-0.00743492145423352,0.00766542248399049
2024-08-08,0.0166332328115184,0.0106919189037598,0.0612676627734949,0.0182633892234032,0.0129034404899186,0.0186152159474355,0.0173482264989315,0.0194412364048229,0.00830726758244471,0.0317988412486003,0.00499924790578699,0.0191043599657348,0.0128548079668265,0.0153140513347199,-0.000257928681459352
2024-08-09,0.0137359970952124,0.00826936918518406,-0.00209567575375891,0.00852701230898645,0.00173548331373552,0.00687575011257735,0.000861049444836448,0.0101216652864267,0.0024963835612053,0.00624701018461038,-0.00193120317256434,0.00814323853360777,-0.0011619055334996,-0.000737809995480898,-0.00103156071564681
2024-08-12,0.00712987525799291,0.00194584731401171,0.0407636496960242,0.0018950862805458,0.000500453496850906,-0.000838620987187122,-0.00811730902120789,-0.00843159857430875,-0.00460698604799104,-0.00659272758175322,-0.0218717148988298,0.00126209478757544,-0.000536855465055774,-0.0156685702040948,0.00154925436415909
2024-08-13,0.0171930812334045,0.0176987772603339,0.0653091425683812,0.00848742863492546,0.000923406158893858,0.0205635048742592,0.0123191628285528,0.0115225382349629,-0.00931955286042063,0.00824333226625629,0.00287752322727486,-0.00957977460731996,0.0065356016021485,0.0224186453989341,0.00696038802793097
2024-08-14,0.00203381552080506,0.00688366008365282,0.0167038773724502,0.0110608080643104,0.00388289717527157,-0.0007636117446157,0.0159680408365857,-0.0230871783220729,0.000568265594182327,-0.00357122446716684,0.00902627740135387,0.00924817913950071,0.00329115857375628,0.00603189640930468,-0.00140802144730301
2024-08-15,0.0135305792465008,0.0118239165948002,0.0404811560890936,0.006230865324099,0.0216738094582836,0.044032862819634,0.0123994651774173,0.00579915935023778,0.00384892392443392,0.0238455581398322,-0.00521340927333125,0.00618646231664588,0.0109934097481466,0.0109383262196219,-0.00769124025986978
2024-08-16,0.00591842138182486,-0.00608036027139636,0.0139995923790956,0.0114394385736429,0.00217401072584722,-0.00298439546272911,0.00552669829729768,0.0102911917143915,0.00188591821886575,-0.00624942646923876,-0.000178386653839402,-0.00471660399579477,0.00149081567172882,-0.0153883287955799,0.0149848510006421
2024-08-19,-0.000707891547747641,0.00731237062639134,0.0435062106592792,0.00691683347806249,-0.0034032808438329,0.00655147225857999,0.00278967119997908,0.0227664046257183,0.00150573166717227,0.00340618152325689,0.00315676010839017,0.00304641256628657,0.00385248183204601,0.015058973275049,0.00992763016576381
2024-08-20,0.00274461423777317,0.00775745354610158,-0.0211536890691953,-0.00431662661371668,0.0058920004901184,0.00370330859380963,0.0115680299096783,0.00305991020964624,0.00332027677716606,-0.00391702147722872,0.0118157309378859,-0.0333246931837592,-0.00111194007404214,-0.0044104814656285,-0.0046628076827927
2024-08-21,-0.000485619244352309,-0.00155363186076418,0.00982284583924176,0.000373112645924545,0.000596808967389784,0.00687609399577593,0.00868564354126655,-0.00795546266206126,0.00792940426616373,-0.000961079207760229,-0.00146710195857735,-0.00637118665197212,0.00803361990569718,0.00257739811827418,0.00835644685121584
2024-08-22,-0.00825947018338191,-0.0202527611836939,-0.0370426357327592,0.00945933070152649,-0.000969293874263699,-0.0220975832216521,-0.0137667902554989,-0.012360644027071,0.00569929918425327,-0.00177853958196794,-5.88687303973989e-05,0.00772939915285398,-8.66896423705743e-05,0.0121315375502451,-0.00904056744076354
2024-08-23,0.0102880002773984,0.0029838899484036,0.0454984625693617,0.00775530455550655,-0.00186612870611413,0.00516657229371997,0.0279999260447745,0.0111113156776927,0.0109638330560811,0.0176712657055254,-0.00575944233832792,0.0138585574355266,0.00872844394933447,0.0228607276412909,0.00937663200873562
2024-08-26,0.00149875950112532,-0.00791767398161281,-0.0224934325679579,0.00393925160847131,0.00287907913946395,-0.00869856159361615,-0.00394057063235353,0.00326028095420483,0.00292449356306856,0.00789305444068145,0.00697526153065819,0.021406493228586,0.00584014415884737,0.000310264438431407,0.0123020543301877
2024-08-27,0.00374163009640061,0.000846495015080828,0.0145500842579627,0.00460833872591837,0.00935832644581325,-0.0135612813835471,-0.00248581840298712,-0.00890723634359114,-0.00257089279270573,-0.000113927437753181,-0.00645737061435026,-0.0095109321700797,0.0082825485916449,0.000310547692282892,-0.0127728470965366
2024-08-28,-0.0067534851081632,-0.00782894333722206,-0.0209665391420994,0.00504127598420645,-0.00565154834574066,-0.0134010636024987,-0.00131299894068004,-0.0111121118683853,0.00595282811476938,-0.00831613611024873,-0.00112261660444923,-0.00985725249572944,0.00105852718046084,-0.0158214446088523,-0.00251205046528491
2024-08-29,0.0145702016397702,0.00613719259206302,-0.0638484377157438,0.00415736974817804,0.0190571529313421,0.00772829064311953,-0.00912450490754124,-0.00657053291299103,0.00189104235492699,0.00987943116194434,0.00573751392940358,0.0138173947572562,-0.000232506139085764,-0.0123718163402698,0.00780746029110069
2024-08-30,-0.00343785871012037,0.00973084199445973,0.0151374126914192,0.0116557803965567,0.00747283214748595,0.037067191865005,0.00392334377732051,0.00989002837026476,0.00992509737968317,0.0126834772146183,0.00888082071581531,-0.00160828142363345,0.0116766627456886,0.0198674471403744,0.0125133673402609
2024-09-03,-0.0272052920720778,-0.0184591203732087,-0.0952500954792842,-0.0200178223201396,0.00785207921551168,-0.0126050420168067,-0.0102036172664931,-0.0368466638332521,0.0078379236640036,-0.0445381459642584,0.0173720869317857,-0.0209429243909467,-0.00878186860893404,0.00430301589980453,-0.00720421784845504
2024-09-04,-0.00861873608309127,-0.00131883350883455,-0.0165741437775024,-0.00440318344504642,0.00700061468215085,-0.0165673654975621,-0.000191923212394696,-0.00578287717670678,0.00119665679971637,-0.0102575657994232,0.00790736217322574,-0.0122110607244201,-0.00112138615763158,-0.000779066377827209,0.0143876427867233
2024-09-05,0.00692776061904099,-0.00124726459605484,0.00941530529150825,-0.00775074156785982,-0.00666700829833633,0.0263081838713555,-0.00773310945334993,0.00504950817353733,-0.0141611100679573,-0.00947290122148348,-0.00244463184902743,-0.00780288842087784,-0.0140004504116542,-0.00670448278428526,-0.00925006620165969
2024-09-06,-0.0070148787164791,-0.0163813410537852,-0.0408543236218126,-0.0237558999978448,0.00269184016978019,-0.0365394346073523,-0.00497436906819426,-0.0401934035085797,-0.00369732269437428,-0.012591502505819,0.000683854158349151,-0.00468317331622647,-0.0186241786657059,-0.00141284710575584,-0.00435685905582106
2024-09-09,0.000407341114668114,0.0100074817461215,0.0353982570830738,0.0204743238949208,0.0223360385344233,0.0233968990087885,0.0151924914633135,-0.0133360071479343,0.0135661362492816,0.0142095934984985,0.00267668245827379,0.0210404537451743,0.0136367816224372,0.0237364777432796,0.0151286408022413
2024-09-10,-0.00362125485479525,0.0209011632438063,0.015309303548305,-0.0518888662607636,-0.000945458426402257,0.0236602582650183,0.0146364229225737,-0.000336230001987015,0.00462164588443814,0.000359205425612519,0.00982635478040028,-0.0364316543383953,0.00138203952068827,0.0165068180702899,0.0136717441715815
2024-09-11,0.0115850155695776,0.021342241956628,0.0814987180245716,0.00812429834585582,-0.00483609590942458,0.0276803182190448,-0.00102466063368012,0.0168169478053199,-0.0152945512493576,0.002513535103841,-0.0217671617877259,-0.00992595464499046,0.00299752617954385,-0.0129155096275039,0.0137302345412926
2024-09-12,0.000494085110202658,0.00936094040720326,0.0191618351119436,-0.00304003280184806,0.00496541630525504,0.0134402540110345,0.0106347454637037,0.0233526471527932,-0.00109217386477589,0.0136716660065246,-0.00258765454047949,0.0137623680824979,0.00479450615414634,-0.00306069653677921,0.000359588360085095
2024-09-13,-0.00121201731607234,0.00840751472447621,-0.000335941697164333,-0.0110358871430122,0.00693846877140869,-0.00272724335206387,0.0148490887185604,0.0179068966534557,0.00534503949322351,0.0168739899237627,0.0035166241002802,-0.000719243895129451,0.00314557991891284,-0.00237934722851252,0.0142584151198952
2024-09-16,-0.0277751711126769,0.00174173759941576,-0.0194793478973689,0.0173256193274105,0.0108925826837474,-0.00857958097692413,0.00531602711284584,0.00381045190162022,0.00888105032744391,0.00767422355316949,0.0181525352870111,0.0140349482851123,0.013011635461974,0.00201527304754512,-0.000118453960702758
2024-09-17,0.00217246543210114,0.00883289870992843,-0.0101900825953628,0.00668727754301557,0.00371789631246489,0.0107631862173909,0.0032198944535955,0.00797179729172193,0.000479188574014744,0.0164674273305752,-0.00767325079585168,0.0130424138988212,-0.00684341159193791,-0.00317144275575554,0.00389902166855149
2024-09-18,0.0179898273098369,-0.00997360665184466,-0.0192057362544142,-0.00821977597128853,-0.0105637095009106,-0.00240802758600867,0.00200924425038362,0.00307540544630425,-0.00550677590172621,0.00404295338385863,-0.0111437931328442,0.00350337756487606,-0.00981637731361551,-0.0143555482377894,-0.00812044689840719
2024-09-19,0.0370655523791277,0.018291248619241,0.0396929284597589,0.0142146812664148,-0.0112313376139528,0.0184519797058016,0.016483774814215,0.0145799015333823,-0.00800475019085589,0.0512222141676024,-0.013684613571829,0.0123930172521263,0.00458214536971902,0.0116517434324157,-0.0236117779459268
2024-09-20,-0.00292743569607989,-0.00779602365694809,-0.0158649537422266,0.00289821265051771,-0.00164792863710961,0.0091115554369734,-0.00122975719414542,0.00894283509404126,-0.00400437690435362,-0.0120274955840474,0.0156233306451536,-0.00629319497803826,0.00584014315004611,-0.0235797698254543,0.0057114640171374
2024-09-23,-0.00758102082845624,-0.00404333842314575,0.0022414767301624,0.00165815769295086,0.0135549224720484,0.0118997844815572,0.00538654438444008,-0.0106363962982358,-0.00572625496880985,0.00637170906557083,-0.00258310629624769,0.0181313762112194,0.0115487381964927,0.00924527413530329,0.0248912085901527
2024-09-24,0.00397402996926655,-0.0100114077546846,0.0396524384390142,0.00070926924362813,-0.0549145057889814,0.000412635800700833,0.0221961820183476,0.0027186840794351,-0.00269562260336198,0.0397662023180714,-0.00304994263690794,-0.00264152073300239,0.0041688971684064,0.000394749102020864,-0.00624859027452573
2024-09-25,-0.0043980955932087,0.00685037875395178,0.021841579106493,-0.00661650695623694,-0.0115478636673663,-0.00737269480857405,-0.0093095490611752,-0.00492952205583341,-0.0133921424083355,-0.0199000180660946,-0.00565689919151302,-0.0194788403233649,-0.00488166655959399,-0.0101831527617924,0.00391530746094637
2024-09-26,0.00508016652446153,-0.00185132801542243,0.00429125855198209,-0.00195059206134907,0.00764015578564869,-0.007115748848874,-0.000579418166714141,0.00767840173692469,0.004918759334124,0.0336020618396424,0.00551490901788454,-0.0171646713710439,0.0097900808278657,-0.00127598609148705,-0.013708423245368
2024-09-27,0.00118664610273278,-0.00762798276795063,-0.0212835739303633,0.0034322207644657,0.0128088317773047,-0.0166876039981921,0.00713375296871921,0.00749723379097822,6.20767714010206e-05,0.000306988611338488,0.00196294522488372,0.0267730288041688,-0.00450502422685439,0.00287478209892233,0.0129403337646132
2024-09-30,0.0228720112078671,0.00532684070378697,0.000329624807445805,0.00171008939144834,-0.000799630659120587,-0.00872479320635233,0.01419169441646,0.011588887564266,0.00408922812326318,0.000102138166945487,-0.00201681845079871,0.0120877033960527,-0.00552650675055055,0.00549409162042935,-0.000118416640285335
2024-10-01,-0.0291416378506753,-0.0223331588716641,-0.0365613678392828,-0.0181162857229465,0.0096381735939326,-0.00644017032388711,0.00950152474569133,0.0068735816503378,-0.000431945736642958,0.00324713416537437,-0.000923693901565326,0.0231188269245757,-0.00385858477958001,-0.0132246359165439,0.00875429514606618
2024-10-02,0.00251980796513984,-0.00846236472695439,0.0158119466719322,0.00120754499053533,-0.00216140660043074,-0.00199865157574419,0.00540275423287873,-0.00676675491415124,-0.00506209392505974,0.00423044236497594,-0.00647248678908163,0.0132577381288281,0.00172625186895203,-0.00345077098780655,0.00187654797174885
2024-10-03,-0.00489457872197219,-0.00141439267916532,0.0336559364926563,-0.00993772812152316,-0.000505483998132439,-0.0151547297911678,0.000778030359900761,0,-0.00415692561596603,-0.00751157758370236,-0.0104700947975891,0.00872289149206806,-0.0127984676363631,-0.0172331188162106,-0.00444802740395633
2024-10-04,0.00500728890156754,-0.00115227299113185,0.0168498182183876,0.0354936713764151,0.00386488024208376,0.0250054277043616,-0.00782350755183792,0.00723475670059437,-0.00130863282191618,0.015341687813605,-0.00728884915419248,0.018355415064772,-0.00334218380150253,0.00311377768046439,-0.0141096560666069
2024-10-07,-0.0225308780170771,-0.0156709002173165,0.0224142540786731,-0.00137298548739895,-0.0148959863449929,-0.0306149355168677,-0.000734622759648418,-0.0244221514947852,-0.00474136813552206,0.00292119400929947,-0.010421592689427,0.00432594812980591,-0.0105514564083869,-0.0197680079721437,-0.0424567158949918
2024-10-08,0.0184041683633338,0.0126239950599158,0.0404791265016726,-0.000853423805796671,0.00427333262354379,0.0106194587197859,0.0149978570216158,0.00859014175826944,0.00100299120368441,-0.02583810592816,0.00622311632634731,-0.0265614292297117,0.0133840223955215,-0.00549996827084043,0.00261565978884226
2024-10-09,0.0166983352573471,0.00663094204406556,-0.00180594194735939,0.0126689952970984,0.00716476999392746,0.0134084770789975,0.00456329091832819,-0.0153304138865881,0.00601171559326175,0.021213625011842,0.00660074888231743,0.000409584449414746,0.000276947435977171,-0.00418978029133099,0.000993770461643395
2024-10-10,-0.00217832561654485,-0.00388056491781585,0.0162835755031727,-0.00271759090871393,0.00194996121219315,0.00799263240359682,-0.0146851099373791,0.0013591629675036,-0.000871573936400027,0.00113579339266057,-0.00189046941773252,0.00860028372015065,-0.000319435466530238,-0.00471219935980827,0.00446757759733241
2024-10-11,-0.00650530886999878,0.00115443639484858,-7.41096682360665e-05,0.0443995983153003,0.00133346775188437,0.0116261103600028,0.00473219727059382,0.00715699251593138,0.00591868696888387,0.0135639018953786,0.012666495531729,0.00381675834289585,0.00984186295456757,0.0165708510082077,0.0113664848475699
2024-10-14,0.0164798781256752,0.0067736554105251,0.0242581305069238,-0.00364382546292863,0.0102217171267251,-0.0067790169920291,0.00854581597021675,0.0105365483195836,0.000867002028491548,-0.0200737324291818,0.00829970703040428,0.00380231189512936,0.00746773628506703,0.00182961859401298,0.0128266765450524
2024-10-15,0.0110246804205705,-0.000954381891653866,-0.046860369431921,0.00410859617184611,-0.00495225544989797,0.000799878216080296,0.000385042234392508,0.00303108407457797,0.0154705190100279,-0.0151286021700718,0.00614462497949697,-0.0300612345856422,0.00655385051755286,0.00772048022928118,-0.00144717955675855
2024-10-16,-0.00885195122110094,-0.00625686219364108,0.0313070179497477,0.00562085666119128,0.029467441169434,-0.00426236369200095,0.00729087784905835,-0.00181306175266227,0.00109676943784343,0.0145106138511752,-0.00685615127865413,0.00257589429039728,0.00680248612258549,0.0459675864557176,0.0193258428284302
2024-10-17,0.00159633072956233,0.0014416645832358,0.00891548668296593,0.00348771114795632,0.00998198248283177,0.00342447103503973,-0.00719021747930959,-0.0135022259023394,0.00115665061356807,0.00221020966993146,-0.000580078268057616,-0.0025692761067434,0.00429771198215945,-0.0336300459759917,-0.00722829566945737
2024-10-18,0.0122765371718709,0.00345584719287539,0.00781411403187393,0.00423313918095469,0.000791963364013659,0.00778545685154874,-0.00144380478040218,0.00300754801184011,0.00395198389513185,-0.00159693148109363,4.11310323449321e-05,-0.00282509589226276,0.000802368601909631,-0.00163003243246806,0.00716153008952536
2024-10-21,0.00629783052610611,0.00148259568038966,0.0413769048997501,-0.0105160449781083,-0.0129721012258577,0.000423312496583783,-0.0207229090258271,0.00397744774622266,-0.0138687019993702,-0.0050197167988969,-0.0101591340927741,0.000583321110205315,-0.00635223543482955,-0.0386122994723059,-0.0041478382509007
2024-10-22,-0.00262170559340569,0.0208463445483993,-0.00083519855687908,0.00502232660904767,-0.00718139814961205,0.00333204421441158,-0.0111958031587611,0.00652155609644312,0.00380769936139691,-0.00517315101815952,0.000943784925070856,0.00516316898362001,-0.00291701551986812,0.00993474638742731,-0.00392722900607789
2024-10-23,-0.0216230056709172,-0.00680685871939513,-0.0280660973192596,-0.0031678754708413,-0.00361672622209175,-0.0263046405622055,-0.00549947612235568,-0.0142908624958792,0.0147444550992453,-0.00702770402927577,-0.000707218449268798,-0.00356247561627265,-0.00937863260158089,0.0158903688311971,0.0150538014929071
2024-10-24,-0.000823396818257049,0.000306054118428323,0.00609073259921056,0.00702745033239771,-0.00190313539728126,0.00904118947671462,0.00760659991615653,-0.000368525748801529,-0.0132039540193273,0.00344789971509241,0.000236032204233849,-0.00565408507951348,-0.00622080144295512,-0.00364150333302171,-0.0253060016881209
2024-10-25,0.00364317516923274,0.00805226377179791,0.00804780498807656,-0.0118677501834898,-0.00526091049112987,0.00777978812241087,-0.00936217537544437,0.015671045813854,-0.017046364852731,-0.00281609593858767,-0.00825379745192567,-0.000836087074401304,-0.00147526915259943,-0.0236729963330883,-0.016664518262042
2024-10-28,0.00859947363920743,-0.00364364587301214,-0.00720624545596638,0.0143493603637199,0.00873165054265623,0.00298140634155697,0.00997718474397868,0.0087736555664728,0.00447528576001122,0.0120216682673,0.00642029871611149,-0.00493773590788427,0.00472812707263071,0.00229706130511276,0.0176837710563262
2024-10-29,0.00115681707595949,0.0125648230445246,0.00519485270580478,-0.0115300686378517,-0.00812827432579766,0.012951868195294,-0.0194097480762726,0.0177540517608614,-0.00934396862160047,-0.00793623879524219,-0.0125813659906591,-0.0136248269394396,-0.00281515463277016,-0.0212206215836245,-0.0399421356620477
2024-10-30,-0.0152779161476015,0.00134275650327265,-0.0135221466460606,0.00677454485720141,0.0293742802455135,0.00995647371091302,-0.00645451144938847,0.0281706173498011,0.00324806708667613,-0.0213415051013227,-0.00604161379145218,-0.00503071230022756,-0.00265453702089136,0.00485645423118219,-0.00590754803290428
2024-10-31,-0.0182095503531156,-0.0605276399971246,-0.0472226330625959,-0.0110958744650596,-0.00106824706592379,-0.0328438850795356,0.00313367940105858,-0.0192019646137702,-0.00466954321975044,-0.00801580576788896,-0.00589795809819227,0.000771262685420382,-0.0364386066544823,-0.0252869077352104,0.00202328170705912
2024-11-01,-0.0132796264592966,0.00989296247762939,0.0198855032385739,0.00459629019671004,0.00307040667257974,0.0618562186525604,-0.00294618869167762,0.00105184520121782,0.00168899056843408,0.00911743126197995,-0.000484445124231403,-0.0156705340089079,0.00254310151520887,0.00407295273632235,-0.0239749563697153
2024-11-04,-0.00403749758670258,-0.00465436852983925,0.0048006582726805,-0.0141741294209448,0.003817922810472,-0.0108623956754557,0.00759074803015913,-0.011967922154278,-0.0118028982381755,-0.00819229529832166,-0.000121121493876997,0.0318400181043645,0.00220865134231696,0.00405635972222185,0.01318680628831
2024-11-05,0.00648619795236605,0.00734464194424644,0.0283719207814659,0.00778037239369578,0.00493381860237374,0.0190009257528736,0.0114263879351897,0.00295442942422852,0.000695114128395735,0.0181929616642307,0.00411930855204834,0.00295075700503022,-0.00748395214519482,0.00500621930548339,0.00357278171902253
2024-11-06,-0.00326699160993582,0.0211927977050033,0.0407404147035328,0.11544555556055,0.0481093467892071,0.0380450944255168,-0.0292934078269709,0.0398844485829055,-0.00296822893435789,0.0874090869919399,-0.0284146403657077,0.0171487056980031,0.0170150191992644,-0.00602984257234063,-0.0525109717484488
2024-11-07,0.0213721641799809,0.0124946696039792,0.0224572246342396,-0.0432284017582553,-0.00520483408955208,0.0142933351016994,0.0285039081667666,0.0240213039066883,-0.00728397069394671,-0.0207973296591175,0.0146538394166738,0.00123978515051748,0.00613892264941218,0.004132031483012,0.00134186963404193
2024-11-08,-0.00118820755910232,-0.00679306749485942,-0.00839604685656159,0.00253826399376211,0.0067691989141403,-0.00890269149634704,0.0161725108574495,-0.0132778714327856,-0.00803933020346148,-0.0363538799402834,0.0263142605060254,-0.000330276091744075,-0.0128687659795338,0.0141845036982535,0.031492763223824
2024-11-11,-0.0120286015596923,-0.0107208327577235,-0.0160536824445746,0.00974757779297009,0.00990677720437061,-0.00643672007414053,0.00588822285779056,0.0112139029720573,-0.00276586640918086,0.00805859093507566,-0.0100172993186908,-0.00528441706824134,-0.00661607052578317,-0.0149357913487115,-0.013771425687483
2024-11-12,0,0.0120091890289633,0.0208591844165589,0.0011283845510246,-0.00154669162521881,0.0100077710349464,-0.0127606909942066,0.00704166311663967,-0.0154797413941326,-0.00890199015576243,-0.0011443534301866,-0.000996151047369831,-0.00186227344101431,-0.0118315790817511,-0.0217363840157411
2024-11-13,0.00396915210652882,0.00512967749372217,-0.013621704428844,0.00667889827401869,-0.00119414655641836,0.0248432451793958,0.0176392139241062,-0.0150862360706512,0.00393083561201357,-0.0151140626740996,0.00446217342600974,0.0093062300400466,0.00142662710407215,0.0338802108846541,-0.000269618741226996
2024-11-14,0.0137705108748318,0.00397462052023156,0.00334989487777571,0.00294410351333751,-0.0039745575566047,-0.0122373204170289,-0.0108971872337389,-0.0184483152875778,-0.00894021796826572,0.000749178633206338,0.00300132607345671,0.000663968470236753,-0.00602742209258256,-0.0156128740329858,0.0140090212554802
2024-11-15,-0.0141092236795425,-0.027852640315973,-0.0325705152222725,0.0142224951276557,0.00450959428496511,-0.0419424782314408,0.00606313461018759,-0.0175987179355906,0.0140249995598594,-0.00849340027122103,0.0147235029841999,-0.0103683011537355,-0.00968045671147288,-0.0115904374078227,0.0142135681771052
2024-11-18,0.0134222379363254,0.00183137049438553,-0.0128890411415038,-0.00114140749110669,0.00813832455680674,-0.00449140545564408,0.0055368924283723,0.0162907094023079,0.00500018564916282,0.0010152823898697,0.00713712560357038,0.00838157033703379,-0.00118014479967921,0.010844685979722,0.000523734411852494
2024-11-19,0.00114021065857006,0.00488250646317168,0.048947686154041,-0.00791739711949946,-0.000993156363243042,0.0144273857518009,-0.00886871535162759,0.0160867273608127,-0.0114364338216469,-0.00554032766902435,5.84161770991187e-05,-0.0139639791583441,-0.0100543271969606,0.00418661781502783,0.00903284122489478
2024-11-20,0.00315409158331459,-0.0055052064806731,-0.00761854014059182,-0.00950264070229079,-0.0143016103303696,-0.00845508881471324,-0.0167156740183749,-0.0120143666182649,0.000719131281831764,-0.00217072842661314,0.000761334912634526,0.0142459981672562,0.0136920517315176,-0.00512468127136634,-0.00259492119902049
2024-11-21,-0.00209616112305699,-0.00431670499998993,0.00534646410907658,0.0165296833802093,0.00816540633405149,-0.0221805988352538,0.0261250046180808,-0.0474484272265441,0.0156096409431219,0.0212058245348818,0.0108842408046697,0.0133809818021813,0.0109520488488646,-0.0049763570932394,0.00624369780009992
2024-11-22,0.00590756790952285,0.0100031546946877,-0.0321809697487347,0.0154844952956901,6.46513084556766e-05,-0.00635149578894967,0.0232671412103493,-0.0171211533023289,-0.00212219087826671,0.0202777071543465,0.0204342613017459,-0.00114817658151201,-0.00063733581787373,0.0160567410371844,-0.010996266125688
2024-11-25,0.0130508225941017,0.00429255556402985,-0.0417754327172376,0.00700058825160088,0.0105510499322252,0.0219663247682231,0.0206428016493987,0.0175406347281588,0.00393110176104972,0.0205288799649783,0.00629676777606902,-0.0149437845115561,0.0020009869919313,0.0196028855536985,0.00842100564436166
2024-11-26,0.00940446940493267,0.0219681658727908,0.00661683661308765,-0.00127850181736167,-0.00437439230154346,0.0318193286632626,0.00198291466347378,0.00876825478587362,-0.00012934835621603,0.0053740039521899,0.0108236042500163,-0.0166708530251904,0.00199699103883955,-0.0160921713009158,0.0110908200267059
2024-11-27,-0.000553161573395466,-0.0116825931054224,-0.011539832098527,-0.000720263601431848,0.00923610352979254,-0.0101991489991458,-0.000187285694753681,0.000650453868519696,0.00569516621294097,-0.0101267817530997,0.000278762394970711,-0.00262771414310958,0.00113894184892249,0.0140311442053906,0.0132920726649213
2024-11-29,0.0102159283040781,0.00111122496662786,0.0215015874576994,-0.000280012680917707,0.00120747743913396,0.0104500526833893,0.00454140671919023,-0.00165463275379263,-0.00250982480890205,0.00596973695496716,-0.000557547945909787,0.00254967767488168,0.00846593764109205,-0.00865878721884306,0.00191045064623085
2024-12-02,0.00952258894949942,0.017758476132808,0.00274875040199829,-0.0138955819582596,0.00498285958321709,0.01356490130597,-0.0050568391731669,0.0150339737794036,-0.0013548128326536,-0.00886458907337173,0.00245454378192655,-0.000932520188131836,-0.0028198995818095,-0.0080492815019948,-0.0203381589740189
2024-12-03,0.0127717980327089,0.000510460418643666,0.0117578256746758,-0.00580711998384331,-0.0114952068641205,0.0129561750299132,0.00559780069934335,-0.000874610464125958,-0.015762253417381,-0.00807421779055117,-0.0238173854627552,-0.00152735397869552,-0.000392951462112046,0.00483423465263222,-0.0101206221784591
2024-12-04,0.00148361975604105,0.0144247188483126,0.0347924364391921,-0.0058002441786803,-0.0099359061107398,0.0221139484947246,-0.00333062027750575,0.0176843724429709,-0.0124048701611285,0.000626227406106183,-0.00176725547497347,-0.0288094655127503,0.00290336616215581,-0.0115978618126038,-0.00720953380708445
2024-12-05,0.000123457094643564,0.0118879228026245,-0.000482267320512264,0.00854566562678527,-0.00264611420194694,0.0109552592112627,-0.00322502398753488,-0.00992172246530354,-0.00631336783321457,-0.011339074969584,0.00525391659673691,0.00437531218064913,-0.023658859304051,-0.0109517856536187,0.00607343871198651
2024-12-06,-0.000822861380931128,0.00214639207554401,-0.0180613202149578,0.00765851119289174,0.00624439990208558,0.0293810729443444,0.0113238047744291,0.0119904002033602,-0.00140466488953328,0.000126650000946915,-0.0125546664250944,-0.0105419841592235,0.00191730368490362,-0.0157307493999467,-0.0125984084166487
2024-12-09,0.0161010996068949,0.00552334516732933,-0.0254846889731177,-0.0143516793276646,-0.00871357789754124,-0.00414043274659948,-0.00507703076044563,0.0049280766595956,0.00194247841024775,0.0107081047708655,-0.017431972045031,-0.00589941770929281,-0.0152635592729176,0.0305356423413317,-0.00717701713372343
2024-12-10,0.00413373197545863,-0.00603113140054679,-0.0269432442238419,-0.00389648160318168,0.0132339475993482,-0.00464418182478354,-0.0153546840502101,0.0558818342576155,-0.00247340451950406,-0.0272254355430345,0.00872419028866678,-0.0020372416171559,0.00503865386171998,-0.0196672138058853,-0.00749654439425629
2024-12-11,-0.00516597589521406,0.0127669368109657,0.0313911173426895,0.002758801361747,0.00451371440499737,0.0231958824050711,-0.00286338628551097,0.0552465126996666,-0.0173556911792199,0.00123590795298467,-0.00957732578157999,-0.00665660669951418,-0.0096220578904751,-0.0105171130877881,-0.00215798576718285
2024-12-12,0.00596374080012674,0.00126950912497592,-0.0141410924537243,-0.00821255753374872,0.00140223308895671,-0.00560233352257167,-0.016517059467724,-0.0176048862105296,-0.00272775227785782,-0.020804083777061,0.00128934382336188,-0.000893456759259226,-0.00460799434624881,-0.00276875243221741,-0.0102731981778602
2024-12-13,0.000685479639568776,-0.00509382621573562,-0.0224988821738872,-0.00658294154999317,0.00162303750953341,-0.0065947263780658,0.00617727592819528,-0.0111480214534668,0.00259819582785181,-0.000708923273973205,0.00122920786048297,-0.00876405256440138,-0.00729770255955575,-0.00465738229558343,0.00546297137026186
2024-12-16,0.011727677306054,0.00965864456504795,-0.0167598300131688,-0.00150041496705589,0.00365370216212169,0.0240481218695954,-0.0150368356489191,0.0360340881746415,-0.0188920998367571,-0.00417849657999392,0.00046760562800241,-0.0213822081999088,-0.016080886452749,-0.0117998486661144,-0.0112742094065346
2024-12-17,0.0097196439516205,0.00635525597261899,-0.012196987643767,-0.00509216408695523,0.00762925049117968,-0.00764177579215608,-0.00545388420790371,-0.00630541884223856,0.0177962969812877,-0.00823404917727366,-0.00473299577808017,-0.0042408139685115,0.00443606799219287,0,-0.00714391659360036
2024-12-18,-0.0214218323856229,-0.0375610393353676,-0.0113504020552488,-0.0335207101592088,-0.0267672312594169,-0.0459874103599754,-0.0358654341304178,-0.0359226139097732,-0.0113381788171009,-0.0316923135616977,-0.00733863909617605,-0.0147208504035679,-0.018433226897554,-0.0455590200130327,-0.0242145828105228
2024-12-19,0.00701464884962788,-0.000822973952715245,0.013730238912613,0.0112427632754601,0.0164634268668586,0.0125611688735932,-0.0223452489709286,0.000583791231172137,-0.00808279619864283,-0.00967322657441427,0.000650534423024318,-0.0085510033346563,-0.00634660702160805,-0.0241554979490819,-0.010635319406132
2024-12-20,0.0188159295429882,-0.000983993121958848,0.0307623128449095,0.0199175833959855,0.00898766759759795,0.00729994595290151,0.0196871150775073,0.0153839302099918,0.00619866188852924,0.0157336642485157,-0.00667883110140999,0.00341189717433976,0.0112490727007108,0.0189349477585135,0.0272323963971894
2024-12-23,0.00306490571530116,-0.0030920730728663,0.0368968464732742,0.00332489505696043,-0.00154239213546425,0.000622440826907988,-0.000382008467515238,0.0168224020288912,0.00553744861938732,-0.00177551547807231,0.000297327576680217,0.00406169929890754,-0.00466644230644664,0.00793651163401043,0.0114411976438542
2024-12-24,0.0114781016667986,0.00937379674237171,0.00393798290320424,0.0164435638964695,0.0108127412096282,0.0177286303050157,0.00940248160174262,0.007604226911746,0.00399255825331468,0.00596613099181686,0.0049372564336192,0.000940693073876009,0.00814530442132355,0.00537720059552038,0.00579412389978784
2024-12-26,0.00317557410401115,-0.00277681243312278,-0.00206829982742895,0.0034253992815414,0.000810746909268412,-0.00873171784917226,-0.00252439507734892,-0.00260047725374823,-0.00185139496075248,-0.00122425590289255,0.00722161010981814,0.000845858432946933,-0.00340550618942537,0.020917008480529,-0.00740637341520789
2024-12-27,-0.0132419896242946,-0.01730164550965,-0.020867777133697,-0.00810236828208144,-0.00701111426702838,-0.0145342568042404,-0.00577012554198297,-0.0145195680836921,-0.00364050935959281,-0.00615603495350314,-0.00370238886835095,-9.3795403737329e-05,-0.00315804574794065,-0.0154363265882355,-0.00359285401508991
2024-12-30,-0.0132635263548604,-0.0132394951600365,0.00350370055899751,-0.00767087795562071,-0.0105130607686175,-0.01094970703125,-0.00873084022684401,-0.00788533805026748,-0.0117889606830847,-0.0050704161344407,-0.0143927641794699,-0.00676193425477145,-0.0125773912509258,-0.00133030625325503,-0.00485352793822058
2024-12-31,-0.00705785333586606,-0.00783846339434824,-0.0232744842246378,0.00162963305357278,0.00231536230929041,-0.00863083432340783,-0.0011298327883581,-0.010144323747732,0.00892980860093529,-0.000688762177941227,0.00335139409217144,0.0171142897705536,0.00241819314002489,0.00570875444379149,-0.00097552953396618
